image_id,x,y,building_pixels,building_percent
img795,0,0,0,0.0
img795,256,0,0,0.0
img795,394,0,0,0.0
img795,0,256,0,0.0
img795,256,256,0,0.0
img795,394,256,0,0.0
img795,0,394,0,0.0
img795,256,394,0,0.0
img795,394,394,0,0.0
img1158,0,0,0,0.0
img1158,256,0,0,0.0
img1158,394,0,0,0.0
img1158,0,256,0,0.0
img1158,256,256,0,0.0
img1158,394,256,0,0.0
img1158,0,394,0,0.0
img1158,256,394,0,0.0
img1158,394,394,0,0.0
img905,0,0,16437,25.08087158203125
img905,256,0,13592,20.73974609375
img905,394,0,5964,9.100341796875
img905,0,256,10313,15.73638916015625
img905,256,256,12328,18.81103515625
img905,394,256,12457,19.00787353515625
img905,0,394,16366,24.9725341796875
img905,256,394,15647,23.87542724609375
img905,394,394,11431,17.44232177734375
img1673,0,0,0,0.0
img1673,256,0,0,0.0
img1673,394,0,0,0.0
img1673,0,256,0,0.0
img1673,256,256,0,0.0
img1673,394,256,0,0.0
img1673,0,394,0,0.0
img1673,256,394,0,0.0
img1673,394,394,0,0.0
img1372,0,0,0,0.0
img1372,256,0,0,0.0
img1372,394,0,0,0.0
img1372,0,256,261,0.39825439453125
img1372,256,256,5403,8.24432373046875
img1372,394,256,482,0.7354736328125
img1372,0,394,1584,2.4169921875
img1372,256,394,7679,11.71722412109375
img1372,394,394,3707,5.65643310546875
img1730,0,0,15386,23.4771728515625
img1730,256,0,18695,28.52630615234375
img1730,394,0,16013,24.43389892578125
img1730,0,256,18393,28.06549072265625
img1730,256,256,9686,14.7796630859375
img1730,394,256,8915,13.60321044921875
img1730,0,394,17738,27.0660400390625
img1730,256,394,13721,20.93658447265625
img1730,394,394,14974,22.8485107421875
img519,0,0,14432,22.021484375
img519,256,0,12274,18.7286376953125
img519,394,0,8868,13.531494140625
img519,0,256,14861,22.67608642578125
img519,256,256,11322,17.2760009765625
img519,394,256,8303,12.66937255859375
img519,0,394,15346,23.4161376953125
img519,256,394,17144,26.15966796875
img519,394,394,6504,9.92431640625
img1112,0,0,0,0.0
img1112,256,0,0,0.0
img1112,394,0,0,0.0
img1112,0,256,0,0.0
img1112,256,256,0,0.0
img1112,394,256,0,0.0
img1112,0,394,0,0.0
img1112,256,394,0,0.0
img1112,394,394,0,0.0
img165,0,0,7253,11.06719970703125
img165,256,0,11297,17.23785400390625
img165,394,0,6,0.0091552734375
img165,0,256,12179,18.58367919921875
img165,256,256,0,0.0
img165,394,256,0,0.0
img165,0,394,4040,6.16455078125
img165,256,394,0,0.0
img165,394,394,0,0.0
img381,0,0,0,0.0
img381,256,0,5764,8.795166015625
img381,394,0,6357,9.70001220703125
img381,0,256,0,0.0
img381,256,256,0,0.0
img381,394,256,0,0.0
img381,0,394,0,0.0
img381,256,394,0,0.0
img381,394,394,0,0.0
img233,0,0,0,0.0
img233,256,0,0,0.0
img233,394,0,0,0.0
img233,0,256,0,0.0
img233,256,256,0,0.0
img233,394,256,0,0.0
img233,0,394,0,0.0
img233,256,394,0,0.0
img233,394,394,0,0.0
img276,0,0,3011,4.59442138671875
img276,256,0,7011,10.69793701171875
img276,394,0,8793,13.41705322265625
img276,0,256,604,0.921630859375
img276,256,256,8156,12.445068359375
img276,394,256,11564,17.645263671875
img276,0,394,6539,9.97772216796875
img276,256,394,13982,21.3348388671875
img276,394,394,12374,18.8812255859375
img1605,0,0,2103,3.20892333984375
img1605,256,0,23,0.03509521484375
img1605,394,0,0,0.0
img1605,0,256,4773,7.28302001953125
img1605,256,256,5820,8.880615234375
img1605,394,256,6267,9.56268310546875
img1605,0,394,5816,8.87451171875
img1605,256,394,6464,9.86328125
img1605,394,394,8879,13.54827880859375
img1626,0,0,0,0.0
img1626,256,0,0,0.0
img1626,394,0,0,0.0
img1626,0,256,0,0.0
img1626,256,256,0,0.0
img1626,394,256,0,0.0
img1626,0,394,0,0.0
img1626,256,394,0,0.0
img1626,394,394,0,0.0
img418,0,0,8490,12.9547119140625
img418,256,0,9468,14.447021484375
img418,394,0,10217,15.58990478515625
img418,0,256,12498,19.0704345703125
img418,256,256,11148,17.010498046875
img418,394,256,9306,14.1998291015625
img418,0,394,8037,12.26348876953125
img418,256,394,8443,12.88299560546875
img418,394,394,13289,20.27740478515625
img962,0,0,12742,19.4427490234375
img962,256,0,9944,15.17333984375
img962,394,0,13538,20.6573486328125
img962,0,256,21940,33.477783203125
img962,256,256,12564,19.171142578125
img962,394,256,12808,19.54345703125
img962,0,394,27223,41.53900146484375
img962,256,394,9945,15.17486572265625
img962,394,394,12883,19.65789794921875
img587,0,0,0,0.0
img587,256,0,0,0.0
img587,394,0,0,0.0
img587,0,256,0,0.0
img587,256,256,0,0.0
img587,394,256,0,0.0
img587,0,394,0,0.0
img587,256,394,0,0.0
img587,394,394,0,0.0
img1173,0,0,5014,7.6507568359375
img1173,256,0,4254,6.4910888671875
img1173,394,0,3286,5.0140380859375
img1173,0,256,0,0.0
img1173,256,256,0,0.0
img1173,394,256,0,0.0
img1173,0,394,0,0.0
img1173,256,394,0,0.0
img1173,394,394,0,0.0
img733,0,0,25713,39.23492431640625
img733,256,0,12899,19.68231201171875
img733,394,0,8964,13.677978515625
img733,0,256,10330,15.7623291015625
img733,256,256,12339,18.82781982421875
img733,394,256,13515,20.62225341796875
img733,0,394,13480,20.56884765625
img733,256,394,14139,21.57440185546875
img733,394,394,11819,18.03436279296875
img83,0,0,0,0.0
img83,256,0,0,0.0
img83,394,0,0,0.0
img83,0,256,0,0.0
img83,256,256,0,0.0
img83,394,256,0,0.0
img83,0,394,0,0.0
img83,256,394,0,0.0
img83,394,394,0,0.0
img616,0,0,0,0.0
img616,256,0,0,0.0
img616,394,0,0,0.0
img616,0,256,0,0.0
img616,256,256,0,0.0
img616,394,256,0,0.0
img616,0,394,0,0.0
img616,256,394,0,0.0
img616,394,394,0,0.0
img1588,0,0,870,1.3275146484375
img1588,256,0,3026,4.6173095703125
img1588,394,0,0,0.0
img1588,0,256,8763,13.37127685546875
img1588,256,256,12141,18.52569580078125
img1588,394,256,5807,8.86077880859375
img1588,0,394,14934,22.7874755859375
img1588,256,394,8203,12.51678466796875
img1588,394,394,11861,18.09844970703125
img139,0,0,9247,14.10980224609375
img139,256,0,9685,14.77813720703125
img139,394,0,10935,16.68548583984375
img139,0,256,6451,9.84344482421875
img139,256,256,11636,17.755126953125
img139,394,256,15902,24.2645263671875
img139,0,394,5868,8.953857421875
img139,256,394,16815,25.65765380859375
img139,394,394,15645,23.87237548828125
img1091,0,0,8032,12.255859375
img1091,256,0,8457,12.90435791015625
img1091,394,0,6462,9.8602294921875
img1091,0,256,10159,15.50140380859375
img1091,256,256,8399,12.81585693359375
img1091,394,256,8156,12.445068359375
img1091,0,394,5048,7.70263671875
img1091,256,394,5849,8.92486572265625
img1091,394,394,11428,17.437744140625
img1018,0,0,0,0.0
img1018,256,0,0,0.0
img1018,394,0,0,0.0
img1018,0,256,0,0.0
img1018,256,256,0,0.0
img1018,394,256,0,0.0
img1018,0,394,0,0.0
img1018,256,394,0,0.0
img1018,394,394,0,0.0
img163,0,0,0,0.0
img163,256,0,640,0.9765625
img163,394,0,8825,13.46588134765625
img163,0,256,0,0.0
img163,256,256,0,0.0
img163,394,256,0,0.0
img163,0,394,0,0.0
img163,256,394,0,0.0
img163,394,394,0,0.0
img1163,0,0,0,0.0
img1163,256,0,0,0.0
img1163,394,0,0,0.0
img1163,0,256,0,0.0
img1163,256,256,0,0.0
img1163,394,256,0,0.0
img1163,0,394,0,0.0
img1163,256,394,0,0.0
img1163,394,394,0,0.0
img1155,0,0,0,0.0
img1155,256,0,0,0.0
img1155,394,0,0,0.0
img1155,0,256,0,0.0
img1155,256,256,0,0.0
img1155,394,256,0,0.0
img1155,0,394,0,0.0
img1155,256,394,0,0.0
img1155,394,394,0,0.0
img594,0,0,14466,22.0733642578125
img594,256,0,15715,23.97918701171875
img594,394,0,7772,11.859130859375
img594,0,256,4214,6.4300537109375
img594,256,256,11188,17.071533203125
img594,394,256,3075,4.69207763671875
img594,0,394,2597,3.96270751953125
img594,256,394,1046,1.5960693359375
img594,394,394,0,0.0
img1762,0,0,10875,16.59393310546875
img1762,256,0,633,0.96588134765625
img1762,394,0,6546,9.9884033203125
img1762,0,256,1183,1.80511474609375
img1762,256,256,8572,13.079833984375
img1762,394,256,8414,12.8387451171875
img1762,0,394,0,0.0
img1762,256,394,1579,2.40936279296875
img1762,394,394,7981,12.17803955078125
img736,0,0,14404,21.978759765625
img736,256,0,10958,16.7205810546875
img736,394,0,5597,8.54034423828125
img736,0,256,9091,13.87176513671875
img736,256,256,17480,26.67236328125
img736,394,256,14215,21.69036865234375
img736,0,394,9339,14.25018310546875
img736,256,394,13294,20.2850341796875
img736,394,394,12878,19.6502685546875
img1495,0,0,17635,26.90887451171875
img1495,256,0,17538,26.7608642578125
img1495,394,0,7602,11.5997314453125
img1495,0,256,15548,23.724365234375
img1495,256,256,6279,9.58099365234375
img1495,394,256,3871,5.90667724609375
img1495,0,394,17801,27.16217041015625
img1495,256,394,8705,13.28277587890625
img1495,394,394,8658,13.2110595703125
img783,0,0,12313,18.78814697265625
img783,256,0,9005,13.74053955078125
img783,394,0,11256,17.17529296875
img783,0,256,16843,25.70037841796875
img783,256,256,9997,15.25421142578125
img783,394,256,10470,15.9759521484375
img783,0,394,10955,16.71600341796875
img783,256,394,9554,14.5782470703125
img783,394,394,11311,17.25921630859375
img1187,0,0,8921,13.61236572265625
img1187,256,0,12312,18.78662109375
img1187,394,0,12288,18.75
img1187,0,256,12056,18.39599609375
img1187,256,256,10897,16.62750244140625
img1187,394,256,6478,9.8846435546875
img1187,0,394,13528,20.64208984375
img1187,256,394,7213,11.00616455078125
img1187,394,394,6083,9.28192138671875
img1286,0,0,0,0.0
img1286,256,0,0,0.0
img1286,394,0,0,0.0
img1286,0,256,0,0.0
img1286,256,256,0,0.0
img1286,394,256,0,0.0
img1286,0,394,0,0.0
img1286,256,394,0,0.0
img1286,394,394,0,0.0
img463,0,0,3931,5.99822998046875
img463,256,0,8886,13.5589599609375
img463,394,0,2055,3.13568115234375
img463,0,256,7612,11.614990234375
img463,256,256,98,0.1495361328125
img463,394,256,5350,8.1634521484375
img463,0,394,7242,11.0504150390625
img463,256,394,0,0.0
img463,394,394,0,0.0
img904,0,0,0,0.0
img904,256,0,2825,4.31060791015625
img904,394,0,7750,11.8255615234375
img904,0,256,0,0.0
img904,256,256,0,0.0
img904,394,256,0,0.0
img904,0,394,0,0.0
img904,256,394,0,0.0
img904,394,394,0,0.0
img1750,0,0,1502,2.2918701171875
img1750,256,0,4066,6.2042236328125
img1750,394,0,0,0.0
img1750,0,256,0,0.0
img1750,256,256,9,0.01373291015625
img1750,394,256,0,0.0
img1750,0,394,42,0.0640869140625
img1750,256,394,7594,11.5875244140625
img1750,394,394,2509,3.82843017578125
img1379,0,0,0,0.0
img1379,256,0,0,0.0
img1379,394,0,574,0.8758544921875
img1379,0,256,0,0.0
img1379,256,256,0,0.0
img1379,394,256,0,0.0
img1379,0,394,0,0.0
img1379,256,394,0,0.0
img1379,394,394,0,0.0
img1035,0,0,0,0.0
img1035,256,0,0,0.0
img1035,394,0,0,0.0
img1035,0,256,0,0.0
img1035,256,256,0,0.0
img1035,394,256,3463,5.28411865234375
img1035,0,394,0,0.0
img1035,256,394,0,0.0
img1035,394,394,2045,3.12042236328125
img1858,0,0,0,0.0
img1858,256,0,0,0.0
img1858,394,0,0,0.0
img1858,0,256,0,0.0
img1858,256,256,0,0.0
img1858,394,256,0,0.0
img1858,0,394,0,0.0
img1858,256,394,0,0.0
img1858,394,394,0,0.0
img1736,0,0,8072,12.31689453125
img1736,256,0,11444,17.462158203125
img1736,394,0,2175,3.31878662109375
img1736,0,256,22992,35.0830078125
img1736,256,256,21992,33.55712890625
img1736,394,256,23632,36.0595703125
img1736,0,394,16889,25.77056884765625
img1736,256,394,15763,24.05242919921875
img1736,394,394,23782,36.2884521484375
img672,0,0,0,0.0
img672,256,0,0,0.0
img672,394,0,0,0.0
img672,0,256,0,0.0
img672,256,256,0,0.0
img672,394,256,0,0.0
img672,0,394,0,0.0
img672,256,394,0,0.0
img672,394,394,0,0.0
img1627,0,0,0,0.0
img1627,256,0,0,0.0
img1627,394,0,0,0.0
img1627,0,256,0,0.0
img1627,256,256,0,0.0
img1627,394,256,0,0.0
img1627,0,394,0,0.0
img1627,256,394,0,0.0
img1627,394,394,0,0.0
img1755,0,0,0,0.0
img1755,256,0,0,0.0
img1755,394,0,0,0.0
img1755,0,256,0,0.0
img1755,256,256,0,0.0
img1755,394,256,0,0.0
img1755,0,394,0,0.0
img1755,256,394,560,0.8544921875
img1755,394,394,0,0.0
img490,0,0,0,0.0
img490,256,0,0,0.0
img490,394,0,0,0.0
img490,0,256,0,0.0
img490,256,256,0,0.0
img490,394,256,0,0.0
img490,0,394,0,0.0
img490,256,394,0,0.0
img490,394,394,0,0.0
img1027,0,0,0,0.0
img1027,256,0,0,0.0
img1027,394,0,0,0.0
img1027,0,256,0,0.0
img1027,256,256,0,0.0
img1027,394,256,0,0.0
img1027,0,394,0,0.0
img1027,256,394,0,0.0
img1027,394,394,0,0.0
img1589,0,0,0,0.0
img1589,256,0,0,0.0
img1589,394,0,0,0.0
img1589,0,256,0,0.0
img1589,256,256,0,0.0
img1589,394,256,0,0.0
img1589,0,394,6893,10.51788330078125
img1589,256,394,0,0.0
img1589,394,394,0,0.0
img848,0,0,0,0.0
img848,256,0,0,0.0
img848,394,0,0,0.0
img848,0,256,0,0.0
img848,256,256,0,0.0
img848,394,256,0,0.0
img848,0,394,0,0.0
img848,256,394,0,0.0
img848,394,394,0,0.0
img1792,0,0,0,0.0
img1792,256,0,0,0.0
img1792,394,0,0,0.0
img1792,0,256,0,0.0
img1792,256,256,0,0.0
img1792,394,256,0,0.0
img1792,0,394,0,0.0
img1792,256,394,0,0.0
img1792,394,394,0,0.0
img1460,0,0,9396,14.337158203125
img1460,256,0,8463,12.91351318359375
img1460,394,0,7195,10.97869873046875
img1460,0,256,17783,27.13470458984375
img1460,256,256,4632,7.06787109375
img1460,394,256,9518,14.5233154296875
img1460,0,394,10018,15.2862548828125
img1460,256,394,11398,17.3919677734375
img1460,394,394,10187,15.54412841796875
img34,0,0,0,0.0
img34,256,0,0,0.0
img34,394,0,0,0.0
img34,0,256,0,0.0
img34,256,256,0,0.0
img34,394,256,441,0.67291259765625
img34,0,394,0,0.0
img34,256,394,0,0.0
img34,394,394,441,0.67291259765625
img1836,0,0,0,0.0
img1836,256,0,0,0.0
img1836,394,0,0,0.0
img1836,0,256,0,0.0
img1836,256,256,314,0.4791259765625
img1836,394,256,2123,3.23944091796875
img1836,0,394,0,0.0
img1836,256,394,317,0.48370361328125
img1836,394,394,5196,7.928466796875
img1338,0,0,0,0.0
img1338,256,0,0,0.0
img1338,394,0,0,0.0
img1338,0,256,0,0.0
img1338,256,256,0,0.0
img1338,394,256,0,0.0
img1338,0,394,0,0.0
img1338,256,394,0,0.0
img1338,394,394,0,0.0
img1865,0,0,2201,3.35845947265625
img1865,256,0,0,0.0
img1865,394,0,0,0.0
img1865,0,256,4910,7.4920654296875
img1865,256,256,0,0.0
img1865,394,256,0,0.0
img1865,0,394,2233,3.40728759765625
img1865,256,394,0,0.0
img1865,394,394,0,0.0
img1020,0,0,0,0.0
img1020,256,0,0,0.0
img1020,394,0,0,0.0
img1020,0,256,0,0.0
img1020,256,256,0,0.0
img1020,394,256,0,0.0
img1020,0,394,0,0.0
img1020,256,394,0,0.0
img1020,394,394,0,0.0
img1040,0,0,4432,6.7626953125
img1040,256,0,6409,9.77935791015625
img1040,394,0,12027,18.35174560546875
img1040,0,256,0,0.0
img1040,256,256,0,0.0
img1040,394,256,0,0.0
img1040,0,394,0,0.0
img1040,256,394,0,0.0
img1040,394,394,0,0.0
img1391,0,0,0,0.0
img1391,256,0,0,0.0
img1391,394,0,0,0.0
img1391,0,256,0,0.0
img1391,256,256,0,0.0
img1391,394,256,0,0.0
img1391,0,394,0,0.0
img1391,256,394,0,0.0
img1391,394,394,0,0.0
img1065,0,0,0,0.0
img1065,256,0,0,0.0
img1065,394,0,0,0.0
img1065,0,256,0,0.0
img1065,256,256,0,0.0
img1065,394,256,0,0.0
img1065,0,394,0,0.0
img1065,256,394,0,0.0
img1065,394,394,0,0.0
img1776,0,0,13916,21.234130859375
img1776,256,0,5752,8.77685546875
img1776,394,0,1790,2.7313232421875
img1776,0,256,7813,11.92169189453125
img1776,256,256,13591,20.73822021484375
img1776,394,256,15257,23.28033447265625
img1776,0,394,12620,19.256591796875
img1776,256,394,13859,21.14715576171875
img1776,394,394,13939,21.26922607421875
img811,0,0,0,0.0
img811,256,0,0,0.0
img811,394,0,0,0.0
img811,0,256,0,0.0
img811,256,256,0,0.0
img811,394,256,0,0.0
img811,0,394,0,0.0
img811,256,394,0,0.0
img811,394,394,0,0.0
img1109,0,0,0,0.0
img1109,256,0,0,0.0
img1109,394,0,0,0.0
img1109,0,256,0,0.0
img1109,256,256,352,0.537109375
img1109,394,256,352,0.537109375
img1109,0,394,0,0.0
img1109,256,394,352,0.537109375
img1109,394,394,352,0.537109375
img560,0,0,17017,25.96588134765625
img560,256,0,19690,30.0445556640625
img560,394,0,17160,26.18408203125
img560,0,256,15625,23.84185791015625
img560,256,256,12135,18.51654052734375
img560,394,256,12715,19.40155029296875
img560,0,394,12066,18.4112548828125
img560,256,394,9152,13.96484375
img560,394,394,13137,20.04547119140625
img935,0,0,0,0.0
img935,256,0,0,0.0
img935,394,0,0,0.0
img935,0,256,0,0.0
img935,256,256,0,0.0
img935,394,256,0,0.0
img935,0,394,0,0.0
img935,256,394,0,0.0
img935,394,394,0,0.0
img219,0,0,7412,11.309814453125
img219,256,0,0,0.0
img219,394,0,0,0.0
img219,0,256,5023,7.66448974609375
img219,256,256,2548,3.887939453125
img219,394,256,2548,3.887939453125
img219,0,394,3479,5.30853271484375
img219,256,394,623,0.95062255859375
img219,394,394,623,0.95062255859375
img507,0,0,4038,6.1614990234375
img507,256,0,12708,19.390869140625
img507,394,0,16325,24.90997314453125
img507,0,256,15883,24.23553466796875
img507,256,256,11181,17.06085205078125
img507,394,256,14685,22.40753173828125
img507,0,394,7888,12.0361328125
img507,256,394,11203,17.09442138671875
img507,394,394,8593,13.11187744140625
img369,0,0,0,0.0
img369,256,0,0,0.0
img369,394,0,0,0.0
img369,0,256,0,0.0
img369,256,256,0,0.0
img369,394,256,0,0.0
img369,0,394,0,0.0
img369,256,394,0,0.0
img369,394,394,0,0.0
img1793,0,0,0,0.0
img1793,256,0,0,0.0
img1793,394,0,0,0.0
img1793,0,256,0,0.0
img1793,256,256,0,0.0
img1793,394,256,0,0.0
img1793,0,394,0,0.0
img1793,256,394,0,0.0
img1793,394,394,0,0.0
img1360,0,0,29111,44.41986083984375
img1360,256,0,7758,11.8377685546875
img1360,394,0,6416,9.7900390625
img1360,0,256,11739,17.91229248046875
img1360,256,256,16188,24.700927734375
img1360,394,256,13583,20.72601318359375
img1360,0,394,7080,10.80322265625
img1360,256,394,14854,22.6654052734375
img1360,394,394,15088,23.0224609375
img1153,0,0,0,0.0
img1153,256,0,2038,3.1097412109375
img1153,394,0,739,1.12762451171875
img1153,0,256,0,0.0
img1153,256,256,0,0.0
img1153,394,256,0,0.0
img1153,0,394,0,0.0
img1153,256,394,0,0.0
img1153,394,394,0,0.0
img21,0,0,0,0.0
img21,256,0,0,0.0
img21,394,0,0,0.0
img21,0,256,0,0.0
img21,256,256,0,0.0
img21,394,256,0,0.0
img21,0,394,0,0.0
img21,256,394,0,0.0
img21,394,394,0,0.0
img1711,0,0,0,0.0
img1711,256,0,0,0.0
img1711,394,0,0,0.0
img1711,0,256,0,0.0
img1711,256,256,0,0.0
img1711,394,256,0,0.0
img1711,0,394,0,0.0
img1711,256,394,0,0.0
img1711,394,394,0,0.0
img1026,0,0,0,0.0
img1026,256,0,0,0.0
img1026,394,0,0,0.0
img1026,0,256,0,0.0
img1026,256,256,0,0.0
img1026,394,256,0,0.0
img1026,0,394,0,0.0
img1026,256,394,0,0.0
img1026,394,394,0,0.0
img1492,0,0,19017,29.01763916015625
img1492,256,0,10164,15.509033203125
img1492,394,0,11425,17.43316650390625
img1492,0,256,12689,19.36187744140625
img1492,256,256,11409,17.40875244140625
img1492,394,256,12567,19.17572021484375
img1492,0,394,849,1.29547119140625
img1492,256,394,1756,2.679443359375
img1492,394,394,4077,6.22100830078125
img836,0,0,0,0.0
img836,256,0,0,0.0
img836,394,0,0,0.0
img836,0,256,4139,6.31561279296875
img836,256,256,148,0.225830078125
img836,394,256,0,0.0
img836,0,394,13763,21.00067138671875
img836,256,394,5769,8.80279541015625
img836,394,394,6196,9.454345703125
img718,0,0,0,0.0
img718,256,0,0,0.0
img718,394,0,0,0.0
img718,0,256,0,0.0
img718,256,256,0,0.0
img718,394,256,0,0.0
img718,0,394,0,0.0
img718,256,394,0,0.0
img718,394,394,0,0.0
img1125,0,0,11819,18.03436279296875
img1125,256,0,18265,27.87017822265625
img1125,394,0,17961,27.40631103515625
img1125,0,256,9587,14.62860107421875
img1125,256,256,39979,61.00311279296875
img1125,394,256,20107,30.68084716796875
img1125,0,394,1101,1.67999267578125
img1125,256,394,23168,35.3515625
img1125,394,394,16404,25.030517578125
img389,0,0,8296,12.65869140625
img389,256,0,12831,19.57855224609375
img389,394,0,11224,17.12646484375
img389,0,256,6330,9.6588134765625
img389,256,256,7467,11.39373779296875
img389,394,256,9479,14.46380615234375
img389,0,394,12609,19.23980712890625
img389,256,394,12021,18.34259033203125
img389,394,394,11559,17.63763427734375
img1194,0,0,0,0.0
img1194,256,0,0,0.0
img1194,394,0,22,0.0335693359375
img1194,0,256,2637,4.02374267578125
img1194,256,256,71,0.10833740234375
img1194,394,256,1923,2.93426513671875
img1194,0,394,1471,2.24456787109375
img1194,256,394,0,0.0
img1194,394,394,0,0.0
img101,0,0,1424,2.1728515625
img101,256,0,17983,27.43988037109375
img101,394,0,9204,14.044189453125
img101,0,256,10307,15.72723388671875
img101,256,256,14216,21.69189453125
img101,394,256,5954,9.0850830078125
img101,0,394,2329,3.55377197265625
img101,256,394,11930,18.2037353515625
img101,394,394,11186,17.0684814453125
img708,0,0,0,0.0
img708,256,0,0,0.0
img708,394,0,0,0.0
img708,0,256,0,0.0
img708,256,256,0,0.0
img708,394,256,0,0.0
img708,0,394,0,0.0
img708,256,394,0,0.0
img708,394,394,0,0.0
img162,0,0,3218,4.9102783203125
img162,256,0,1762,2.6885986328125
img162,394,0,0,0.0
img162,0,256,0,0.0
img162,256,256,0,0.0
img162,394,256,0,0.0
img162,0,394,0,0.0
img162,256,394,0,0.0
img162,394,394,0,0.0
img656,0,0,7874,12.0147705078125
img656,256,0,7137,10.89019775390625
img656,394,0,9712,14.8193359375
img656,0,256,9275,14.15252685546875
img656,256,256,11788,17.987060546875
img656,394,256,13906,21.2188720703125
img656,0,394,13175,20.10345458984375
img656,256,394,12458,19.0093994140625
img656,394,394,14638,22.3358154296875
img1330,0,0,0,0.0
img1330,256,0,0,0.0
img1330,394,0,0,0.0
img1330,0,256,0,0.0
img1330,256,256,3044,4.644775390625
img1330,394,256,2563,3.91082763671875
img1330,0,394,0,0.0
img1330,256,394,3006,4.5867919921875
img1330,394,394,2525,3.85284423828125
img622,0,0,0,0.0
img622,256,0,0,0.0
img622,394,0,0,0.0
img622,0,256,0,0.0
img622,256,256,0,0.0
img622,394,256,0,0.0
img622,0,394,0,0.0
img622,256,394,0,0.0
img622,394,394,0,0.0
img749,0,0,0,0.0
img749,256,0,0,0.0
img749,394,0,0,0.0
img749,0,256,0,0.0
img749,256,256,1223,1.86614990234375
img749,394,256,7610,11.6119384765625
img749,0,394,0,0.0
img749,256,394,0,0.0
img749,394,394,3553,5.42144775390625
img600,0,0,11439,17.45452880859375
img600,256,0,26512,40.4541015625
img600,394,0,15800,24.10888671875
img600,0,256,15674,23.9166259765625
img600,256,256,9529,14.54010009765625
img600,394,256,13948,21.282958984375
img600,0,394,17570,26.8096923828125
img600,256,394,5268,8.038330078125
img600,394,394,7632,11.6455078125
img313,0,0,0,0.0
img313,256,0,0,0.0
img313,394,0,0,0.0
img313,0,256,0,0.0
img313,256,256,0,0.0
img313,394,256,0,0.0
img313,0,394,0,0.0
img313,256,394,0,0.0
img313,394,394,0,0.0
img857,0,0,4968,7.58056640625
img857,256,0,0,0.0
img857,394,0,0,0.0
img857,0,256,0,0.0
img857,256,256,0,0.0
img857,394,256,0,0.0
img857,0,394,0,0.0
img857,256,394,0,0.0
img857,394,394,0,0.0
img1643,0,0,14182,21.6400146484375
img1643,256,0,37146,56.6802978515625
img1643,394,0,33187,50.63934326171875
img1643,0,256,27422,41.8426513671875
img1643,256,256,935,1.42669677734375
img1643,394,256,5160,7.87353515625
img1643,0,394,27213,41.52374267578125
img1643,256,394,5514,8.4136962890625
img1643,394,394,5684,8.673095703125
img1664,0,0,0,0.0
img1664,256,0,0,0.0
img1664,394,0,0,0.0
img1664,0,256,0,0.0
img1664,256,256,0,0.0
img1664,394,256,0,0.0
img1664,0,394,0,0.0
img1664,256,394,0,0.0
img1664,394,394,0,0.0
img1742,0,0,0,0.0
img1742,256,0,0,0.0
img1742,394,0,0,0.0
img1742,0,256,0,0.0
img1742,256,256,0,0.0
img1742,394,256,0,0.0
img1742,0,394,0,0.0
img1742,256,394,0,0.0
img1742,394,394,0,0.0
img767,0,0,3737,5.70220947265625
img767,256,0,0,0.0
img767,394,0,0,0.0
img767,0,256,10137,15.46783447265625
img767,256,256,8307,12.67547607421875
img767,394,256,8877,13.54522705078125
img767,0,394,4188,6.390380859375
img767,256,394,8828,13.470458984375
img767,394,394,9117,13.91143798828125
img215,0,0,19275,29.41131591796875
img215,256,0,9842,15.0177001953125
img215,394,0,12410,18.9361572265625
img215,0,256,9848,15.02685546875
img215,256,256,17518,26.7303466796875
img215,394,256,11709,17.86651611328125
img215,0,394,13803,21.06170654296875
img215,256,394,23496,35.85205078125
img215,394,394,11833,18.05572509765625
img1132,0,0,12064,18.408203125
img1132,256,0,11314,17.2637939453125
img1132,394,0,13544,20.66650390625
img1132,0,256,12732,19.427490234375
img1132,256,256,13425,20.48492431640625
img1132,394,256,14314,21.8414306640625
img1132,0,394,16721,25.51422119140625
img1132,256,394,13319,20.32318115234375
img1132,394,394,7286,11.1175537109375
img1324,0,0,0,0.0
img1324,256,0,0,0.0
img1324,394,0,164,0.250244140625
img1324,0,256,0,0.0
img1324,256,256,0,0.0
img1324,394,256,0,0.0
img1324,0,394,0,0.0
img1324,256,394,0,0.0
img1324,394,394,0,0.0
img258,0,0,8459,12.90740966796875
img258,256,0,1954,2.9815673828125
img258,394,0,208,0.3173828125
img258,0,256,6011,9.17205810546875
img258,256,256,9030,13.7786865234375
img258,394,256,11088,16.9189453125
img258,0,394,3359,5.12542724609375
img258,256,394,6450,9.8419189453125
img258,394,394,7092,10.821533203125
img1438,0,0,0,0.0
img1438,256,0,0,0.0
img1438,394,0,0,0.0
img1438,0,256,0,0.0
img1438,256,256,0,0.0
img1438,394,256,0,0.0
img1438,0,394,0,0.0
img1438,256,394,0,0.0
img1438,394,394,0,0.0
img1311,0,0,12642,19.2901611328125
img1311,256,0,11988,18.292236328125
img1311,394,0,10104,15.41748046875
img1311,0,256,14252,21.746826171875
img1311,256,256,12805,19.53887939453125
img1311,394,256,8314,12.6861572265625
img1311,0,394,15402,23.5015869140625
img1311,256,394,12322,18.8018798828125
img1311,394,394,11548,17.620849609375
img1683,0,0,10,0.0152587890625
img1683,256,0,0,0.0
img1683,394,0,871,1.32904052734375
img1683,0,256,0,0.0
img1683,256,256,0,0.0
img1683,394,256,0,0.0
img1683,0,394,0,0.0
img1683,256,394,0,0.0
img1683,394,394,0,0.0
img1892,0,0,4240,6.4697265625
img1892,256,0,4974,7.5897216796875
img1892,394,0,13064,19.93408203125
img1892,0,256,11482,17.5201416015625
img1892,256,256,5875,8.96453857421875
img1892,394,256,7787,11.88201904296875
img1892,0,394,4061,6.19659423828125
img1892,256,394,4818,7.3516845703125
img1892,394,394,5203,7.93914794921875
img589,0,0,0,0.0
img589,256,0,0,0.0
img589,394,0,213,0.32501220703125
img589,0,256,0,0.0
img589,256,256,0,0.0
img589,394,256,0,0.0
img589,0,394,0,0.0
img589,256,394,0,0.0
img589,394,394,0,0.0
img10,0,0,0,0.0
img10,256,0,0,0.0
img10,394,0,0,0.0
img10,0,256,0,0.0
img10,256,256,0,0.0
img10,394,256,0,0.0
img10,0,394,0,0.0
img10,256,394,0,0.0
img10,394,394,0,0.0
img402,0,0,0,0.0
img402,256,0,0,0.0
img402,394,0,0,0.0
img402,0,256,0,0.0
img402,256,256,0,0.0
img402,394,256,0,0.0
img402,0,394,0,0.0
img402,256,394,0,0.0
img402,394,394,0,0.0
img1234,0,0,0,0.0
img1234,256,0,158,0.2410888671875
img1234,394,0,158,0.2410888671875
img1234,0,256,0,0.0
img1234,256,256,0,0.0
img1234,394,256,0,0.0
img1234,0,394,0,0.0
img1234,256,394,11140,16.998291015625
img1234,394,394,7591,11.58294677734375
img1747,0,0,0,0.0
img1747,256,0,0,0.0
img1747,394,0,0,0.0
img1747,0,256,0,0.0
img1747,256,256,0,0.0
img1747,394,256,0,0.0
img1747,0,394,0,0.0
img1747,256,394,0,0.0
img1747,394,394,0,0.0
img1264,0,0,18942,28.9031982421875
img1264,256,0,13395,20.43914794921875
img1264,394,0,11903,18.16253662109375
img1264,0,256,9739,14.86053466796875
img1264,256,256,15090,23.0255126953125
img1264,394,256,20744,31.65283203125
img1264,0,394,11889,18.14117431640625
img1264,256,394,11222,17.1234130859375
img1264,394,394,17849,27.23541259765625
img1064,0,0,0,0.0
img1064,256,0,0,0.0
img1064,394,0,0,0.0
img1064,0,256,0,0.0
img1064,256,256,0,0.0
img1064,394,256,0,0.0
img1064,0,394,0,0.0
img1064,256,394,0,0.0
img1064,394,394,0,0.0
img220,0,0,0,0.0
img220,256,0,0,0.0
img220,394,0,0,0.0
img220,0,256,0,0.0
img220,256,256,10,0.0152587890625
img220,394,256,2978,4.5440673828125
img220,0,394,1086,1.6571044921875
img220,256,394,4084,6.231689453125
img220,394,394,5654,8.6273193359375
img294,0,0,0,0.0
img294,256,0,0,0.0
img294,394,0,0,0.0
img294,0,256,0,0.0
img294,256,256,0,0.0
img294,394,256,0,0.0
img294,0,394,0,0.0
img294,256,394,0,0.0
img294,394,394,0,0.0
img735,0,0,13862,21.1517333984375
img735,256,0,12993,19.82574462890625
img735,394,0,8044,12.274169921875
img735,0,256,14731,22.47772216796875
img735,256,256,14858,22.6715087890625
img735,394,256,12860,19.622802734375
img735,0,394,16958,25.8758544921875
img735,256,394,17416,26.57470703125
img735,394,394,13989,21.34552001953125
img1583,0,0,0,0.0
img1583,256,0,0,0.0
img1583,394,0,0,0.0
img1583,0,256,0,0.0
img1583,256,256,0,0.0
img1583,394,256,0,0.0
img1583,0,394,0,0.0
img1583,256,394,0,0.0
img1583,394,394,0,0.0
img1821,0,0,15249,23.26812744140625
img1821,256,0,5564,8.489990234375
img1821,394,0,1526,2.3284912109375
img1821,0,256,11535,17.60101318359375
img1821,256,256,14168,21.61865234375
img1821,394,256,4329,6.60552978515625
img1821,0,394,12354,18.8507080078125
img1821,256,394,10677,16.29180908203125
img1821,394,394,2741,4.18243408203125
img140,0,0,14228,21.710205078125
img140,256,0,4504,6.87255859375
img140,394,0,7138,10.8917236328125
img140,0,256,4493,6.85577392578125
img140,256,256,18530,28.2745361328125
img140,394,256,12518,19.1009521484375
img140,0,394,5308,8.099365234375
img140,256,394,19602,29.9102783203125
img140,394,394,20333,31.02569580078125
img474,0,0,0,0.0
img474,256,0,0,0.0
img474,394,0,0,0.0
img474,0,256,0,0.0
img474,256,256,0,0.0
img474,394,256,4240,6.4697265625
img474,0,394,0,0.0
img474,256,394,0,0.0
img474,394,394,9773,14.91241455078125
img1206,0,0,0,0.0
img1206,256,0,0,0.0
img1206,394,0,0,0.0
img1206,0,256,0,0.0
img1206,256,256,0,0.0
img1206,394,256,0,0.0
img1206,0,394,0,0.0
img1206,256,394,0,0.0
img1206,394,394,0,0.0
img1217,0,0,0,0.0
img1217,256,0,0,0.0
img1217,394,0,0,0.0
img1217,0,256,0,0.0
img1217,256,256,0,0.0
img1217,394,256,0,0.0
img1217,0,394,0,0.0
img1217,256,394,0,0.0
img1217,394,394,0,0.0
img444,0,0,9578,14.6148681640625
img444,256,0,174,0.2655029296875
img444,394,0,0,0.0
img444,0,256,16860,25.726318359375
img444,256,256,4288,6.54296875
img444,394,256,4321,6.59332275390625
img444,0,394,1750,2.6702880859375
img444,256,394,17498,26.6998291015625
img444,394,394,9707,14.81170654296875
img232,0,0,0,0.0
img232,256,0,0,0.0
img232,394,0,0,0.0
img232,0,256,5763,8.79364013671875
img232,256,256,3951,6.02874755859375
img232,394,256,1970,3.0059814453125
img232,0,394,7147,10.90545654296875
img232,256,394,3118,4.7576904296875
img232,394,394,1970,3.0059814453125
img747,0,0,13508,20.611572265625
img747,256,0,8648,13.19580078125
img747,394,0,11612,17.718505859375
img747,0,256,7743,11.81488037109375
img747,256,256,6286,9.5916748046875
img747,394,256,6304,9.619140625
img747,0,394,11115,16.96014404296875
img747,256,394,8559,13.05999755859375
img747,394,394,5621,8.57696533203125
img1547,0,0,10976,16.748046875
img1547,256,0,8131,12.40692138671875
img1547,394,0,12057,18.39752197265625
img1547,0,256,4002,6.1065673828125
img1547,256,256,4386,6.6925048828125
img1547,394,256,14390,21.9573974609375
img1547,0,394,20263,30.91888427734375
img1547,256,394,7899,12.05291748046875
img1547,394,394,8166,12.4603271484375
img1541,0,0,30413,46.40655517578125
img1541,256,0,15175,23.15521240234375
img1541,394,0,7451,11.36932373046875
img1541,0,256,7639,11.65618896484375
img1541,256,256,20774,31.6986083984375
img1541,394,256,22574,34.4451904296875
img1541,0,394,406,0.6195068359375
img1541,256,394,16711,25.49896240234375
img1541,394,394,24373,37.19024658203125
img887,0,0,0,0.0
img887,256,0,0,0.0
img887,394,0,0,0.0
img887,0,256,0,0.0
img887,256,256,0,0.0
img887,394,256,0,0.0
img887,0,394,0,0.0
img887,256,394,0,0.0
img887,394,394,0,0.0
img1140,0,0,16270,24.8260498046875
img1140,256,0,1544,2.35595703125
img1140,394,0,573,0.87432861328125
img1140,0,256,419,0.63934326171875
img1140,256,256,6641,10.13336181640625
img1140,394,256,16609,25.34332275390625
img1140,0,394,2065,3.15093994140625
img1140,256,394,3486,5.3192138671875
img1140,394,394,13748,20.977783203125
img976,0,0,0,0.0
img976,256,0,0,0.0
img976,394,0,0,0.0
img976,0,256,0,0.0
img976,256,256,0,0.0
img976,394,256,0,0.0
img976,0,394,0,0.0
img976,256,394,0,0.0
img976,394,394,0,0.0
img1274,0,0,13918,21.2371826171875
img1274,256,0,21418,32.6812744140625
img1274,394,0,39864,60.82763671875
img1274,0,256,6015,9.17816162109375
img1274,256,256,19992,30.50537109375
img1274,394,256,17489,26.68609619140625
img1274,0,394,6043,9.22088623046875
img1274,256,394,4062,6.1981201171875
img1274,394,394,7071,10.78948974609375
img1610,0,0,0,0.0
img1610,256,0,0,0.0
img1610,394,0,0,0.0
img1610,0,256,0,0.0
img1610,256,256,0,0.0
img1610,394,256,0,0.0
img1610,0,394,1513,2.30865478515625
img1610,256,394,305,0.46539306640625
img1610,394,394,325,0.49591064453125
img625,0,0,0,0.0
img625,256,0,0,0.0
img625,394,0,0,0.0
img625,0,256,0,0.0
img625,256,256,0,0.0
img625,394,256,0,0.0
img625,0,394,0,0.0
img625,256,394,0,0.0
img625,394,394,0,0.0
img1413,0,0,11188,17.071533203125
img1413,256,0,6580,10.040283203125
img1413,394,0,9855,15.03753662109375
img1413,0,256,12135,18.51654052734375
img1413,256,256,9587,14.62860107421875
img1413,394,256,10037,15.31524658203125
img1413,0,394,7380,11.260986328125
img1413,256,394,5357,8.17413330078125
img1413,394,394,12542,19.1375732421875
img1383,0,0,0,0.0
img1383,256,0,0,0.0
img1383,394,0,0,0.0
img1383,0,256,0,0.0
img1383,256,256,0,0.0
img1383,394,256,0,0.0
img1383,0,394,0,0.0
img1383,256,394,0,0.0
img1383,394,394,0,0.0
img69,0,0,0,0.0
img69,256,0,0,0.0
img69,394,0,0,0.0
img69,0,256,1020,1.556396484375
img69,256,256,9,0.01373291015625
img69,394,256,862,1.3153076171875
img69,0,394,1018,1.5533447265625
img69,256,394,55,0.08392333984375
img69,394,394,1169,1.78375244140625
img943,0,0,0,0.0
img943,256,0,0,0.0
img943,394,0,0,0.0
img943,0,256,0,0.0
img943,256,256,0,0.0
img943,394,256,0,0.0
img943,0,394,0,0.0
img943,256,394,0,0.0
img943,394,394,0,0.0
img546,0,0,331,0.50506591796875
img546,256,0,18146,27.6885986328125
img546,394,0,11849,18.08013916015625
img546,0,256,2927,4.46624755859375
img546,256,256,7183,10.96038818359375
img546,394,256,10203,15.56854248046875
img546,0,394,4598,7.0159912109375
img546,256,394,7358,11.2274169921875
img546,394,394,9878,15.0726318359375
img1205,0,0,0,0.0
img1205,256,0,0,0.0
img1205,394,0,0,0.0
img1205,0,256,0,0.0
img1205,256,256,0,0.0
img1205,394,256,0,0.0
img1205,0,394,0,0.0
img1205,256,394,0,0.0
img1205,394,394,0,0.0
img1102,0,0,8645,13.19122314453125
img1102,256,0,7118,10.8612060546875
img1102,394,0,15792,24.0966796875
img1102,0,256,9046,13.8031005859375
img1102,256,256,9697,14.79644775390625
img1102,394,256,7459,11.38153076171875
img1102,0,394,10700,16.326904296875
img1102,256,394,6888,10.51025390625
img1102,394,394,10354,15.7989501953125
img85,0,0,127,0.19378662109375
img85,256,0,2087,3.18450927734375
img85,394,0,2087,3.18450927734375
img85,0,256,0,0.0
img85,256,256,0,0.0
img85,394,256,0,0.0
img85,0,394,0,0.0
img85,256,394,0,0.0
img85,394,394,0,0.0
img1587,0,0,11693,17.84210205078125
img1587,256,0,138,0.2105712890625
img1587,394,0,2995,4.57000732421875
img1587,0,256,14646,22.3480224609375
img1587,256,256,4995,7.62176513671875
img1587,394,256,3606,5.5023193359375
img1587,0,394,11416,17.41943359375
img1587,256,394,10941,16.69464111328125
img1587,394,394,11376,17.3583984375
img796,0,0,0,0.0
img796,256,0,0,0.0
img796,394,0,0,0.0
img796,0,256,0,0.0
img796,256,256,0,0.0
img796,394,256,0,0.0
img796,0,394,0,0.0
img796,256,394,0,0.0
img796,394,394,0,0.0
img1225,0,0,13493,20.58868408203125
img1225,256,0,11779,17.97332763671875
img1225,394,0,12008,18.32275390625
img1225,0,256,15209,23.20709228515625
img1225,256,256,9188,14.019775390625
img1225,394,256,7211,11.00311279296875
img1225,0,394,14948,22.808837890625
img1225,256,394,12744,19.44580078125
img1225,394,394,11912,18.17626953125
img1645,0,0,6796,10.369873046875
img1645,256,0,14133,21.56524658203125
img1645,394,0,12658,19.3145751953125
img1645,0,256,12397,18.91632080078125
img1645,256,256,14229,21.71173095703125
img1645,394,256,15333,23.39630126953125
img1645,0,394,12161,18.55621337890625
img1645,256,394,13662,20.8465576171875
img1645,394,394,14503,22.12982177734375
img1581,0,0,0,0.0
img1581,256,0,0,0.0
img1581,394,0,0,0.0
img1581,0,256,0,0.0
img1581,256,256,0,0.0
img1581,394,256,0,0.0
img1581,0,394,0,0.0
img1581,256,394,0,0.0
img1581,394,394,0,0.0
img1239,0,0,3413,5.20782470703125
img1239,256,0,0,0.0
img1239,394,0,0,0.0
img1239,0,256,1257,1.91802978515625
img1239,256,256,0,0.0
img1239,394,256,0,0.0
img1239,0,394,0,0.0
img1239,256,394,0,0.0
img1239,394,394,0,0.0
img1676,0,0,353,0.53863525390625
img1676,256,0,0,0.0
img1676,394,0,0,0.0
img1676,0,256,0,0.0
img1676,256,256,0,0.0
img1676,394,256,0,0.0
img1676,0,394,0,0.0
img1676,256,394,0,0.0
img1676,394,394,0,0.0
img147,0,0,0,0.0
img147,256,0,0,0.0
img147,394,0,0,0.0
img147,0,256,0,0.0
img147,256,256,0,0.0
img147,394,256,0,0.0
img147,0,394,0,0.0
img147,256,394,0,0.0
img147,394,394,0,0.0
img631,0,0,0,0.0
img631,256,0,1721,2.62603759765625
img631,394,0,4158,6.3446044921875
img631,0,256,0,0.0
img631,256,256,2256,3.4423828125
img631,394,256,2372,3.619384765625
img631,0,394,0,0.0
img631,256,394,108,0.164794921875
img631,394,394,588,0.897216796875
img918,0,0,16826,25.6744384765625
img918,256,0,2972,4.534912109375
img918,394,0,5415,8.26263427734375
img918,0,256,31424,47.94921875
img918,256,256,30524,46.575927734375
img918,394,256,8405,12.82501220703125
img918,0,394,20758,31.6741943359375
img918,256,394,31385,47.88970947265625
img918,394,394,13911,21.22650146484375
img821,0,0,20739,31.64520263671875
img821,256,0,11922,18.1915283203125
img821,394,0,18875,28.80096435546875
img821,0,256,10633,16.22467041015625
img821,256,256,11719,17.88177490234375
img821,394,256,11289,17.22564697265625
img821,0,394,11378,17.3614501953125
img821,256,394,26921,41.07818603515625
img821,394,394,20059,30.60760498046875
img1299,0,0,0,0.0
img1299,256,0,0,0.0
img1299,394,0,0,0.0
img1299,0,256,0,0.0
img1299,256,256,0,0.0
img1299,394,256,0,0.0
img1299,0,394,0,0.0
img1299,256,394,0,0.0
img1299,394,394,0,0.0
img1716,0,0,7948,12.127685546875
img1716,256,0,14670,22.3846435546875
img1716,394,0,14770,22.5372314453125
img1716,0,256,0,0.0
img1716,256,256,0,0.0
img1716,394,256,0,0.0
img1716,0,394,0,0.0
img1716,256,394,0,0.0
img1716,394,394,0,0.0
img1111,0,0,0,0.0
img1111,256,0,0,0.0
img1111,394,0,0,0.0
img1111,0,256,0,0.0
img1111,256,256,0,0.0
img1111,394,256,0,0.0
img1111,0,394,0,0.0
img1111,256,394,0,0.0
img1111,394,394,0,0.0
img1689,0,0,11797,18.00079345703125
img1689,256,0,0,0.0
img1689,394,0,0,0.0
img1689,0,256,1232,1.8798828125
img1689,256,256,5378,8.2061767578125
img1689,394,256,1155,1.76239013671875
img1689,0,394,997,1.52130126953125
img1689,256,394,7960,12.14599609375
img1689,394,394,477,0.72784423828125
img586,0,0,0,0.0
img586,256,0,0,0.0
img586,394,0,0,0.0
img586,0,256,0,0.0
img586,256,256,0,0.0
img586,394,256,0,0.0
img586,0,394,0,0.0
img586,256,394,0,0.0
img586,394,394,0,0.0
img1817,0,0,0,0.0
img1817,256,0,0,0.0
img1817,394,0,0,0.0
img1817,0,256,0,0.0
img1817,256,256,0,0.0
img1817,394,256,0,0.0
img1817,0,394,0,0.0
img1817,256,394,0,0.0
img1817,394,394,0,0.0
img1551,0,0,0,0.0
img1551,256,0,105,0.16021728515625
img1551,394,0,216,0.32958984375
img1551,0,256,10975,16.74652099609375
img1551,256,256,11037,16.84112548828125
img1551,394,256,3321,5.06744384765625
img1551,0,394,14732,22.479248046875
img1551,256,394,9983,15.23284912109375
img1551,394,394,8843,13.49334716796875
img1159,0,0,0,0.0
img1159,256,0,0,0.0
img1159,394,0,0,0.0
img1159,0,256,0,0.0
img1159,256,256,0,0.0
img1159,394,256,0,0.0
img1159,0,394,0,0.0
img1159,256,394,0,0.0
img1159,394,394,0,0.0
img429,0,0,0,0.0
img429,256,0,0,0.0
img429,394,0,0,0.0
img429,0,256,0,0.0
img429,256,256,0,0.0
img429,394,256,0,0.0
img429,0,394,0,0.0
img429,256,394,0,0.0
img429,394,394,0,0.0
img278,0,0,10056,15.34423828125
img278,256,0,4234,6.4605712890625
img278,394,0,7646,11.6668701171875
img278,0,256,8343,12.73040771484375
img278,256,256,10646,16.2445068359375
img278,394,256,10224,15.6005859375
img278,0,394,10949,16.70684814453125
img278,256,394,11294,17.2332763671875
img278,394,394,9104,13.8916015625
img1791,0,0,0,0.0
img1791,256,0,0,0.0
img1791,394,0,0,0.0
img1791,0,256,0,0.0
img1791,256,256,0,0.0
img1791,394,256,0,0.0
img1791,0,394,0,0.0
img1791,256,394,0,0.0
img1791,394,394,0,0.0
img1250,0,0,0,0.0
img1250,256,0,0,0.0
img1250,394,0,0,0.0
img1250,0,256,0,0.0
img1250,256,256,0,0.0
img1250,394,256,0,0.0
img1250,0,394,0,0.0
img1250,256,394,0,0.0
img1250,394,394,0,0.0
img1653,0,0,7318,11.1663818359375
img1653,256,0,6222,9.4940185546875
img1653,394,0,5324,8.123779296875
img1653,0,256,3098,4.7271728515625
img1653,256,256,6565,10.01739501953125
img1653,394,256,4052,6.182861328125
img1653,0,394,2546,3.8848876953125
img1653,256,394,9770,14.9078369140625
img1653,394,394,11224,17.12646484375
img1249,0,0,0,0.0
img1249,256,0,0,0.0
img1249,394,0,0,0.0
img1249,0,256,0,0.0
img1249,256,256,0,0.0
img1249,394,256,0,0.0
img1249,0,394,0,0.0
img1249,256,394,0,0.0
img1249,394,394,0,0.0
img535,0,0,0,0.0
img535,256,0,0,0.0
img535,394,0,0,0.0
img535,0,256,0,0.0
img535,256,256,0,0.0
img535,394,256,0,0.0
img535,0,394,0,0.0
img535,256,394,0,0.0
img535,394,394,0,0.0
img544,0,0,0,0.0
img544,256,0,0,0.0
img544,394,0,0,0.0
img544,0,256,0,0.0
img544,256,256,0,0.0
img544,394,256,0,0.0
img544,0,394,0,0.0
img544,256,394,0,0.0
img544,394,394,0,0.0
img1838,0,0,0,0.0
img1838,256,0,0,0.0
img1838,394,0,0,0.0
img1838,0,256,0,0.0
img1838,256,256,0,0.0
img1838,394,256,0,0.0
img1838,0,394,0,0.0
img1838,256,394,0,0.0
img1838,394,394,0,0.0
img1292,0,0,0,0.0
img1292,256,0,0,0.0
img1292,394,0,0,0.0
img1292,0,256,0,0.0
img1292,256,256,0,0.0
img1292,394,256,0,0.0
img1292,0,394,0,0.0
img1292,256,394,0,0.0
img1292,394,394,0,0.0
img158,0,0,6959,10.61859130859375
img158,256,0,9013,13.75274658203125
img158,394,0,12592,19.2138671875
img158,0,256,8874,13.5406494140625
img158,256,256,5665,8.64410400390625
img158,394,256,9217,14.06402587890625
img158,0,394,8637,13.17901611328125
img158,256,394,6492,9.906005859375
img158,394,394,13224,20.17822265625
img245,0,0,0,0.0
img245,256,0,0,0.0
img245,394,0,393,0.59967041015625
img245,0,256,0,0.0
img245,256,256,0,0.0
img245,394,256,0,0.0
img245,0,394,0,0.0
img245,256,394,0,0.0
img245,394,394,0,0.0
img1660,0,0,0,0.0
img1660,256,0,0,0.0
img1660,394,0,0,0.0
img1660,0,256,0,0.0
img1660,256,256,0,0.0
img1660,394,256,0,0.0
img1660,0,394,0,0.0
img1660,256,394,0,0.0
img1660,394,394,0,0.0
img229,0,0,11189,17.07305908203125
img229,256,0,31644,48.284912109375
img229,394,0,17259,26.33514404296875
img229,0,256,15848,24.18212890625
img229,256,256,28002,42.7276611328125
img229,394,256,19527,29.79583740234375
img229,0,394,23922,36.5020751953125
img229,256,394,26240,40.0390625
img229,394,394,23776,36.279296875
img234,0,0,0,0.0
img234,256,0,9,0.01373291015625
img234,394,0,8274,12.6251220703125
img234,0,256,0,0.0
img234,256,256,1043,1.59149169921875
img234,394,256,6503,9.92279052734375
img234,0,394,0,0.0
img234,256,394,0,0.0
img234,394,394,0,0.0
img242,0,0,0,0.0
img242,256,0,5772,8.807373046875
img242,394,0,13691,20.89080810546875
img242,0,256,18596,28.375244140625
img242,256,256,8345,12.73345947265625
img242,394,256,3727,5.68695068359375
img242,0,394,15426,23.5382080078125
img242,256,394,11837,18.06182861328125
img242,394,394,8124,12.396240234375
img932,0,0,0,0.0
img932,256,0,0,0.0
img932,394,0,0,0.0
img932,0,256,0,0.0
img932,256,256,0,0.0
img932,394,256,0,0.0
img932,0,394,0,0.0
img932,256,394,0,0.0
img932,394,394,0,0.0
img721,0,0,14585,22.25494384765625
img721,256,0,11902,18.1610107421875
img721,394,0,7374,11.2518310546875
img721,0,256,8172,12.469482421875
img721,256,256,3823,5.83343505859375
img721,394,256,2362,3.6041259765625
img721,0,394,10340,15.777587890625
img721,256,394,6472,9.87548828125
img721,394,394,2362,3.6041259765625
img781,0,0,7141,10.89630126953125
img781,256,0,11666,17.8009033203125
img781,394,0,11110,16.9525146484375
img781,0,256,13842,21.1212158203125
img781,256,256,8824,13.46435546875
img781,394,256,13676,20.867919921875
img781,0,394,18174,27.7313232421875
img781,256,394,9530,14.5416259765625
img781,394,394,9668,14.752197265625
img100,0,0,1551,2.36663818359375
img100,256,0,10036,15.313720703125
img100,394,0,11616,17.724609375
img100,0,256,1014,1.5472412109375
img100,256,256,8386,12.7960205078125
img100,394,256,10755,16.41082763671875
img100,0,394,443,0.67596435546875
img100,256,394,7473,11.40289306640625
img100,394,394,9725,14.83917236328125
img1725,0,0,573,0.87432861328125
img1725,256,0,0,0.0
img1725,394,0,0,0.0
img1725,0,256,0,0.0
img1725,256,256,0,0.0
img1725,394,256,0,0.0
img1725,0,394,0,0.0
img1725,256,394,0,0.0
img1725,394,394,0,0.0
img751,0,0,0,0.0
img751,256,0,0,0.0
img751,394,0,0,0.0
img751,0,256,0,0.0
img751,256,256,0,0.0
img751,394,256,0,0.0
img751,0,394,0,0.0
img751,256,394,0,0.0
img751,394,394,0,0.0
img297,0,0,0,0.0
img297,256,0,0,0.0
img297,394,0,0,0.0
img297,0,256,0,0.0
img297,256,256,0,0.0
img297,394,256,0,0.0
img297,0,394,0,0.0
img297,256,394,0,0.0
img297,394,394,0,0.0
img1444,0,0,0,0.0
img1444,256,0,0,0.0
img1444,394,0,0,0.0
img1444,0,256,0,0.0
img1444,256,256,0,0.0
img1444,394,256,0,0.0
img1444,0,394,0,0.0
img1444,256,394,0,0.0
img1444,394,394,0,0.0
img110,0,0,23306,35.5621337890625
img110,256,0,14914,22.7569580078125
img110,394,0,15420,23.529052734375
img110,0,256,8672,13.232421875
img110,256,256,11488,17.529296875
img110,394,256,10070,15.3656005859375
img110,0,394,2922,4.4586181640625
img110,256,394,11733,17.90313720703125
img110,394,394,13058,19.9249267578125
img786,0,0,9442,14.4073486328125
img786,256,0,10243,15.62957763671875
img786,394,0,8771,13.38348388671875
img786,0,256,15535,23.70452880859375
img786,256,256,13070,19.9432373046875
img786,394,256,10592,16.162109375
img786,0,394,10765,16.42608642578125
img786,256,394,10473,15.98052978515625
img786,394,394,16751,25.55999755859375
img1424,0,0,0,0.0
img1424,256,0,0,0.0
img1424,394,0,0,0.0
img1424,0,256,0,0.0
img1424,256,256,0,0.0
img1424,394,256,0,0.0
img1424,0,394,0,0.0
img1424,256,394,0,0.0
img1424,394,394,0,0.0
img1057,0,0,7740,11.810302734375
img1057,256,0,3527,5.38177490234375
img1057,394,0,10229,15.60821533203125
img1057,0,256,0,0.0
img1057,256,256,6708,10.235595703125
img1057,394,256,9731,14.84832763671875
img1057,0,394,0,0.0
img1057,256,394,4380,6.683349609375
img1057,394,394,8680,13.24462890625
img1558,0,0,7392,11.279296875
img1558,256,0,20506,31.2896728515625
img1558,394,0,18285,27.90069580078125
img1558,0,256,15639,23.86322021484375
img1558,256,256,23218,35.4278564453125
img1558,394,256,16999,25.93841552734375
img1558,0,394,17673,26.96685791015625
img1558,256,394,21175,32.31048583984375
img1558,394,394,12140,18.524169921875
img89,0,0,0,0.0
img89,256,0,0,0.0
img89,394,0,0,0.0
img89,0,256,0,0.0
img89,256,256,0,0.0
img89,394,256,0,0.0
img89,0,394,0,0.0
img89,256,394,0,0.0
img89,394,394,0,0.0
img1719,0,0,0,0.0
img1719,256,0,24535,37.43743896484375
img1719,394,0,31050,47.3785400390625
img1719,0,256,0,0.0
img1719,256,256,0,0.0
img1719,394,256,0,0.0
img1719,0,394,0,0.0
img1719,256,394,0,0.0
img1719,394,394,0,0.0
img261,0,0,0,0.0
img261,256,0,0,0.0
img261,394,0,0,0.0
img261,0,256,0,0.0
img261,256,256,0,0.0
img261,394,256,0,0.0
img261,0,394,0,0.0
img261,256,394,0,0.0
img261,394,394,0,0.0
img516,0,0,12065,18.40972900390625
img516,256,0,14068,21.466064453125
img516,394,0,18525,28.26690673828125
img516,0,256,12817,19.55718994140625
img516,256,256,18322,27.9571533203125
img516,394,256,18100,27.618408203125
img516,0,394,16460,25.115966796875
img516,256,394,17190,26.2298583984375
img516,394,394,17293,26.38702392578125
img1603,0,0,0,0.0
img1603,256,0,717,1.09405517578125
img1603,394,0,747,1.13983154296875
img1603,0,256,0,0.0
img1603,256,256,0,0.0
img1603,394,256,0,0.0
img1603,0,394,0,0.0
img1603,256,394,0,0.0
img1603,394,394,1669,2.54669189453125
img469,0,0,0,0.0
img469,256,0,0,0.0
img469,394,0,0,0.0
img469,0,256,0,0.0
img469,256,256,0,0.0
img469,394,256,0,0.0
img469,0,394,0,0.0
img469,256,394,0,0.0
img469,394,394,0,0.0
img407,0,0,0,0.0
img407,256,0,0,0.0
img407,394,0,0,0.0
img407,0,256,0,0.0
img407,256,256,0,0.0
img407,394,256,0,0.0
img407,0,394,0,0.0
img407,256,394,0,0.0
img407,394,394,0,0.0
img1878,0,0,0,0.0
img1878,256,0,0,0.0
img1878,394,0,0,0.0
img1878,0,256,0,0.0
img1878,256,256,0,0.0
img1878,394,256,0,0.0
img1878,0,394,0,0.0
img1878,256,394,0,0.0
img1878,394,394,0,0.0
img865,0,0,10170,15.5181884765625
img865,256,0,10406,15.8782958984375
img865,394,0,8125,12.39776611328125
img865,0,256,9771,14.90936279296875
img865,256,256,9159,13.97552490234375
img865,394,256,12950,19.7601318359375
img865,0,394,16961,25.88043212890625
img865,256,394,12662,19.3206787109375
img865,394,394,11757,17.93975830078125
img1137,0,0,297,0.45318603515625
img1137,256,0,0,0.0
img1137,394,0,713,1.08795166015625
img1137,0,256,3473,5.29937744140625
img1137,256,256,854,1.3031005859375
img1137,394,256,643,0.98114013671875
img1137,0,394,386,0.5889892578125
img1137,256,394,788,1.202392578125
img1137,394,394,774,1.1810302734375
img902,0,0,0,0.0
img902,256,0,0,0.0
img902,394,0,0,0.0
img902,0,256,0,0.0
img902,256,256,0,0.0
img902,394,256,0,0.0
img902,0,394,0,0.0
img902,256,394,0,0.0
img902,394,394,0,0.0
img664,0,0,0,0.0
img664,256,0,0,0.0
img664,394,0,0,0.0
img664,0,256,0,0.0
img664,256,256,0,0.0
img664,394,256,0,0.0
img664,0,394,0,0.0
img664,256,394,0,0.0
img664,394,394,0,0.0
img1672,0,0,0,0.0
img1672,256,0,0,0.0
img1672,394,0,0,0.0
img1672,0,256,0,0.0
img1672,256,256,0,0.0
img1672,394,256,0,0.0
img1672,0,394,0,0.0
img1672,256,394,0,0.0
img1672,394,394,0,0.0
img1258,0,0,0,0.0
img1258,256,0,0,0.0
img1258,394,0,0,0.0
img1258,0,256,0,0.0
img1258,256,256,0,0.0
img1258,394,256,0,0.0
img1258,0,394,0,0.0
img1258,256,394,0,0.0
img1258,394,394,0,0.0
img1799,0,0,0,0.0
img1799,256,0,0,0.0
img1799,394,0,0,0.0
img1799,0,256,0,0.0
img1799,256,256,0,0.0
img1799,394,256,0,0.0
img1799,0,394,0,0.0
img1799,256,394,0,0.0
img1799,394,394,0,0.0
img849,0,0,0,0.0
img849,256,0,0,0.0
img849,394,0,0,0.0
img849,0,256,0,0.0
img849,256,256,0,0.0
img849,394,256,0,0.0
img849,0,394,0,0.0
img849,256,394,0,0.0
img849,394,394,0,0.0
img839,0,0,465,0.70953369140625
img839,256,0,0,0.0
img839,394,0,0,0.0
img839,0,256,3212,4.901123046875
img839,256,256,0,0.0
img839,394,256,0,0.0
img839,0,394,0,0.0
img839,256,394,0,0.0
img839,394,394,0,0.0
img1692,0,0,18109,27.63214111328125
img1692,256,0,3511,5.35736083984375
img1692,394,0,6695,10.21575927734375
img1692,0,256,8015,12.22991943359375
img1692,256,256,10,0.0152587890625
img1692,394,256,1602,2.4444580078125
img1692,0,394,11674,17.8131103515625
img1692,256,394,6,0.0091552734375
img1692,394,394,0,0.0
img360,0,0,9906,15.1153564453125
img360,256,0,12508,19.085693359375
img360,394,0,11493,17.53692626953125
img360,0,256,18659,28.47137451171875
img360,256,256,18169,27.72369384765625
img360,394,256,14374,21.9329833984375
img360,0,394,21334,32.5531005859375
img360,256,394,30566,46.6400146484375
img360,394,394,22655,34.56878662109375
img43,0,0,397,0.60577392578125
img43,256,0,0,0.0
img43,394,0,0,0.0
img43,0,256,0,0.0
img43,256,256,0,0.0
img43,394,256,0,0.0
img43,0,394,0,0.0
img43,256,394,0,0.0
img43,394,394,0,0.0
img1854,0,0,2191,3.34320068359375
img1854,256,0,17435,26.60369873046875
img1854,394,0,24076,36.737060546875
img1854,0,256,14407,21.98333740234375
img1854,256,256,6349,9.68780517578125
img1854,394,256,9168,13.9892578125
img1854,0,394,2726,4.1595458984375
img1854,256,394,2739,4.17938232421875
img1854,394,394,5368,8.19091796875
img1617,0,0,0,0.0
img1617,256,0,0,0.0
img1617,394,0,0,0.0
img1617,0,256,0,0.0
img1617,256,256,0,0.0
img1617,394,256,0,0.0
img1617,0,394,0,0.0
img1617,256,394,0,0.0
img1617,394,394,0,0.0
img271,0,0,0,0.0
img271,256,0,0,0.0
img271,394,0,0,0.0
img271,0,256,0,0.0
img271,256,256,0,0.0
img271,394,256,0,0.0
img271,0,394,0,0.0
img271,256,394,0,0.0
img271,394,394,0,0.0
img1635,0,0,0,0.0
img1635,256,0,0,0.0
img1635,394,0,7097,10.82916259765625
img1635,0,256,2111,3.22113037109375
img1635,256,256,0,0.0
img1635,394,256,0,0.0
img1635,0,394,28033,42.77496337890625
img1635,256,394,9644,14.715576171875
img1635,394,394,546,0.8331298828125
img1764,0,0,0,0.0
img1764,256,0,1753,2.67486572265625
img1764,394,0,1926,2.9388427734375
img1764,0,256,0,0.0
img1764,256,256,0,0.0
img1764,394,256,0,0.0
img1764,0,394,0,0.0
img1764,256,394,0,0.0
img1764,394,394,0,0.0
img1556,0,0,27543,42.02728271484375
img1556,256,0,690,1.0528564453125
img1556,394,0,341,0.52032470703125
img1556,0,256,13867,21.15936279296875
img1556,256,256,0,0.0
img1556,394,256,0,0.0
img1556,0,394,13211,20.15838623046875
img1556,256,394,0,0.0
img1556,394,394,0,0.0
img1852,0,0,0,0.0
img1852,256,0,0,0.0
img1852,394,0,0,0.0
img1852,0,256,0,0.0
img1852,256,256,0,0.0
img1852,394,256,0,0.0
img1852,0,394,0,0.0
img1852,256,394,0,0.0
img1852,394,394,0,0.0
img188,0,0,12049,18.38531494140625
img188,256,0,1246,1.9012451171875
img188,394,0,0,0.0
img188,0,256,6498,9.9151611328125
img188,256,256,783,1.19476318359375
img188,394,256,0,0.0
img188,0,394,16915,25.81024169921875
img188,256,394,11886,18.1365966796875
img188,394,394,5705,8.70513916015625
img1687,0,0,3863,5.89447021484375
img1687,256,0,7013,10.70098876953125
img1687,394,0,13555,20.68328857421875
img1687,0,256,11644,17.767333984375
img1687,256,256,57820,88.226318359375
img1687,394,256,59176,90.29541015625
img1687,0,394,12717,19.40460205078125
img1687,256,394,52714,80.4351806640625
img1687,394,394,64347,98.18572998046875
img1775,0,0,14512,22.1435546875
img1775,256,0,14794,22.5738525390625
img1775,394,0,16320,24.90234375
img1775,0,256,8058,12.2955322265625
img1775,256,256,14397,21.96807861328125
img1775,394,256,9551,14.57366943359375
img1775,0,394,4780,7.293701171875
img1775,256,394,11084,16.912841796875
img1775,394,394,12270,18.7225341796875
img1525,0,0,0,0.0
img1525,256,0,0,0.0
img1525,394,0,0,0.0
img1525,0,256,0,0.0
img1525,256,256,0,0.0
img1525,394,256,0,0.0
img1525,0,394,0,0.0
img1525,256,394,0,0.0
img1525,394,394,0,0.0
img47,0,0,0,0.0
img47,256,0,0,0.0
img47,394,0,0,0.0
img47,0,256,0,0.0
img47,256,256,0,0.0
img47,394,256,0,0.0
img47,0,394,0,0.0
img47,256,394,0,0.0
img47,394,394,0,0.0
img618,0,0,0,0.0
img618,256,0,0,0.0
img618,394,0,0,0.0
img618,0,256,0,0.0
img618,256,256,0,0.0
img618,394,256,0,0.0
img618,0,394,0,0.0
img618,256,394,0,0.0
img618,394,394,0,0.0
img1199,0,0,0,0.0
img1199,256,0,0,0.0
img1199,394,0,0,0.0
img1199,0,256,0,0.0
img1199,256,256,0,0.0
img1199,394,256,0,0.0
img1199,0,394,0,0.0
img1199,256,394,0,0.0
img1199,394,394,0,0.0
img890,0,0,0,0.0
img890,256,0,0,0.0
img890,394,0,0,0.0
img890,0,256,0,0.0
img890,256,256,0,0.0
img890,394,256,0,0.0
img890,0,394,0,0.0
img890,256,394,0,0.0
img890,394,394,0,0.0
img349,0,0,0,0.0
img349,256,0,0,0.0
img349,394,0,0,0.0
img349,0,256,0,0.0
img349,256,256,0,0.0
img349,394,256,0,0.0
img349,0,394,0,0.0
img349,256,394,0,0.0
img349,394,394,0,0.0
img988,0,0,0,0.0
img988,256,0,0,0.0
img988,394,0,0,0.0
img988,0,256,0,0.0
img988,256,256,0,0.0
img988,394,256,0,0.0
img988,0,394,0,0.0
img988,256,394,0,0.0
img988,394,394,0,0.0
img1728,0,0,0,0.0
img1728,256,0,0,0.0
img1728,394,0,0,0.0
img1728,0,256,0,0.0
img1728,256,256,0,0.0
img1728,394,256,0,0.0
img1728,0,394,0,0.0
img1728,256,394,0,0.0
img1728,394,394,0,0.0
img1114,0,0,0,0.0
img1114,256,0,0,0.0
img1114,394,0,0,0.0
img1114,0,256,0,0.0
img1114,256,256,0,0.0
img1114,394,256,0,0.0
img1114,0,394,0,0.0
img1114,256,394,0,0.0
img1114,394,394,0,0.0
img1203,0,0,0,0.0
img1203,256,0,0,0.0
img1203,394,0,0,0.0
img1203,0,256,0,0.0
img1203,256,256,0,0.0
img1203,394,256,0,0.0
img1203,0,394,0,0.0
img1203,256,394,0,0.0
img1203,394,394,0,0.0
img518,0,0,9687,14.78118896484375
img518,256,0,15770,24.0631103515625
img518,394,0,17136,26.1474609375
img518,0,256,15141,23.10333251953125
img518,256,256,6078,9.2742919921875
img518,394,256,9940,15.167236328125
img518,0,394,10541,16.08428955078125
img518,256,394,1358,2.0721435546875
img518,394,394,8170,12.4664306640625
img1841,0,0,0,0.0
img1841,256,0,0,0.0
img1841,394,0,0,0.0
img1841,0,256,0,0.0
img1841,256,256,0,0.0
img1841,394,256,0,0.0
img1841,0,394,0,0.0
img1841,256,394,0,0.0
img1841,394,394,0,0.0
img1032,0,0,0,0.0
img1032,256,0,0,0.0
img1032,394,0,0,0.0
img1032,0,256,0,0.0
img1032,256,256,0,0.0
img1032,394,256,0,0.0
img1032,0,394,0,0.0
img1032,256,394,0,0.0
img1032,394,394,0,0.0
img311,0,0,0,0.0
img311,256,0,0,0.0
img311,394,0,0,0.0
img311,0,256,0,0.0
img311,256,256,0,0.0
img311,394,256,0,0.0
img311,0,394,0,0.0
img311,256,394,0,0.0
img311,394,394,0,0.0
img1030,0,0,0,0.0
img1030,256,0,0,0.0
img1030,394,0,0,0.0
img1030,0,256,0,0.0
img1030,256,256,0,0.0
img1030,394,256,0,0.0
img1030,0,394,0,0.0
img1030,256,394,0,0.0
img1030,394,394,0,0.0
img624,0,0,0,0.0
img624,256,0,0,0.0
img624,394,0,0,0.0
img624,0,256,0,0.0
img624,256,256,0,0.0
img624,394,256,0,0.0
img624,0,394,0,0.0
img624,256,394,0,0.0
img624,394,394,0,0.0
img1462,0,0,10442,15.9332275390625
img1462,256,0,10831,16.52679443359375
img1462,394,0,19026,29.0313720703125
img1462,0,256,2363,3.60565185546875
img1462,256,256,7176,10.94970703125
img1462,394,256,7650,11.6729736328125
img1462,0,394,4807,7.33489990234375
img1462,256,394,2708,4.132080078125
img1462,394,394,3437,5.24444580078125
img1906,0,0,7510,11.4593505859375
img1906,256,0,1696,2.587890625
img1906,394,0,0,0.0
img1906,0,256,14893,22.72491455078125
img1906,256,256,151,0.23040771484375
img1906,394,256,0,0.0
img1906,0,394,9629,14.69268798828125
img1906,256,394,0,0.0
img1906,394,394,0,0.0
img52,0,0,0,0.0
img52,256,0,0,0.0
img52,394,0,0,0.0
img52,0,256,0,0.0
img52,256,256,0,0.0
img52,394,256,0,0.0
img52,0,394,0,0.0
img52,256,394,0,0.0
img52,394,394,0,0.0
img750,0,0,0,0.0
img750,256,0,0,0.0
img750,394,0,0,0.0
img750,0,256,0,0.0
img750,256,256,0,0.0
img750,394,256,0,0.0
img750,0,394,0,0.0
img750,256,394,0,0.0
img750,394,394,0,0.0
img1912,0,0,0,0.0
img1912,256,0,0,0.0
img1912,394,0,0,0.0
img1912,0,256,0,0.0
img1912,256,256,0,0.0
img1912,394,256,0,0.0
img1912,0,394,0,0.0
img1912,256,394,0,0.0
img1912,394,394,0,0.0
img1616,0,0,0,0.0
img1616,256,0,0,0.0
img1616,394,0,0,0.0
img1616,0,256,0,0.0
img1616,256,256,0,0.0
img1616,394,256,0,0.0
img1616,0,394,0,0.0
img1616,256,394,0,0.0
img1616,394,394,0,0.0
img1275,0,0,10157,15.49835205078125
img1275,256,0,947,1.44500732421875
img1275,394,0,10187,15.54412841796875
img1275,0,256,10336,15.771484375
img1275,256,256,6101,9.30938720703125
img1275,394,256,42,0.0640869140625
img1275,0,394,6949,10.60333251953125
img1275,256,394,1150,1.7547607421875
img1275,394,394,0,0.0
img462,0,0,0,0.0
img462,256,0,0,0.0
img462,394,0,0,0.0
img462,0,256,0,0.0
img462,256,256,0,0.0
img462,394,256,0,0.0
img462,0,394,0,0.0
img462,256,394,0,0.0
img462,394,394,0,0.0
img1666,0,0,0,0.0
img1666,256,0,0,0.0
img1666,394,0,0,0.0
img1666,0,256,0,0.0
img1666,256,256,0,0.0
img1666,394,256,0,0.0
img1666,0,394,0,0.0
img1666,256,394,0,0.0
img1666,394,394,0,0.0
img38,0,0,0,0.0
img38,256,0,0,0.0
img38,394,0,0,0.0
img38,0,256,0,0.0
img38,256,256,0,0.0
img38,394,256,0,0.0
img38,0,394,417,0.63629150390625
img38,256,394,0,0.0
img38,394,394,0,0.0
img1197,0,0,0,0.0
img1197,256,0,0,0.0
img1197,394,0,0,0.0
img1197,0,256,0,0.0
img1197,256,256,0,0.0
img1197,394,256,0,0.0
img1197,0,394,0,0.0
img1197,256,394,0,0.0
img1197,394,394,0,0.0
img1396,0,0,0,0.0
img1396,256,0,0,0.0
img1396,394,0,0,0.0
img1396,0,256,0,0.0
img1396,256,256,0,0.0
img1396,394,256,0,0.0
img1396,0,394,0,0.0
img1396,256,394,0,0.0
img1396,394,394,0,0.0
img723,0,0,0,0.0
img723,256,0,0,0.0
img723,394,0,0,0.0
img723,0,256,0,0.0
img723,256,256,0,0.0
img723,394,256,0,0.0
img723,0,394,1366,2.0843505859375
img723,256,394,416,0.634765625
img723,394,394,0,0.0
img1229,0,0,0,0.0
img1229,256,0,8132,12.408447265625
img1229,394,0,16952,25.86669921875
img1229,0,256,10559,16.11175537109375
img1229,256,256,4835,7.37762451171875
img1229,394,256,6809,10.38970947265625
img1229,0,394,6546,9.9884033203125
img1229,256,394,11155,17.02117919921875
img1229,394,394,12107,18.47381591796875
img1359,0,0,7899,12.05291748046875
img1359,256,0,0,0.0
img1359,394,0,9198,14.0350341796875
img1359,0,256,26344,40.19775390625
img1359,256,256,12888,19.66552734375
img1359,394,256,7321,11.17095947265625
img1359,0,394,23274,35.5133056640625
img1359,256,394,13360,20.3857421875
img1359,394,394,15364,23.443603515625
img1530,0,0,0,0.0
img1530,256,0,0,0.0
img1530,394,0,0,0.0
img1530,0,256,0,0.0
img1530,256,256,0,0.0
img1530,394,256,0,0.0
img1530,0,394,0,0.0
img1530,256,394,0,0.0
img1530,394,394,0,0.0
img734,0,0,5773,8.80889892578125
img734,256,0,5504,8.3984375
img734,394,0,3788,5.780029296875
img734,0,256,10769,16.43218994140625
img734,256,256,4138,6.3140869140625
img734,394,256,9464,14.44091796875
img734,0,394,3884,5.926513671875
img734,256,394,5149,7.85675048828125
img734,394,394,1947,2.97088623046875
img807,0,0,0,0.0
img807,256,0,0,0.0
img807,394,0,0,0.0
img807,0,256,0,0.0
img807,256,256,0,0.0
img807,394,256,0,0.0
img807,0,394,0,0.0
img807,256,394,0,0.0
img807,394,394,0,0.0
img678,0,0,0,0.0
img678,256,0,0,0.0
img678,394,0,0,0.0
img678,0,256,0,0.0
img678,256,256,0,0.0
img678,394,256,0,0.0
img678,0,394,0,0.0
img678,256,394,1803,2.75115966796875
img678,394,394,0,0.0
img748,0,0,0,0.0
img748,256,0,0,0.0
img748,394,0,0,0.0
img748,0,256,9050,13.8092041015625
img748,256,256,683,1.04217529296875
img748,394,256,483,0.73699951171875
img748,0,394,15492,23.638916015625
img748,256,394,6159,9.39788818359375
img748,394,394,3117,4.75616455078125
img1468,0,0,0,0.0
img1468,256,0,0,0.0
img1468,394,0,0,0.0
img1468,0,256,0,0.0
img1468,256,256,0,0.0
img1468,394,256,0,0.0
img1468,0,394,0,0.0
img1468,256,394,3173,4.84161376953125
img1468,394,394,1722,2.6275634765625
img1185,0,0,5545,8.46099853515625
img1185,256,0,6671,10.17913818359375
img1185,394,0,7821,11.93389892578125
img1185,0,256,57319,87.46185302734375
img1185,256,256,32625,49.78179931640625
img1185,394,256,24032,36.669921875
img1185,0,394,56483,86.18621826171875
img1185,256,394,34406,52.4993896484375
img1185,394,394,35617,54.34722900390625
img604,0,0,8550,13.0462646484375
img604,256,0,21757,33.19854736328125
img604,394,0,28200,43.02978515625
img604,0,256,8360,12.75634765625
img604,256,256,11165,17.03643798828125
img604,394,256,16358,24.9603271484375
img604,0,394,1226,1.8707275390625
img604,256,394,2487,3.79486083984375
img604,394,394,13155,20.07293701171875
img1833,0,0,5341,8.14971923828125
img1833,256,0,1147,1.75018310546875
img1833,394,0,341,0.52032470703125
img1833,0,256,8095,12.35198974609375
img1833,256,256,4232,6.45751953125
img1833,394,256,2505,3.82232666015625
img1833,0,394,6796,10.369873046875
img1833,256,394,12876,19.647216796875
img1833,394,394,8256,12.59765625
img488,0,0,0,0.0
img488,256,0,0,0.0
img488,394,0,0,0.0
img488,0,256,0,0.0
img488,256,256,0,0.0
img488,394,256,0,0.0
img488,0,394,0,0.0
img488,256,394,0,0.0
img488,394,394,0,0.0
img1211,0,0,0,0.0
img1211,256,0,0,0.0
img1211,394,0,0,0.0
img1211,0,256,0,0.0
img1211,256,256,0,0.0
img1211,394,256,0,0.0
img1211,0,394,0,0.0
img1211,256,394,0,0.0
img1211,394,394,0,0.0
img1828,0,0,14381,21.94366455078125
img1828,256,0,4609,7.03277587890625
img1828,394,0,6847,10.44769287109375
img1828,0,256,26328,40.17333984375
img1828,256,256,26927,41.08734130859375
img1828,394,256,19471,29.71038818359375
img1828,0,394,20299,30.97381591796875
img1828,256,394,41490,63.3087158203125
img1828,394,394,42547,64.92156982421875
img955,0,0,742,1.1322021484375
img955,256,0,7909,12.06817626953125
img955,394,0,9147,13.95721435546875
img955,0,256,8226,12.5518798828125
img955,256,256,12603,19.23065185546875
img955,394,256,13825,21.09527587890625
img955,0,394,10592,16.162109375
img955,256,394,15133,23.09112548828125
img955,394,394,15740,24.017333984375
img1320,0,0,13609,20.76568603515625
img1320,256,0,0,0.0
img1320,394,0,0,0.0
img1320,0,256,0,0.0
img1320,256,256,0,0.0
img1320,394,256,0,0.0
img1320,0,394,0,0.0
img1320,256,394,0,0.0
img1320,394,394,0,0.0
img503,0,0,0,0.0
img503,256,0,0,0.0
img503,394,0,0,0.0
img503,0,256,0,0.0
img503,256,256,0,0.0
img503,394,256,0,0.0
img503,0,394,0,0.0
img503,256,394,0,0.0
img503,394,394,0,0.0
img637,0,0,21228,32.391357421875
img637,256,0,7271,11.09466552734375
img637,394,0,10978,16.7510986328125
img637,0,256,16643,25.39520263671875
img637,256,256,10068,15.362548828125
img637,394,256,13863,21.15325927734375
img637,0,394,14243,21.73309326171875
img637,256,394,13617,20.77789306640625
img637,394,394,14346,21.8902587890625
img1665,0,0,0,0.0
img1665,256,0,0,0.0
img1665,394,0,0,0.0
img1665,0,256,0,0.0
img1665,256,256,0,0.0
img1665,394,256,0,0.0
img1665,0,394,0,0.0
img1665,256,394,0,0.0
img1665,394,394,0,0.0
img395,0,0,0,0.0
img395,256,0,0,0.0
img395,394,0,0,0.0
img395,0,256,0,0.0
img395,256,256,0,0.0
img395,394,256,0,0.0
img395,0,394,0,0.0
img395,256,394,0,0.0
img395,394,394,0,0.0
img501,0,0,0,0.0
img501,256,0,0,0.0
img501,394,0,0,0.0
img501,0,256,0,0.0
img501,256,256,0,0.0
img501,394,256,0,0.0
img501,0,394,0,0.0
img501,256,394,0,0.0
img501,394,394,0,0.0
img1724,0,0,0,0.0
img1724,256,0,0,0.0
img1724,394,0,0,0.0
img1724,0,256,0,0.0
img1724,256,256,1845,2.81524658203125
img1724,394,256,0,0.0
img1724,0,394,0,0.0
img1724,256,394,0,0.0
img1724,394,394,0,0.0
img350,0,0,0,0.0
img350,256,0,0,0.0
img350,394,0,0,0.0
img350,0,256,0,0.0
img350,256,256,0,0.0
img350,394,256,0,0.0
img350,0,394,0,0.0
img350,256,394,0,0.0
img350,394,394,0,0.0
img1856,0,0,0,0.0
img1856,256,0,0,0.0
img1856,394,0,6445,9.83428955078125
img1856,0,256,12021,18.34259033203125
img1856,256,256,795,1.21307373046875
img1856,394,256,15281,23.31695556640625
img1856,0,394,29064,44.34814453125
img1856,256,394,18534,28.2806396484375
img1856,394,394,16439,25.08392333984375
img1143,0,0,9811,14.97039794921875
img1143,256,0,10246,15.6341552734375
img1143,394,0,13775,21.01898193359375
img1143,0,256,10270,15.6707763671875
img1143,256,256,12109,18.47686767578125
img1143,394,256,14089,21.49810791015625
img1143,0,394,9320,14.22119140625
img1143,256,394,12756,19.464111328125
img1143,394,394,13408,20.458984375
img1416,0,0,11133,16.98760986328125
img1416,256,0,1728,2.63671875
img1416,394,0,5281,8.05816650390625
img1416,0,256,6683,10.19744873046875
img1416,256,256,7088,10.8154296875
img1416,394,256,4779,7.29217529296875
img1416,0,394,1997,3.04718017578125
img1416,256,394,7608,11.60888671875
img1416,394,394,7862,11.9964599609375
img1723,0,0,0,0.0
img1723,256,0,0,0.0
img1723,394,0,0,0.0
img1723,0,256,0,0.0
img1723,256,256,0,0.0
img1723,394,256,0,0.0
img1723,0,394,0,0.0
img1723,256,394,0,0.0
img1723,394,394,0,0.0
img1818,0,0,5363,8.18328857421875
img1818,256,0,0,0.0
img1818,394,0,0,0.0
img1818,0,256,962,1.4678955078125
img1818,256,256,5935,9.05609130859375
img1818,394,256,0,0.0
img1818,0,394,1509,2.30255126953125
img1818,256,394,8264,12.60986328125
img1818,394,394,0,0.0
img1104,0,0,94,0.1434326171875
img1104,256,0,0,0.0
img1104,394,0,0,0.0
img1104,0,256,1744,2.6611328125
img1104,256,256,9032,13.78173828125
img1104,394,256,3865,5.89752197265625
img1104,0,394,4615,7.04193115234375
img1104,256,394,6710,10.2386474609375
img1104,394,394,4525,6.90460205078125
img629,0,0,0,0.0
img629,256,0,1635,2.49481201171875
img629,394,0,6097,9.30328369140625
img629,0,256,1062,1.6204833984375
img629,256,256,629,0.95977783203125
img629,394,256,467,0.71258544921875
img629,0,394,1062,1.6204833984375
img629,256,394,0,0.0
img629,394,394,0,0.0
img1175,0,0,6132,9.356689453125
img1175,256,0,15502,23.6541748046875
img1175,394,0,11087,16.91741943359375
img1175,0,256,19870,30.3192138671875
img1175,256,256,14032,21.4111328125
img1175,394,256,20882,31.8634033203125
img1175,0,394,17777,27.12554931640625
img1175,256,394,17513,26.72271728515625
img1175,394,394,18171,27.72674560546875
img1309,0,0,11828,18.048095703125
img1309,256,0,14678,22.3968505859375
img1309,394,0,14381,21.94366455078125
img1309,0,256,10625,16.21246337890625
img1309,256,256,8036,12.261962890625
img1309,394,256,11288,17.22412109375
img1309,0,394,14011,21.37908935546875
img1309,256,394,12522,19.1070556640625
img1309,394,394,14116,21.539306640625
img858,0,0,0,0.0
img858,256,0,0,0.0
img858,394,0,0,0.0
img858,0,256,0,0.0
img858,256,256,0,0.0
img858,394,256,0,0.0
img858,0,394,0,0.0
img858,256,394,0,0.0
img858,394,394,0,0.0
img692,0,0,25213,38.47198486328125
img692,256,0,14675,22.39227294921875
img692,394,0,11043,16.85028076171875
img692,0,256,19301,29.45098876953125
img692,256,256,28659,43.73016357421875
img692,394,256,13331,20.34149169921875
img692,0,394,15537,23.70758056640625
img692,256,394,12557,19.16046142578125
img692,394,394,10047,15.33050537109375
img1751,0,0,0,0.0
img1751,256,0,0,0.0
img1751,394,0,0,0.0
img1751,0,256,0,0.0
img1751,256,256,0,0.0
img1751,394,256,0,0.0
img1751,0,394,0,0.0
img1751,256,394,0,0.0
img1751,394,394,0,0.0
img530,0,0,0,0.0
img530,256,0,0,0.0
img530,394,0,0,0.0
img530,0,256,0,0.0
img530,256,256,0,0.0
img530,394,256,0,0.0
img530,0,394,0,0.0
img530,256,394,0,0.0
img530,394,394,0,0.0
img1573,0,0,0,0.0
img1573,256,0,0,0.0
img1573,394,0,0,0.0
img1573,0,256,0,0.0
img1573,256,256,0,0.0
img1573,394,256,0,0.0
img1573,0,394,0,0.0
img1573,256,394,0,0.0
img1573,394,394,0,0.0
img1867,0,0,6211,9.47723388671875
img1867,256,0,0,0.0
img1867,394,0,0,0.0
img1867,0,256,2544,3.8818359375
img1867,256,256,0,0.0
img1867,394,256,0,0.0
img1867,0,394,0,0.0
img1867,256,394,0,0.0
img1867,394,394,0,0.0
img277,0,0,14973,22.84698486328125
img277,256,0,4642,7.0831298828125
img277,394,0,10821,16.51153564453125
img277,0,256,17453,26.63116455078125
img277,256,256,10592,16.162109375
img277,394,256,10767,16.42913818359375
img277,0,394,14583,22.25189208984375
img277,256,394,14356,21.905517578125
img277,394,394,13866,21.1578369140625
img545,0,0,2764,4.217529296875
img545,256,0,12712,19.39697265625
img545,394,0,10743,16.39251708984375
img545,0,256,703,1.07269287109375
img545,256,256,8863,13.52386474609375
img545,394,256,10078,15.3778076171875
img545,0,394,0,0.0
img545,256,394,0,0.0
img545,394,394,3472,5.2978515625
img1095,0,0,20423,31.16302490234375
img1095,256,0,6545,9.98687744140625
img1095,394,0,8313,12.68463134765625
img1095,0,256,11994,18.3013916015625
img1095,256,256,9030,13.7786865234375
img1095,394,256,9030,13.7786865234375
img1095,0,394,9594,14.6392822265625
img1095,256,394,14433,22.02301025390625
img1095,394,394,13506,20.6085205078125
img699,0,0,14724,22.467041015625
img699,256,0,15045,22.95684814453125
img699,394,0,13108,20.001220703125
img699,0,256,11888,18.1396484375
img699,256,256,13314,20.3155517578125
img699,394,256,11917,18.18389892578125
img699,0,394,10242,15.6280517578125
img699,256,394,13307,20.30487060546875
img699,394,394,11833,18.05572509765625
img1414,0,0,6842,10.4400634765625
img1414,256,0,7687,11.72943115234375
img1414,394,0,3302,5.0384521484375
img1414,0,256,7704,11.75537109375
img1414,256,256,8514,12.9913330078125
img1414,394,256,4193,6.39801025390625
img1414,0,394,4984,7.60498046875
img1414,256,394,13155,20.07293701171875
img1414,394,394,10958,16.7205810546875
img713,0,0,0,0.0
img713,256,0,0,0.0
img713,394,0,0,0.0
img713,0,256,0,0.0
img713,256,256,0,0.0
img713,394,256,0,0.0
img713,0,394,0,0.0
img713,256,394,0,0.0
img713,394,394,0,0.0
img1501,0,0,14908,22.747802734375
img1501,256,0,11899,18.15643310546875
img1501,394,0,18450,28.1524658203125
img1501,0,256,7963,12.15057373046875
img1501,256,256,12846,19.6014404296875
img1501,394,256,17044,26.007080078125
img1501,0,394,8557,13.05694580078125
img1501,256,394,11221,17.12188720703125
img1501,394,394,20505,31.28814697265625
img1335,0,0,0,0.0
img1335,256,0,0,0.0
img1335,394,0,0,0.0
img1335,0,256,0,0.0
img1335,256,256,0,0.0
img1335,394,256,0,0.0
img1335,0,394,0,0.0
img1335,256,394,0,0.0
img1335,394,394,0,0.0
img185,0,0,12293,18.75762939453125
img185,256,0,17108,26.104736328125
img185,394,0,15062,22.9827880859375
img185,0,256,15598,23.8006591796875
img185,256,256,15652,23.883056640625
img185,394,256,10699,16.32537841796875
img185,0,394,18865,28.78570556640625
img185,256,394,22499,34.33074951171875
img185,394,394,7280,11.1083984375
img481,0,0,6564,10.015869140625
img481,256,0,13815,21.08001708984375
img481,394,0,15269,23.29864501953125
img481,0,256,1507,2.29949951171875
img481,256,256,6810,10.3912353515625
img481,394,256,17426,26.5899658203125
img481,0,394,8261,12.60528564453125
img481,256,394,2487,3.79486083984375
img481,394,394,8022,12.2406005859375
img1074,0,0,0,0.0
img1074,256,0,0,0.0
img1074,394,0,0,0.0
img1074,0,256,0,0.0
img1074,256,256,0,0.0
img1074,394,256,0,0.0
img1074,0,394,0,0.0
img1074,256,394,0,0.0
img1074,394,394,0,0.0
img630,0,0,0,0.0
img630,256,0,0,0.0
img630,394,0,0,0.0
img630,0,256,0,0.0
img630,256,256,0,0.0
img630,394,256,0,0.0
img630,0,394,0,0.0
img630,256,394,0,0.0
img630,394,394,0,0.0
img659,0,0,0,0.0
img659,256,0,0,0.0
img659,394,0,0,0.0
img659,0,256,3293,5.02471923828125
img659,256,256,4246,6.4788818359375
img659,394,256,4965,7.57598876953125
img659,0,394,7374,11.2518310546875
img659,256,394,2782,4.2449951171875
img659,394,394,3244,4.949951171875
img1089,0,0,4563,6.96258544921875
img1089,256,0,6499,9.91668701171875
img1089,394,0,14171,21.62322998046875
img1089,0,256,12579,19.19403076171875
img1089,256,256,7777,11.86676025390625
img1089,394,256,5448,8.31298828125
img1089,0,394,13889,21.19293212890625
img1089,256,394,6027,9.19647216796875
img1089,394,394,3706,5.6549072265625
img1470,0,0,0,0.0
img1470,256,0,0,0.0
img1470,394,0,0,0.0
img1470,0,256,0,0.0
img1470,256,256,0,0.0
img1470,394,256,0,0.0
img1470,0,394,0,0.0
img1470,256,394,0,0.0
img1470,394,394,0,0.0
img203,0,0,15187,23.17352294921875
img203,256,0,9105,13.89312744140625
img203,394,0,1497,2.28424072265625
img203,0,256,13310,20.3094482421875
img203,256,256,25098,38.2965087890625
img203,394,256,25455,38.84124755859375
img203,0,394,29061,44.34356689453125
img203,256,394,23329,35.59722900390625
img203,394,394,27607,42.12493896484375
img952,0,0,0,0.0
img952,256,0,0,0.0
img952,394,0,0,0.0
img952,0,256,0,0.0
img952,256,256,0,0.0
img952,394,256,0,0.0
img952,0,394,0,0.0
img952,256,394,0,0.0
img952,394,394,0,0.0
img460,0,0,0,0.0
img460,256,0,0,0.0
img460,394,0,0,0.0
img460,0,256,0,0.0
img460,256,256,0,0.0
img460,394,256,0,0.0
img460,0,394,0,0.0
img460,256,394,0,0.0
img460,394,394,0,0.0
img822,0,0,0,0.0
img822,256,0,3958,6.0394287109375
img822,394,0,12499,19.07196044921875
img822,0,256,0,0.0
img822,256,256,6123,9.34295654296875
img822,394,256,14166,21.6156005859375
img822,0,394,1892,2.886962890625
img822,256,394,5524,8.428955078125
img822,394,394,12278,18.7347412109375
img1649,0,0,4926,7.5164794921875
img1649,256,0,14988,22.869873046875
img1649,394,0,5657,8.63189697265625
img1649,0,256,9623,14.68353271484375
img1649,256,256,9328,14.2333984375
img1649,394,256,10939,16.69158935546875
img1649,0,394,12402,18.9239501953125
img1649,256,394,2933,4.47540283203125
img1649,394,394,5949,9.07745361328125
img634,0,0,261,0.39825439453125
img634,256,0,3146,4.8004150390625
img634,394,0,3906,5.9600830078125
img634,0,256,0,0.0
img634,256,256,0,0.0
img634,394,256,0,0.0
img634,0,394,0,0.0
img634,256,394,0,0.0
img634,394,394,0,0.0
img1240,0,0,0,0.0
img1240,256,0,0,0.0
img1240,394,0,0,0.0
img1240,0,256,0,0.0
img1240,256,256,0,0.0
img1240,394,256,0,0.0
img1240,0,394,0,0.0
img1240,256,394,0,0.0
img1240,394,394,0,0.0
img1820,0,0,14819,22.61199951171875
img1820,256,0,11351,17.32025146484375
img1820,394,0,1219,1.86004638671875
img1820,0,256,8732,13.323974609375
img1820,256,256,6899,10.52703857421875
img1820,394,256,412,0.628662109375
img1820,0,394,8225,12.55035400390625
img1820,256,394,7504,11.4501953125
img1820,394,394,2766,4.2205810546875
img1297,0,0,0,0.0
img1297,256,0,0,0.0
img1297,394,0,0,0.0
img1297,0,256,0,0.0
img1297,256,256,0,0.0
img1297,394,256,0,0.0
img1297,0,394,0,0.0
img1297,256,394,0,0.0
img1297,394,394,0,0.0
img27,0,0,0,0.0
img27,256,0,10674,16.2872314453125
img27,394,0,6624,10.107421875
img27,0,256,0,0.0
img27,256,256,25668,39.166259765625
img27,394,256,23087,35.22796630859375
img27,0,394,0,0.0
img27,256,394,8691,13.26141357421875
img27,394,394,20938,31.9488525390625
img473,0,0,0,0.0
img473,256,0,4379,6.68182373046875
img473,394,0,30767,46.94671630859375
img473,0,256,0,0.0
img473,256,256,0,0.0
img473,394,256,472,0.72021484375
img473,0,394,0,0.0
img473,256,394,0,0.0
img473,394,394,53,0.08087158203125
img157,0,0,1522,2.3223876953125
img157,256,0,9753,14.88189697265625
img157,394,0,9853,15.03448486328125
img157,0,256,10206,15.5731201171875
img157,256,256,8288,12.646484375
img157,394,256,10841,16.54205322265625
img157,0,394,8369,12.77008056640625
img157,256,394,7224,11.02294921875
img157,394,394,10964,16.729736328125
img1076,0,0,0,0.0
img1076,256,0,0,0.0
img1076,394,0,0,0.0
img1076,0,256,0,0.0
img1076,256,256,0,0.0
img1076,394,256,0,0.0
img1076,0,394,0,0.0
img1076,256,394,0,0.0
img1076,394,394,0,0.0
img1103,0,0,20412,31.146240234375
img1103,256,0,29398,44.8577880859375
img1103,394,0,19995,30.50994873046875
img1103,0,256,5291,8.07342529296875
img1103,256,256,9833,15.00396728515625
img1103,394,256,12850,19.6075439453125
img1103,0,394,8566,13.0706787109375
img1103,256,394,7696,11.7431640625
img1103,394,394,5288,8.06884765625
img1488,0,0,0,0.0
img1488,256,0,0,0.0
img1488,394,0,0,0.0
img1488,0,256,0,0.0
img1488,256,256,0,0.0
img1488,394,256,0,0.0
img1488,0,394,0,0.0
img1488,256,394,0,0.0
img1488,394,394,0,0.0
img1809,0,0,0,0.0
img1809,256,0,864,1.318359375
img1809,394,0,14165,21.61407470703125
img1809,0,256,0,0.0
img1809,256,256,0,0.0
img1809,394,256,1491,2.27508544921875
img1809,0,394,0,0.0
img1809,256,394,0,0.0
img1809,394,394,0,0.0
img211,0,0,2864,4.3701171875
img211,256,0,4545,6.93511962890625
img211,394,0,6594,10.0616455078125
img211,0,256,0,0.0
img211,256,256,2277,3.47442626953125
img211,394,256,7712,11.767578125
img211,0,394,0,0.0
img211,256,394,30,0.0457763671875
img211,394,394,240,0.3662109375
img924,0,0,2829,4.31671142578125
img924,256,0,4456,6.79931640625
img924,394,0,4873,7.43560791015625
img924,0,256,4983,7.60345458984375
img924,256,256,3097,4.72564697265625
img924,394,256,5366,8.1878662109375
img924,0,394,7564,11.541748046875
img924,256,394,5903,9.00726318359375
img924,394,394,3578,5.4595947265625
img127,0,0,1085,1.65557861328125
img127,256,0,992,1.513671875
img127,394,0,1995,3.04412841796875
img127,0,256,756,1.153564453125
img127,256,256,216,0.32958984375
img127,394,256,1600,2.44140625
img127,0,394,1875,2.86102294921875
img127,256,394,8409,12.83111572265625
img127,394,394,9200,14.0380859375
img1893,0,0,0,0.0
img1893,256,0,0,0.0
img1893,394,0,0,0.0
img1893,0,256,0,0.0
img1893,256,256,0,0.0
img1893,394,256,0,0.0
img1893,0,394,0,0.0
img1893,256,394,1167,1.78070068359375
img1893,394,394,3992,6.09130859375
img1371,0,0,9602,14.6514892578125
img1371,256,0,7594,11.5875244140625
img1371,394,0,9423,14.37835693359375
img1371,0,256,2283,3.48358154296875
img1371,256,256,6237,9.51690673828125
img1371,394,256,5483,8.36639404296875
img1371,0,394,6773,10.33477783203125
img1371,256,394,6502,9.9212646484375
img1371,394,394,921,1.40533447265625
img1149,0,0,0,0.0
img1149,256,0,0,0.0
img1149,394,0,0,0.0
img1149,0,256,7036,10.736083984375
img1149,256,256,9491,14.48211669921875
img1149,394,256,6582,10.0433349609375
img1149,0,394,1964,2.996826171875
img1149,256,394,10541,16.08428955078125
img1149,394,394,5287,8.06732177734375
img348,0,0,0,0.0
img348,256,0,0,0.0
img348,394,0,0,0.0
img348,0,256,0,0.0
img348,256,256,0,0.0
img348,394,256,0,0.0
img348,0,394,0,0.0
img348,256,394,0,0.0
img348,394,394,0,0.0
img132,0,0,0,0.0
img132,256,0,0,0.0
img132,394,0,0,0.0
img132,0,256,0,0.0
img132,256,256,0,0.0
img132,394,256,0,0.0
img132,0,394,0,0.0
img132,256,394,0,0.0
img132,394,394,0,0.0
img362,0,0,0,0.0
img362,256,0,0,0.0
img362,394,0,0,0.0
img362,0,256,6315,9.63592529296875
img362,256,256,1024,1.5625
img362,394,256,3795,5.79071044921875
img362,0,394,11108,16.949462890625
img362,256,394,8190,12.4969482421875
img362,394,394,7906,12.0635986328125
img393,0,0,0,0.0
img393,256,0,0,0.0
img393,394,0,0,0.0
img393,0,256,0,0.0
img393,256,256,0,0.0
img393,394,256,0,0.0
img393,0,394,0,0.0
img393,256,394,0,0.0
img393,394,394,0,0.0
img813,0,0,0,0.0
img813,256,0,0,0.0
img813,394,0,0,0.0
img813,0,256,0,0.0
img813,256,256,0,0.0
img813,394,256,0,0.0
img813,0,394,0,0.0
img813,256,394,2361,3.60260009765625
img813,394,394,2867,4.37469482421875
img1640,0,0,8995,13.72528076171875
img1640,256,0,235,0.35858154296875
img1640,394,0,17035,25.99334716796875
img1640,0,256,16862,25.7293701171875
img1640,256,256,14171,21.62322998046875
img1640,394,256,10428,15.911865234375
img1640,0,394,13177,20.10650634765625
img1640,256,394,16747,25.55389404296875
img1640,394,394,21493,32.79571533203125
img1176,0,0,6737,10.27984619140625
img1176,256,0,16082,24.5391845703125
img1176,394,0,7463,11.38763427734375
img1176,0,256,12669,19.33135986328125
img1176,256,256,6100,9.307861328125
img1176,394,256,3217,4.90875244140625
img1176,0,394,7976,12.17041015625
img1176,256,394,15205,23.20098876953125
img1176,394,394,8005,12.21466064453125
img5,0,0,0,0.0
img5,256,0,0,0.0
img5,394,0,0,0.0
img5,0,256,0,0.0
img5,256,256,0,0.0
img5,394,256,0,0.0
img5,0,394,0,0.0
img5,256,394,0,0.0
img5,394,394,0,0.0
img537,0,0,0,0.0
img537,256,0,0,0.0
img537,394,0,0,0.0
img537,0,256,0,0.0
img537,256,256,0,0.0
img537,394,256,0,0.0
img537,0,394,0,0.0
img537,256,394,0,0.0
img537,394,394,0,0.0
img1059,0,0,27269,41.60919189453125
img1059,256,0,10473,15.98052978515625
img1059,394,0,8925,13.61846923828125
img1059,0,256,9023,13.76800537109375
img1059,256,256,12359,18.85833740234375
img1059,394,256,9883,15.08026123046875
img1059,0,394,9632,14.697265625
img1059,256,394,10283,15.69061279296875
img1059,394,394,9697,14.79644775390625
img1632,0,0,0,0.0
img1632,256,0,0,0.0
img1632,394,0,0,0.0
img1632,0,256,0,0.0
img1632,256,256,0,0.0
img1632,394,256,0,0.0
img1632,0,394,0,0.0
img1632,256,394,0,0.0
img1632,394,394,0,0.0
img124,0,0,9419,14.37225341796875
img124,256,0,10681,16.29791259765625
img124,394,0,12237,18.67218017578125
img124,0,256,6444,9.832763671875
img124,256,256,6360,9.70458984375
img124,394,256,11690,17.8375244140625
img124,0,394,9134,13.9373779296875
img124,256,394,4138,6.3140869140625
img124,394,394,4935,7.53021240234375
img1402,0,0,10313,15.73638916015625
img1402,256,0,17546,26.7730712890625
img1402,394,0,16388,25.006103515625
img1402,0,256,18075,27.58026123046875
img1402,256,256,23162,35.3424072265625
img1402,394,256,15765,24.05548095703125
img1402,0,394,13460,20.538330078125
img1402,256,394,17079,26.06048583984375
img1402,394,394,14447,22.04437255859375
img1326,0,0,86,0.1312255859375
img1326,256,0,3077,4.69512939453125
img1326,394,0,5719,8.72650146484375
img1326,0,256,4000,6.103515625
img1326,256,256,822,1.2542724609375
img1326,394,256,1170,1.7852783203125
img1326,0,394,93,0.14190673828125
img1326,256,394,0,0.0
img1326,394,394,1295,1.97601318359375
img577,0,0,0,0.0
img577,256,0,0,0.0
img577,394,0,0,0.0
img577,0,256,0,0.0
img577,256,256,0,0.0
img577,394,256,0,0.0
img577,0,394,0,0.0
img577,256,394,0,0.0
img577,394,394,0,0.0
img1570,0,0,0,0.0
img1570,256,0,0,0.0
img1570,394,0,0,0.0
img1570,0,256,0,0.0
img1570,256,256,0,0.0
img1570,394,256,0,0.0
img1570,0,394,0,0.0
img1570,256,394,0,0.0
img1570,394,394,0,0.0
img86,0,0,5001,7.63092041015625
img86,256,0,7121,10.86578369140625
img86,394,0,8986,13.7115478515625
img86,0,256,12385,18.89801025390625
img86,256,256,16762,25.5767822265625
img86,394,256,12110,18.4783935546875
img86,0,394,13448,20.52001953125
img86,256,394,11630,17.7459716796875
img86,394,394,11336,17.29736328125
img1434,0,0,0,0.0
img1434,256,0,0,0.0
img1434,394,0,0,0.0
img1434,0,256,0,0.0
img1434,256,256,0,0.0
img1434,394,256,0,0.0
img1434,0,394,0,0.0
img1434,256,394,0,0.0
img1434,394,394,0,0.0
img20,0,0,0,0.0
img20,256,0,0,0.0
img20,394,0,755,1.15203857421875
img20,0,256,1233,1.88140869140625
img20,256,256,0,0.0
img20,394,256,1779,2.71453857421875
img20,0,394,2707,4.13055419921875
img20,256,394,0,0.0
img20,394,394,0,0.0
img1422,0,0,0,0.0
img1422,256,0,0,0.0
img1422,394,0,0,0.0
img1422,0,256,0,0.0
img1422,256,256,0,0.0
img1422,394,256,0,0.0
img1422,0,394,0,0.0
img1422,256,394,0,0.0
img1422,394,394,0,0.0
img423,0,0,0,0.0
img423,256,0,0,0.0
img423,394,0,0,0.0
img423,0,256,0,0.0
img423,256,256,0,0.0
img423,394,256,0,0.0
img423,0,394,0,0.0
img423,256,394,0,0.0
img423,394,394,0,0.0
img377,0,0,0,0.0
img377,256,0,0,0.0
img377,394,0,0,0.0
img377,0,256,0,0.0
img377,256,256,0,0.0
img377,394,256,0,0.0
img377,0,394,0,0.0
img377,256,394,0,0.0
img377,394,394,0,0.0
img102,0,0,20034,30.5694580078125
img102,256,0,8354,12.7471923828125
img102,394,0,10505,16.02935791015625
img102,0,256,13435,20.50018310546875
img102,256,256,14792,22.57080078125
img102,394,256,14357,21.90704345703125
img102,0,394,12931,19.73114013671875
img102,256,394,10408,15.88134765625
img102,394,394,13548,20.672607421875
img540,0,0,0,0.0
img540,256,0,0,0.0
img540,394,0,0,0.0
img540,0,256,0,0.0
img540,256,256,0,0.0
img540,394,256,0,0.0
img540,0,394,0,0.0
img540,256,394,0,0.0
img540,394,394,0,0.0
img173,0,0,8646,13.1927490234375
img173,256,0,5072,7.7392578125
img173,394,0,7629,11.64093017578125
img173,0,256,8214,12.5335693359375
img173,256,256,10803,16.48406982421875
img173,394,256,7637,11.65313720703125
img173,0,394,12510,19.0887451171875
img173,256,394,11129,16.98150634765625
img173,394,394,11654,17.7825927734375
img1045,0,0,9642,14.7125244140625
img1045,256,0,15395,23.49090576171875
img1045,394,0,13333,20.34454345703125
img1045,0,256,6265,9.55963134765625
img1045,256,256,11642,17.7642822265625
img1045,394,256,11690,17.8375244140625
img1045,0,394,3333,5.08575439453125
img1045,256,394,3860,5.889892578125
img1045,394,394,9425,14.38140869140625
img685,0,0,13578,20.7183837890625
img685,256,0,13627,20.79315185546875
img685,394,0,14208,21.6796875
img685,0,256,16143,24.63226318359375
img685,256,256,12047,18.38226318359375
img685,394,256,9122,13.9190673828125
img685,0,394,15082,23.0133056640625
img685,256,394,11339,17.30194091796875
img685,394,394,6064,9.2529296875
img1455,0,0,17873,27.27203369140625
img1455,256,0,9974,15.2191162109375
img1455,394,0,10283,15.69061279296875
img1455,0,256,0,0.0
img1455,256,256,0,0.0
img1455,394,256,3621,5.52520751953125
img1455,0,394,3691,5.63201904296875
img1455,256,394,1248,1.904296875
img1455,394,394,7666,11.6973876953125
img411,0,0,19501,29.75616455078125
img411,256,0,2240,3.41796875
img411,394,0,9587,14.62860107421875
img411,0,256,341,0.52032470703125
img411,256,256,12683,19.35272216796875
img411,394,256,24056,36.70654296875
img411,0,394,471,0.71868896484375
img411,256,394,17166,26.1932373046875
img411,394,394,25504,38.916015625
img1796,0,0,3021,4.60968017578125
img1796,256,0,4680,7.14111328125
img1796,394,0,5423,8.27484130859375
img1796,0,256,0,0.0
img1796,256,256,0,0.0
img1796,394,256,0,0.0
img1796,0,394,0,0.0
img1796,256,394,0,0.0
img1796,394,394,0,0.0
img725,0,0,18647,28.45306396484375
img725,256,0,22835,34.84344482421875
img725,394,0,13184,20.1171875
img725,0,256,11102,16.9403076171875
img725,256,256,12862,19.6258544921875
img725,394,256,11907,18.16864013671875
img725,0,394,9166,13.9862060546875
img725,256,394,13404,20.452880859375
img725,394,394,11549,17.62237548828125
img164,0,0,0,0.0
img164,256,0,12074,18.4234619140625
img164,394,0,5760,8.7890625
img164,0,256,0,0.0
img164,256,256,13095,19.98138427734375
img164,394,256,22060,33.660888671875
img164,0,394,0,0.0
img164,256,394,19244,29.364013671875
img164,394,394,47273,72.13287353515625
img961,0,0,10122,15.4449462890625
img961,256,0,12550,19.1497802734375
img961,394,0,10509,16.03546142578125
img961,0,256,5901,9.00421142578125
img961,256,256,12215,18.63861083984375
img961,394,256,15918,24.2889404296875
img961,0,394,8981,13.70391845703125
img961,256,394,13888,21.19140625
img961,394,394,14032,21.4111328125
img466,0,0,0,0.0
img466,256,0,0,0.0
img466,394,0,0,0.0
img466,0,256,0,0.0
img466,256,256,0,0.0
img466,394,256,0,0.0
img466,0,394,0,0.0
img466,256,394,0,0.0
img466,394,394,0,0.0
img1436,0,0,0,0.0
img1436,256,0,0,0.0
img1436,394,0,0,0.0
img1436,0,256,0,0.0
img1436,256,256,0,0.0
img1436,394,256,0,0.0
img1436,0,394,0,0.0
img1436,256,394,0,0.0
img1436,394,394,0,0.0
img1489,0,0,0,0.0
img1489,256,0,0,0.0
img1489,394,0,0,0.0
img1489,0,256,0,0.0
img1489,256,256,0,0.0
img1489,394,256,0,0.0
img1489,0,394,0,0.0
img1489,256,394,0,0.0
img1489,394,394,0,0.0
img1189,0,0,2075,3.16619873046875
img1189,256,0,906,1.3824462890625
img1189,394,0,14,0.0213623046875
img1189,0,256,8907,13.59100341796875
img1189,256,256,8758,13.3636474609375
img1189,394,256,12,0.018310546875
img1189,0,394,19463,29.69818115234375
img1189,256,394,9727,14.84222412109375
img1189,394,394,12,0.018310546875
img595,0,0,12827,19.57244873046875
img595,256,0,11211,17.10662841796875
img595,394,0,17547,26.77459716796875
img595,0,256,6835,10.42938232421875
img595,256,256,9592,14.63623046875
img595,394,256,9705,14.80865478515625
img595,0,394,10158,15.4998779296875
img595,256,394,8773,13.38653564453125
img595,394,394,10260,15.655517578125
img669,0,0,0,0.0
img669,256,0,0,0.0
img669,394,0,0,0.0
img669,0,256,0,0.0
img669,256,256,0,0.0
img669,394,256,0,0.0
img669,0,394,0,0.0
img669,256,394,0,0.0
img669,394,394,0,0.0
img269,0,0,0,0.0
img269,256,0,0,0.0
img269,394,0,0,0.0
img269,0,256,0,0.0
img269,256,256,0,0.0
img269,394,256,0,0.0
img269,0,394,0,0.0
img269,256,394,0,0.0
img269,394,394,0,0.0
img785,0,0,14379,21.94061279296875
img785,256,0,11194,17.0806884765625
img785,394,0,19115,29.16717529296875
img785,0,256,12044,18.377685546875
img785,256,256,10359,15.80657958984375
img785,394,256,10734,16.3787841796875
img785,0,394,17141,26.15509033203125
img785,256,394,12441,18.98345947265625
img785,394,394,15293,23.33526611328125
img727,0,0,12834,19.5831298828125
img727,256,0,935,1.42669677734375
img727,394,0,1016,1.55029296875
img727,0,256,9454,14.4256591796875
img727,256,256,10637,16.23077392578125
img727,394,256,6272,9.5703125
img727,0,394,12116,18.487548828125
img727,256,394,7828,11.944580078125
img727,394,394,8295,12.65716552734375
img471,0,0,24569,37.48931884765625
img471,256,0,7611,11.61346435546875
img471,394,0,20157,30.75714111328125
img471,0,256,2606,3.9764404296875
img471,256,256,28326,43.2220458984375
img471,394,256,25275,38.56658935546875
img471,0,394,0,0.0
img471,256,394,3953,6.03179931640625
img471,394,394,10233,15.61431884765625
img1105,0,0,0,0.0
img1105,256,0,0,0.0
img1105,394,0,0,0.0
img1105,0,256,0,0.0
img1105,256,256,0,0.0
img1105,394,256,0,0.0
img1105,0,394,0,0.0
img1105,256,394,0,0.0
img1105,394,394,0,0.0
img1123,0,0,0,0.0
img1123,256,0,0,0.0
img1123,394,0,0,0.0
img1123,0,256,0,0.0
img1123,256,256,0,0.0
img1123,394,256,0,0.0
img1123,0,394,0,0.0
img1123,256,394,0,0.0
img1123,394,394,0,0.0
img805,0,0,0,0.0
img805,256,0,0,0.0
img805,394,0,0,0.0
img805,0,256,0,0.0
img805,256,256,0,0.0
img805,394,256,0,0.0
img805,0,394,0,0.0
img805,256,394,0,0.0
img805,394,394,0,0.0
img533,0,0,0,0.0
img533,256,0,0,0.0
img533,394,0,0,0.0
img533,0,256,0,0.0
img533,256,256,0,0.0
img533,394,256,0,0.0
img533,0,394,0,0.0
img533,256,394,0,0.0
img533,394,394,0,0.0
img1452,0,0,7865,12.00103759765625
img1452,256,0,12072,18.42041015625
img1452,394,0,5135,7.83538818359375
img1452,0,256,13640,20.81298828125
img1452,256,256,10539,16.08123779296875
img1452,394,256,10324,15.753173828125
img1452,0,394,12823,19.56634521484375
img1452,256,394,10437,15.92559814453125
img1452,394,394,3051,4.65545654296875
img189,0,0,29468,44.964599609375
img189,256,0,9921,15.13824462890625
img189,394,0,20562,31.3751220703125
img189,0,256,10326,15.7562255859375
img189,256,256,13978,21.3287353515625
img189,394,256,7737,11.80572509765625
img189,0,394,8244,12.579345703125
img189,256,394,1142,1.7425537109375
img189,394,394,0,0.0
img1443,0,0,0,0.0
img1443,256,0,0,0.0
img1443,394,0,0,0.0
img1443,0,256,0,0.0
img1443,256,256,0,0.0
img1443,394,256,0,0.0
img1443,0,394,0,0.0
img1443,256,394,0,0.0
img1443,394,394,0,0.0
img208,0,0,0,0.0
img208,256,0,0,0.0
img208,394,0,1140,1.739501953125
img208,0,256,0,0.0
img208,256,256,0,0.0
img208,394,256,1142,1.7425537109375
img208,0,394,0,0.0
img208,256,394,0,0.0
img208,394,394,1190,1.8157958984375
img882,0,0,0,0.0
img882,256,0,0,0.0
img882,394,0,0,0.0
img882,0,256,0,0.0
img882,256,256,0,0.0
img882,394,256,0,0.0
img882,0,394,0,0.0
img882,256,394,0,0.0
img882,394,394,0,0.0
img599,0,0,10870,16.5863037109375
img599,256,0,16993,25.92926025390625
img599,394,0,14369,21.92535400390625
img599,0,256,0,0.0
img599,256,256,300,0.457763671875
img599,394,256,1003,1.53045654296875
img599,0,394,0,0.0
img599,256,394,9034,13.7847900390625
img599,394,394,10940,16.693115234375
img720,0,0,12697,19.37408447265625
img720,256,0,729,1.11236572265625
img720,394,0,0,0.0
img720,0,256,1117,1.70440673828125
img720,256,256,0,0.0
img720,394,256,0,0.0
img720,0,394,974,1.4862060546875
img720,256,394,0,0.0
img720,394,394,0,0.0
img359,0,0,10301,15.71807861328125
img359,256,0,18647,28.45306396484375
img359,394,0,24853,37.92266845703125
img359,0,256,13178,20.1080322265625
img359,256,256,11152,17.0166015625
img359,394,256,11711,17.86956787109375
img359,0,394,11981,18.28155517578125
img359,256,394,7356,11.224365234375
img359,394,394,2193,3.34625244140625
img654,0,0,16817,25.66070556640625
img654,256,0,10492,16.009521484375
img654,394,0,14606,22.2869873046875
img654,0,256,15749,24.03106689453125
img654,256,256,17818,27.1881103515625
img654,394,256,13838,21.1151123046875
img654,0,394,13514,20.6207275390625
img654,256,394,15631,23.85101318359375
img654,394,394,14417,21.99859619140625
img948,0,0,0,0.0
img948,256,0,0,0.0
img948,394,0,0,0.0
img948,0,256,0,0.0
img948,256,256,0,0.0
img948,394,256,0,0.0
img948,0,394,0,0.0
img948,256,394,0,0.0
img948,394,394,0,0.0
img1007,0,0,11888,18.1396484375
img1007,256,0,8153,12.44049072265625
img1007,394,0,9819,14.98260498046875
img1007,0,256,8560,13.0615234375
img1007,256,256,11656,17.78564453125
img1007,394,256,16197,24.71466064453125
img1007,0,394,11801,18.00689697265625
img1007,256,394,10258,15.6524658203125
img1007,394,394,15332,23.394775390625
img1608,0,0,9849,15.02838134765625
img1608,256,0,4914,7.4981689453125
img1608,394,0,2181,3.32794189453125
img1608,0,256,5879,8.97064208984375
img1608,256,256,7830,11.9476318359375
img1608,394,256,10498,16.0186767578125
img1608,0,394,10468,15.972900390625
img1608,256,394,7662,11.6912841796875
img1608,394,394,7330,11.1846923828125
img425,0,0,0,0.0
img425,256,0,0,0.0
img425,394,0,0,0.0
img425,0,256,0,0.0
img425,256,256,0,0.0
img425,394,256,0,0.0
img425,0,394,0,0.0
img425,256,394,0,0.0
img425,394,394,0,0.0
img1685,0,0,26916,41.070556640625
img1685,256,0,10990,16.7694091796875
img1685,394,0,9457,14.43023681640625
img1685,0,256,18642,28.4454345703125
img1685,256,256,11201,17.09136962890625
img1685,394,256,2697,4.11529541015625
img1685,0,394,17510,26.7181396484375
img1685,256,394,13361,20.38726806640625
img1685,394,394,12145,18.53179931640625
img1433,0,0,0,0.0
img1433,256,0,0,0.0
img1433,394,0,0,0.0
img1433,0,256,0,0.0
img1433,256,256,0,0.0
img1433,394,256,0,0.0
img1433,0,394,0,0.0
img1433,256,394,0,0.0
img1433,394,394,0,0.0
img1120,0,0,0,0.0
img1120,256,0,0,0.0
img1120,394,0,0,0.0
img1120,0,256,0,0.0
img1120,256,256,0,0.0
img1120,394,256,0,0.0
img1120,0,394,0,0.0
img1120,256,394,0,0.0
img1120,394,394,0,0.0
img1536,0,0,0,0.0
img1536,256,0,0,0.0
img1536,394,0,0,0.0
img1536,0,256,0,0.0
img1536,256,256,0,0.0
img1536,394,256,0,0.0
img1536,0,394,0,0.0
img1536,256,394,0,0.0
img1536,394,394,0,0.0
img484,0,0,16161,24.65972900390625
img484,256,0,13726,20.9442138671875
img484,394,0,12589,19.20928955078125
img484,0,256,17327,26.43890380859375
img484,256,256,14150,21.5911865234375
img484,394,256,16542,25.2410888671875
img484,0,394,21434,32.7056884765625
img484,256,394,19716,30.084228515625
img484,394,394,17049,26.01470947265625
img282,0,0,2526,3.8543701171875
img282,256,0,519,0.79193115234375
img282,394,0,1073,1.63726806640625
img282,0,256,5088,7.763671875
img282,256,256,9881,15.07720947265625
img282,394,256,6959,10.61859130859375
img282,0,394,4724,7.208251953125
img282,256,394,10070,15.3656005859375
img282,394,394,11145,17.00592041015625
img1336,0,0,0,0.0
img1336,256,0,0,0.0
img1336,394,0,0,0.0
img1336,0,256,0,0.0
img1336,256,256,0,0.0
img1336,394,256,0,0.0
img1336,0,394,0,0.0
img1336,256,394,0,0.0
img1336,394,394,0,0.0
img1277,0,0,0,0.0
img1277,256,0,2202,3.3599853515625
img1277,394,0,1888,2.880859375
img1277,0,256,4867,7.42645263671875
img1277,256,256,8113,12.37945556640625
img1277,394,256,4870,7.4310302734375
img1277,0,394,11344,17.3095703125
img1277,256,394,26716,40.765380859375
img1277,394,394,11591,17.68646240234375
img1693,0,0,13519,20.62835693359375
img1693,256,0,16786,25.6134033203125
img1693,394,0,12320,18.798828125
img1693,0,256,18880,28.80859375
img1693,256,256,21900,33.416748046875
img1693,394,256,11983,18.28460693359375
img1693,0,394,23402,35.7086181640625
img1693,256,394,11744,17.919921875
img1693,394,394,2180,3.326416015625
img1008,0,0,0,0.0
img1008,256,0,0,0.0
img1008,394,0,2519,3.84368896484375
img1008,0,256,13472,20.556640625
img1008,256,256,8177,12.47711181640625
img1008,394,256,2231,3.40423583984375
img1008,0,394,14985,22.86529541015625
img1008,256,394,12349,18.84307861328125
img1008,394,394,6482,9.8907470703125
img1463,0,0,15111,23.05755615234375
img1463,256,0,12967,19.78607177734375
img1463,394,0,11471,17.50335693359375
img1463,0,256,8221,12.54425048828125
img1463,256,256,10704,16.3330078125
img1463,394,256,13300,20.294189453125
img1463,0,394,8183,12.48626708984375
img1463,256,394,9284,14.166259765625
img1463,394,394,11461,17.48809814453125
img1740,0,0,14381,21.94366455078125
img1740,256,0,12562,19.1680908203125
img1740,394,0,6966,10.6292724609375
img1740,0,256,13754,20.9869384765625
img1740,256,256,5489,8.37554931640625
img1740,394,256,8134,12.4114990234375
img1740,0,394,7478,11.4105224609375
img1740,256,394,4046,6.1737060546875
img1740,394,394,6916,10.552978515625
img250,0,0,10870,16.5863037109375
img250,256,0,16134,24.6185302734375
img250,394,0,15410,23.5137939453125
img250,0,256,12562,19.1680908203125
img250,256,256,13647,20.82366943359375
img250,394,256,12994,19.8272705078125
img250,0,394,4603,7.02362060546875
img250,256,394,9424,14.3798828125
img250,394,394,11746,17.9229736328125
img670,0,0,0,0.0
img670,256,0,0,0.0
img670,394,0,0,0.0
img670,0,256,0,0.0
img670,256,256,0,0.0
img670,394,256,0,0.0
img670,0,394,0,0.0
img670,256,394,0,0.0
img670,394,394,0,0.0
img819,0,0,18976,28.955078125
img819,256,0,19394,29.5928955078125
img819,394,0,15924,24.298095703125
img819,0,256,10178,15.5303955078125
img819,256,256,16952,25.86669921875
img819,394,256,26665,40.68756103515625
img819,0,394,11459,17.48504638671875
img819,256,394,14279,21.78802490234375
img819,394,394,26588,40.570068359375
img1654,0,0,71,0.10833740234375
img1654,256,0,6632,10.11962890625
img1654,394,0,8014,12.2283935546875
img1654,0,256,6953,10.60943603515625
img1654,256,256,9329,14.23492431640625
img1654,394,256,10955,16.71600341796875
img1654,0,394,8713,13.29498291015625
img1654,256,394,10070,15.3656005859375
img1654,394,394,8212,12.530517578125
img1499,0,0,4127,6.29730224609375
img1499,256,0,3847,5.87005615234375
img1499,394,0,9066,13.8336181640625
img1499,0,256,10285,15.69366455078125
img1499,256,256,13340,20.355224609375
img1499,394,256,13019,19.86541748046875
img1499,0,394,13912,21.22802734375
img1499,256,394,16051,24.49188232421875
img1499,394,394,16099,24.56512451171875
img532,0,0,0,0.0
img532,256,0,0,0.0
img532,394,0,0,0.0
img532,0,256,0,0.0
img532,256,256,0,0.0
img532,394,256,0,0.0
img532,0,394,0,0.0
img532,256,394,0,0.0
img532,394,394,0,0.0
img1907,0,0,0,0.0
img1907,256,0,0,0.0
img1907,394,0,0,0.0
img1907,0,256,822,1.2542724609375
img1907,256,256,0,0.0
img1907,394,256,0,0.0
img1907,0,394,2836,4.327392578125
img1907,256,394,0,0.0
img1907,394,394,0,0.0
img335,0,0,4147,6.32781982421875
img335,256,0,0,0.0
img335,394,0,0,0.0
img335,0,256,27546,42.0318603515625
img335,256,256,5484,8.367919921875
img335,394,256,0,0.0
img335,0,394,16972,25.897216796875
img335,256,394,3,0.00457763671875
img335,394,394,0,0.0
img1840,0,0,0,0.0
img1840,256,0,0,0.0
img1840,394,0,0,0.0
img1840,0,256,0,0.0
img1840,256,256,0,0.0
img1840,394,256,0,0.0
img1840,0,394,0,0.0
img1840,256,394,0,0.0
img1840,394,394,0,0.0
img1312,0,0,10737,16.38336181640625
img1312,256,0,16752,25.5615234375
img1312,394,0,17103,26.09710693359375
img1312,0,256,18753,28.61480712890625
img1312,256,256,15288,23.32763671875
img1312,394,256,15705,23.96392822265625
img1312,0,394,15684,23.931884765625
img1312,256,394,17788,27.142333984375
img1312,394,394,21728,33.154296875
img804,0,0,0,0.0
img804,256,0,0,0.0
img804,394,0,0,0.0
img804,0,256,0,0.0
img804,256,256,0,0.0
img804,394,256,0,0.0
img804,0,394,0,0.0
img804,256,394,0,0.0
img804,394,394,0,0.0
img183,0,0,11177,17.05474853515625
img183,256,0,13168,20.0927734375
img183,394,0,14455,22.05657958984375
img183,0,256,13251,20.21942138671875
img183,256,256,7735,11.80267333984375
img183,394,256,5129,7.82623291015625
img183,0,394,8993,13.72222900390625
img183,256,394,11418,17.4224853515625
img183,394,394,11432,17.44384765625
img412,0,0,11593,17.68951416015625
img412,256,0,6563,10.01434326171875
img412,394,0,2242,3.4210205078125
img412,0,256,5665,8.64410400390625
img412,256,256,8035,12.26043701171875
img412,394,256,14512,22.1435546875
img412,0,394,9015,13.75579833984375
img412,256,394,16613,25.34942626953125
img412,394,394,18278,27.8900146484375
img580,0,0,0,0.0
img580,256,0,0,0.0
img580,394,0,0,0.0
img580,0,256,0,0.0
img580,256,256,0,0.0
img580,394,256,0,0.0
img580,0,394,0,0.0
img580,256,394,0,0.0
img580,394,394,0,0.0
img378,0,0,0,0.0
img378,256,0,0,0.0
img378,394,0,0,0.0
img378,0,256,0,0.0
img378,256,256,0,0.0
img378,394,256,0,0.0
img378,0,394,0,0.0
img378,256,394,0,0.0
img378,394,394,0,0.0
img1285,0,0,0,0.0
img1285,256,0,0,0.0
img1285,394,0,0,0.0
img1285,0,256,0,0.0
img1285,256,256,0,0.0
img1285,394,256,0,0.0
img1285,0,394,0,0.0
img1285,256,394,0,0.0
img1285,394,394,0,0.0
img1593,0,0,12255,18.69964599609375
img1593,256,0,11473,17.50640869140625
img1593,394,0,11729,17.89703369140625
img1593,0,256,13856,21.142578125
img1593,256,256,36246,55.3070068359375
img1593,394,256,22782,34.7625732421875
img1593,0,394,8743,13.34075927734375
img1593,256,394,19498,29.7515869140625
img1593,394,394,14795,22.57537841796875
img181,0,0,0,0.0
img181,256,0,0,0.0
img181,394,0,0,0.0
img181,0,256,0,0.0
img181,256,256,0,0.0
img181,394,256,3389,5.17120361328125
img181,0,394,0,0.0
img181,256,394,1874,2.8594970703125
img181,394,394,3895,5.94329833984375
img1141,0,0,17964,27.410888671875
img1141,256,0,15412,23.516845703125
img1141,394,0,11137,16.99371337890625
img1141,0,256,7991,12.19329833984375
img1141,256,256,13906,21.2188720703125
img1141,394,256,10209,15.57769775390625
img1141,0,394,31481,48.03619384765625
img1141,256,394,8811,13.44451904296875
img1141,394,394,3720,5.67626953125
img1429,0,0,0,0.0
img1429,256,0,0,0.0
img1429,394,0,0,0.0
img1429,0,256,0,0.0
img1429,256,256,0,0.0
img1429,394,256,0,0.0
img1429,0,394,0,0.0
img1429,256,394,0,0.0
img1429,394,394,0,0.0
img1795,0,0,0,0.0
img1795,256,0,0,0.0
img1795,394,0,0,0.0
img1795,0,256,0,0.0
img1795,256,256,0,0.0
img1795,394,256,0,0.0
img1795,0,394,0,0.0
img1795,256,394,0,0.0
img1795,394,394,0,0.0
img368,0,0,0,0.0
img368,256,0,0,0.0
img368,394,0,0,0.0
img368,0,256,0,0.0
img368,256,256,0,0.0
img368,394,256,0,0.0
img368,0,394,0,0.0
img368,256,394,0,0.0
img368,394,394,0,0.0
img1472,0,0,0,0.0
img1472,256,0,0,0.0
img1472,394,0,0,0.0
img1472,0,256,0,0.0
img1472,256,256,0,0.0
img1472,394,256,0,0.0
img1472,0,394,0,0.0
img1472,256,394,0,0.0
img1472,394,394,0,0.0
img321,0,0,0,0.0
img321,256,0,0,0.0
img321,394,0,0,0.0
img321,0,256,0,0.0
img321,256,256,0,0.0
img321,394,256,0,0.0
img321,0,394,0,0.0
img321,256,394,0,0.0
img321,394,394,0,0.0
img49,0,0,0,0.0
img49,256,0,0,0.0
img49,394,0,0,0.0
img49,0,256,0,0.0
img49,256,256,0,0.0
img49,394,256,0,0.0
img49,0,394,0,0.0
img49,256,394,0,0.0
img49,394,394,0,0.0
img451,0,0,513,0.78277587890625
img451,256,0,7576,11.56005859375
img451,394,0,3338,5.0933837890625
img451,0,256,7621,11.62872314453125
img451,256,256,8024,12.24365234375
img451,394,256,10352,15.7958984375
img451,0,394,9045,13.80157470703125
img451,256,394,12216,18.64013671875
img451,394,394,12281,18.73931884765625
img1394,0,0,0,0.0
img1394,256,0,0,0.0
img1394,394,0,0,0.0
img1394,0,256,0,0.0
img1394,256,256,0,0.0
img1394,394,256,0,0.0
img1394,0,394,0,0.0
img1394,256,394,0,0.0
img1394,394,394,0,0.0
img151,0,0,9660,14.739990234375
img151,256,0,6773,10.33477783203125
img151,394,0,9172,13.995361328125
img151,0,256,8068,12.310791015625
img151,256,256,14405,21.98028564453125
img151,394,256,12045,18.37921142578125
img151,0,394,11622,17.7337646484375
img151,256,394,13916,21.234130859375
img151,394,394,13676,20.867919921875
img1515,0,0,0,0.0
img1515,256,0,0,0.0
img1515,394,0,0,0.0
img1515,0,256,0,0.0
img1515,256,256,0,0.0
img1515,394,256,0,0.0
img1515,0,394,0,0.0
img1515,256,394,0,0.0
img1515,394,394,0,0.0
img445,0,0,12446,18.9910888671875
img445,256,0,8323,12.69989013671875
img445,394,0,11032,16.83349609375
img445,0,256,9918,15.1336669921875
img445,256,256,9557,14.58282470703125
img445,394,256,11110,16.9525146484375
img445,0,394,12498,19.0704345703125
img445,256,394,9342,14.2547607421875
img445,394,394,7181,10.95733642578125
img302,0,0,9123,13.92059326171875
img302,256,0,12794,19.5220947265625
img302,394,0,11315,17.26531982421875
img302,0,256,16270,24.8260498046875
img302,256,256,7607,11.60736083984375
img302,394,256,6344,9.68017578125
img302,0,394,14300,21.820068359375
img302,256,394,9780,14.923095703125
img302,394,394,5822,8.8836669921875
img657,0,0,8255,12.59613037109375
img657,256,0,3358,5.1239013671875
img657,394,0,6835,10.42938232421875
img657,0,256,6710,10.2386474609375
img657,256,256,14034,21.4141845703125
img657,394,256,13045,19.90509033203125
img657,0,394,6811,10.39276123046875
img657,256,394,9698,14.7979736328125
img657,394,394,9098,13.8824462890625
img864,0,0,15248,23.2666015625
img864,256,0,15479,23.61907958984375
img864,394,0,9581,14.61944580078125
img864,0,256,24480,37.353515625
img864,256,256,18484,28.204345703125
img864,394,256,17879,27.28118896484375
img864,0,394,27299,41.65496826171875
img864,256,394,14549,22.20001220703125
img864,394,394,20837,31.79473876953125
img384,0,0,14423,22.00775146484375
img384,256,0,14168,21.61865234375
img384,394,0,13634,20.8038330078125
img384,0,256,11212,17.108154296875
img384,256,256,10003,15.26336669921875
img384,394,256,12538,19.1314697265625
img384,0,394,11946,18.2281494140625
img384,256,394,16079,24.53460693359375
img384,394,394,15446,23.5687255859375
img505,0,0,0,0.0
img505,256,0,0,0.0
img505,394,0,0,0.0
img505,0,256,0,0.0
img505,256,256,0,0.0
img505,394,256,0,0.0
img505,0,394,0,0.0
img505,256,394,0,0.0
img505,394,394,0,0.0
img1678,0,0,0,0.0
img1678,256,0,0,0.0
img1678,394,0,0,0.0
img1678,0,256,0,0.0
img1678,256,256,0,0.0
img1678,394,256,0,0.0
img1678,0,394,0,0.0
img1678,256,394,0,0.0
img1678,394,394,0,0.0
img1847,0,0,0,0.0
img1847,256,0,0,0.0
img1847,394,0,0,0.0
img1847,0,256,0,0.0
img1847,256,256,0,0.0
img1847,394,256,0,0.0
img1847,0,394,0,0.0
img1847,256,394,0,0.0
img1847,394,394,0,0.0
img520,0,0,14392,21.96044921875
img520,256,0,18197,27.76641845703125
img520,394,0,21693,33.10089111328125
img520,0,256,22921,34.97467041015625
img520,256,256,12096,18.45703125
img520,394,256,11165,17.03643798828125
img520,0,394,20690,31.5704345703125
img520,256,394,13630,20.7977294921875
img520,394,394,9587,14.62860107421875
img96,0,0,13427,20.48797607421875
img96,256,0,3419,5.21697998046875
img96,394,0,1601,2.44293212890625
img96,0,256,8571,13.07830810546875
img96,256,256,7569,11.54937744140625
img96,394,256,5123,7.81707763671875
img96,0,394,9266,14.1387939453125
img96,256,394,1255,1.91497802734375
img96,394,394,1550,2.3651123046875
img517,0,0,8467,12.91961669921875
img517,256,0,15502,23.6541748046875
img517,394,0,15458,23.5870361328125
img517,0,256,10985,16.76177978515625
img517,256,256,10150,15.4876708984375
img517,394,256,10649,16.24908447265625
img517,0,394,11707,17.86346435546875
img517,256,394,9087,13.86566162109375
img517,394,394,10052,15.338134765625
img1397,0,0,0,0.0
img1397,256,0,0,0.0
img1397,394,0,0,0.0
img1397,0,256,0,0.0
img1397,256,256,0,0.0
img1397,394,256,0,0.0
img1397,0,394,0,0.0
img1397,256,394,0,0.0
img1397,394,394,0,0.0
img1388,0,0,0,0.0
img1388,256,0,0,0.0
img1388,394,0,0,0.0
img1388,0,256,0,0.0
img1388,256,256,0,0.0
img1388,394,256,0,0.0
img1388,0,394,0,0.0
img1388,256,394,0,0.0
img1388,394,394,0,0.0
img1879,0,0,31452,47.991943359375
img1879,256,0,25426,38.7969970703125
img1879,394,0,5907,9.01336669921875
img1879,0,256,6200,9.46044921875
img1879,256,256,34315,52.36053466796875
img1879,394,256,16325,24.90997314453125
img1879,0,394,3960,6.04248046875
img1879,256,394,6592,10.05859375
img1879,394,394,2704,4.1259765625
img1001,0,0,12968,19.78759765625
img1001,256,0,12767,19.48089599609375
img1001,394,0,12132,18.511962890625
img1001,0,256,8982,13.7054443359375
img1001,256,256,10460,15.960693359375
img1001,394,256,16741,25.54473876953125
img1001,0,394,11648,17.7734375
img1001,256,394,11255,17.17376708984375
img1001,394,394,11708,17.864990234375
img1238,0,0,0,0.0
img1238,256,0,0,0.0
img1238,394,0,0,0.0
img1238,0,256,0,0.0
img1238,256,256,0,0.0
img1238,394,256,0,0.0
img1238,0,394,0,0.0
img1238,256,394,0,0.0
img1238,394,394,0,0.0
img868,0,0,11341,17.30499267578125
img868,256,0,2576,3.9306640625
img868,394,0,11167,17.03948974609375
img868,0,256,16004,24.420166015625
img868,256,256,11632,17.7490234375
img868,394,256,3491,5.32684326171875
img868,0,394,15175,23.15521240234375
img868,256,394,18705,28.54156494140625
img868,394,394,10933,16.68243408203125
img391,0,0,5218,7.9620361328125
img391,256,0,3493,5.32989501953125
img391,394,0,0,0.0
img391,0,256,10418,15.8966064453125
img391,256,256,7418,11.3189697265625
img391,394,256,4027,6.14471435546875
img391,0,394,8227,12.55340576171875
img391,256,394,8481,12.94097900390625
img391,394,394,6696,10.21728515625
img1050,0,0,12459,19.01092529296875
img1050,256,0,11677,17.81768798828125
img1050,394,0,14802,22.5860595703125
img1050,0,256,9716,14.825439453125
img1050,256,256,9914,15.1275634765625
img1050,394,256,14102,21.5179443359375
img1050,0,394,14023,21.39739990234375
img1050,256,394,7581,11.56768798828125
img1050,394,394,8177,12.47711181640625
img1647,0,0,14006,21.3714599609375
img1647,256,0,14881,22.70660400390625
img1647,394,0,19005,28.99932861328125
img1647,0,256,9997,15.25421142578125
img1647,256,256,14676,22.393798828125
img1647,394,256,11145,17.00592041015625
img1647,0,394,8314,12.6861572265625
img1647,256,394,18652,28.460693359375
img1647,394,394,17988,27.447509765625
img499,0,0,0,0.0
img499,256,0,0,0.0
img499,394,0,0,0.0
img499,0,256,0,0.0
img499,256,256,0,0.0
img499,394,256,0,0.0
img499,0,394,0,0.0
img499,256,394,0,0.0
img499,394,394,0,0.0
img1881,0,0,0,0.0
img1881,256,0,0,0.0
img1881,394,0,0,0.0
img1881,0,256,0,0.0
img1881,256,256,0,0.0
img1881,394,256,0,0.0
img1881,0,394,0,0.0
img1881,256,394,0,0.0
img1881,394,394,0,0.0
img687,0,0,0,0.0
img687,256,0,12081,18.43414306640625
img687,394,0,18178,27.7374267578125
img687,0,256,8,0.01220703125
img687,256,256,4184,6.38427734375
img687,394,256,9936,15.1611328125
img687,0,394,5541,8.45489501953125
img687,256,394,5137,7.83843994140625
img687,394,394,8523,13.00506591796875
img1759,0,0,0,0.0
img1759,256,0,0,0.0
img1759,394,0,0,0.0
img1759,0,256,0,0.0
img1759,256,256,0,0.0
img1759,394,256,0,0.0
img1759,0,394,0,0.0
img1759,256,394,0,0.0
img1759,394,394,0,0.0
img914,0,0,13834,21.1090087890625
img914,256,0,17497,26.69830322265625
img914,394,0,16221,24.75128173828125
img914,0,256,11999,18.30902099609375
img914,256,256,16639,25.38909912109375
img914,394,256,16007,24.42474365234375
img914,0,394,4692,7.159423828125
img914,256,394,13072,19.9462890625
img914,394,394,13582,20.7244873046875
img1586,0,0,12341,18.83087158203125
img1586,256,0,12367,18.87054443359375
img1586,394,0,15460,23.590087890625
img1586,0,256,14808,22.59521484375
img1586,256,256,16769,25.58746337890625
img1586,394,256,6967,10.63079833984375
img1586,0,394,10758,16.4154052734375
img1586,256,394,10313,15.73638916015625
img1586,394,394,2903,4.42962646484375
img903,0,0,0,0.0
img903,256,0,0,0.0
img903,394,0,0,0.0
img903,0,256,0,0.0
img903,256,256,0,0.0
img903,394,256,0,0.0
img903,0,394,0,0.0
img903,256,394,0,0.0
img903,394,394,0,0.0
img370,0,0,0,0.0
img370,256,0,0,0.0
img370,394,0,0,0.0
img370,0,256,0,0.0
img370,256,256,0,0.0
img370,394,256,0,0.0
img370,0,394,0,0.0
img370,256,394,0,0.0
img370,394,394,0,0.0
img852,0,0,0,0.0
img852,256,0,0,0.0
img852,394,0,0,0.0
img852,0,256,0,0.0
img852,256,256,0,0.0
img852,394,256,0,0.0
img852,0,394,0,0.0
img852,256,394,0,0.0
img852,394,394,0,0.0
img742,0,0,11679,17.82073974609375
img742,256,0,12197,18.61114501953125
img742,394,0,11511,17.56439208984375
img742,0,256,7813,11.92169189453125
img742,256,256,17607,26.86614990234375
img742,394,256,19804,30.218505859375
img742,0,394,11593,17.68951416015625
img742,256,394,19945,30.43365478515625
img742,394,394,20204,30.828857421875
img1060,0,0,0,0.0
img1060,256,0,0,0.0
img1060,394,0,3091,4.71649169921875
img1060,0,256,13871,21.16546630859375
img1060,256,256,1518,2.3162841796875
img1060,394,256,5025,7.66754150390625
img1060,0,394,22035,33.62274169921875
img1060,256,394,9372,14.300537109375
img1060,394,394,1684,2.569580078125
img440,0,0,0,0.0
img440,256,0,0,0.0
img440,394,0,332,0.506591796875
img440,0,256,0,0.0
img440,256,256,0,0.0
img440,394,256,0,0.0
img440,0,394,0,0.0
img440,256,394,0,0.0
img440,394,394,0,0.0
img1805,0,0,0,0.0
img1805,256,0,0,0.0
img1805,394,0,0,0.0
img1805,0,256,0,0.0
img1805,256,256,0,0.0
img1805,394,256,0,0.0
img1805,0,394,0,0.0
img1805,256,394,0,0.0
img1805,394,394,0,0.0
img338,0,0,0,0.0
img338,256,0,0,0.0
img338,394,0,0,0.0
img338,0,256,0,0.0
img338,256,256,0,0.0
img338,394,256,0,0.0
img338,0,394,0,0.0
img338,256,394,0,0.0
img338,394,394,0,0.0
img1049,0,0,14567,22.22747802734375
img1049,256,0,10642,16.2384033203125
img1049,394,0,15588,23.785400390625
img1049,0,256,10329,15.76080322265625
img1049,256,256,7956,12.139892578125
img1049,394,256,8338,12.7227783203125
img1049,0,394,11712,17.87109375
img1049,256,394,12573,19.18487548828125
img1049,394,394,8381,12.78839111328125
img1811,0,0,0,0.0
img1811,256,0,0,0.0
img1811,394,0,0,0.0
img1811,0,256,0,0.0
img1811,256,256,0,0.0
img1811,394,256,0,0.0
img1811,0,394,0,0.0
img1811,256,394,0,0.0
img1811,394,394,0,0.0
img1644,0,0,14325,21.85821533203125
img1644,256,0,15577,23.76861572265625
img1644,394,0,15095,23.03314208984375
img1644,0,256,10633,16.22467041015625
img1644,256,256,12356,18.853759765625
img1644,394,256,13492,20.587158203125
img1644,0,394,8071,12.31536865234375
img1644,256,394,8618,13.1500244140625
img1644,394,394,10646,16.2445068359375
img579,0,0,0,0.0
img579,256,0,0,0.0
img579,394,0,0,0.0
img579,0,256,0,0.0
img579,256,256,0,0.0
img579,394,256,0,0.0
img579,0,394,0,0.0
img579,256,394,0,0.0
img579,394,394,0,0.0
img966,0,0,17367,26.49993896484375
img966,256,0,8380,12.786865234375
img966,394,0,13364,20.391845703125
img966,0,256,11969,18.26324462890625
img966,256,256,5693,8.68682861328125
img966,394,256,4437,6.77032470703125
img966,0,394,7916,12.078857421875
img966,256,394,9050,13.8092041015625
img966,394,394,5439,8.29925537109375
img1146,0,0,7334,11.1907958984375
img1146,256,0,9838,15.0115966796875
img1146,394,0,10155,15.49530029296875
img1146,0,256,11150,17.0135498046875
img1146,256,256,9084,13.861083984375
img1146,394,256,12696,19.37255859375
img1146,0,394,7918,12.0819091796875
img1146,256,394,6714,10.2447509765625
img1146,394,394,7625,11.63482666015625
img665,0,0,0,0.0
img665,256,0,0,0.0
img665,394,0,0,0.0
img665,0,256,0,0.0
img665,256,256,0,0.0
img665,394,256,0,0.0
img665,0,394,0,0.0
img665,256,394,0,0.0
img665,394,394,0,0.0
img1849,0,0,0,0.0
img1849,256,0,0,0.0
img1849,394,0,0,0.0
img1849,0,256,0,0.0
img1849,256,256,0,0.0
img1849,394,256,0,0.0
img1849,0,394,0,0.0
img1849,256,394,0,0.0
img1849,394,394,0,0.0
img738,0,0,9833,15.00396728515625
img738,256,0,14910,22.7508544921875
img738,394,0,12718,19.4061279296875
img738,0,256,9315,14.21356201171875
img738,256,256,13809,21.07086181640625
img738,394,256,13264,20.2392578125
img738,0,394,8085,12.33673095703125
img738,256,394,13883,21.18377685546875
img738,394,394,10614,16.1956787109375
img293,0,0,0,0.0
img293,256,0,0,0.0
img293,394,0,0,0.0
img293,0,256,0,0.0
img293,256,256,0,0.0
img293,394,256,0,0.0
img293,0,394,0,0.0
img293,256,394,0,0.0
img293,394,394,0,0.0
img354,0,0,7693,11.73858642578125
img354,256,0,12757,19.46563720703125
img354,394,0,14222,21.7010498046875
img354,0,256,5248,8.0078125
img354,256,256,9587,14.62860107421875
img354,394,256,11422,17.4285888671875
img354,0,394,16645,25.39825439453125
img354,256,394,6971,10.63690185546875
img354,394,394,11815,18.02825927734375
img1651,0,0,6583,10.04486083984375
img1651,256,0,7264,11.083984375
img1651,394,0,8528,13.0126953125
img1651,0,256,13745,20.97320556640625
img1651,256,256,12563,19.16961669921875
img1651,394,256,8019,12.23602294921875
img1651,0,394,7200,10.986328125
img1651,256,394,9850,15.0299072265625
img1651,394,394,6119,9.33685302734375
img1585,0,0,0,0.0
img1585,256,0,0,0.0
img1585,394,0,0,0.0
img1585,0,256,0,0.0
img1585,256,256,0,0.0
img1585,394,256,0,0.0
img1585,0,394,0,0.0
img1585,256,394,0,0.0
img1585,394,394,0,0.0
img570,0,0,0,0.0
img570,256,0,0,0.0
img570,394,0,0,0.0
img570,0,256,0,0.0
img570,256,256,0,0.0
img570,394,256,0,0.0
img570,0,394,0,0.0
img570,256,394,0,0.0
img570,394,394,0,0.0
img1252,0,0,0,0.0
img1252,256,0,0,0.0
img1252,394,0,0,0.0
img1252,0,256,0,0.0
img1252,256,256,0,0.0
img1252,394,256,0,0.0
img1252,0,394,0,0.0
img1252,256,394,0,0.0
img1252,394,394,0,0.0
img921,0,0,16812,25.653076171875
img921,256,0,13466,20.5474853515625
img921,394,0,12807,19.54193115234375
img921,0,256,11171,17.04559326171875
img921,256,256,9637,14.70489501953125
img921,394,256,8648,13.19580078125
img921,0,394,13672,20.86181640625
img921,256,394,10557,16.10870361328125
img921,394,394,10000,15.2587890625
img14,0,0,0,0.0
img14,256,0,0,0.0
img14,394,0,0,0.0
img14,0,256,0,0.0
img14,256,256,0,0.0
img14,394,256,0,0.0
img14,0,394,0,0.0
img14,256,394,0,0.0
img14,394,394,0,0.0
img862,0,0,14805,22.59063720703125
img862,256,0,10911,16.64886474609375
img862,394,0,12626,19.2657470703125
img862,0,256,12220,18.646240234375
img862,256,256,16497,25.17242431640625
img862,394,256,14627,22.31903076171875
img862,0,394,9096,13.87939453125
img862,256,394,13415,20.46966552734375
img862,394,394,14480,22.0947265625
img1253,0,0,0,0.0
img1253,256,0,0,0.0
img1253,394,0,0,0.0
img1253,0,256,0,0.0
img1253,256,256,0,0.0
img1253,394,256,0,0.0
img1253,0,394,0,0.0
img1253,256,394,0,0.0
img1253,394,394,0,0.0
img841,0,0,0,0.0
img841,256,0,0,0.0
img841,394,0,0,0.0
img841,0,256,0,0.0
img841,256,256,0,0.0
img841,394,256,0,0.0
img841,0,394,0,0.0
img841,256,394,0,0.0
img841,394,394,0,0.0
img1423,0,0,0,0.0
img1423,256,0,0,0.0
img1423,394,0,0,0.0
img1423,0,256,0,0.0
img1423,256,256,0,0.0
img1423,394,256,0,0.0
img1423,0,394,0,0.0
img1423,256,394,0,0.0
img1423,394,394,0,0.0
img272,0,0,0,0.0
img272,256,0,0,0.0
img272,394,0,0,0.0
img272,0,256,0,0.0
img272,256,256,0,0.0
img272,394,256,0,0.0
img272,0,394,0,0.0
img272,256,394,0,0.0
img272,394,394,0,0.0
img876,0,0,10969,16.73736572265625
img876,256,0,13166,20.0897216796875
img876,394,0,14909,22.74932861328125
img876,0,256,14612,22.296142578125
img876,256,256,12735,19.43206787109375
img876,394,256,12473,19.03228759765625
img876,0,394,14529,22.16949462890625
img876,256,394,14911,22.75238037109375
img876,394,394,13505,20.60699462890625
img143,0,0,8531,13.01727294921875
img143,256,0,11872,18.115234375
img143,394,0,4174,6.3690185546875
img143,0,256,14958,22.8240966796875
img143,256,256,2801,4.27398681640625
img143,394,256,8769,13.38043212890625
img143,0,394,17477,26.66778564453125
img143,256,394,6199,9.45892333984375
img143,394,394,6770,10.3302001953125
img1405,0,0,17570,26.8096923828125
img1405,256,0,8618,13.1500244140625
img1405,394,0,13144,20.05615234375
img1405,0,256,18242,27.8350830078125
img1405,256,256,11289,17.22564697265625
img1405,394,256,12780,19.500732421875
img1405,0,394,9110,13.9007568359375
img1405,256,394,11622,17.7337646484375
img1405,394,394,12207,18.62640380859375
img971,0,0,7056,10.7666015625
img971,256,0,2184,3.33251953125
img971,394,0,5457,8.32672119140625
img971,0,256,0,0.0
img971,256,256,144,0.2197265625
img971,394,256,45,0.06866455078125
img971,0,394,120,0.18310546875
img971,256,394,6978,10.6475830078125
img971,394,394,4144,6.3232421875
img936,0,0,0,0.0
img936,256,0,0,0.0
img936,394,0,0,0.0
img936,0,256,0,0.0
img936,256,256,0,0.0
img936,394,256,0,0.0
img936,0,394,0,0.0
img936,256,394,0,0.0
img936,394,394,0,0.0
img1129,0,0,16740,25.543212890625
img1129,256,0,12151,18.54095458984375
img1129,394,0,12361,18.86138916015625
img1129,0,256,31241,47.66998291015625
img1129,256,256,20379,31.09588623046875
img1129,394,256,20873,31.84967041015625
img1129,0,394,17246,26.3153076171875
img1129,256,394,18994,28.9825439453125
img1129,394,394,14336,21.875
img1314,0,0,9255,14.12200927734375
img1314,256,0,5186,7.9132080078125
img1314,394,0,20497,31.27593994140625
img1314,0,256,1234,1.8829345703125
img1314,256,256,6325,9.65118408203125
img1314,394,256,26158,39.9139404296875
img1314,0,394,3241,4.94537353515625
img1314,256,394,18328,27.96630859375
img1314,394,394,37424,57.1044921875
img1686,0,0,38016,58.0078125
img1686,256,0,4832,7.373046875
img1686,394,0,5703,8.70208740234375
img1686,0,256,1245,1.89971923828125
img1686,256,256,0,0.0
img1686,394,256,0,0.0
img1686,0,394,7024,10.7177734375
img1686,256,394,566,0.8636474609375
img1686,394,394,0,0.0
img476,0,0,0,0.0
img476,256,0,0,0.0
img476,394,0,589,0.89874267578125
img476,0,256,0,0.0
img476,256,256,0,0.0
img476,394,256,0,0.0
img476,0,394,0,0.0
img476,256,394,0,0.0
img476,394,394,0,0.0
img1034,0,0,0,0.0
img1034,256,0,0,0.0
img1034,394,0,0,0.0
img1034,0,256,0,0.0
img1034,256,256,0,0.0
img1034,394,256,0,0.0
img1034,0,394,0,0.0
img1034,256,394,0,0.0
img1034,394,394,0,0.0
img536,0,0,0,0.0
img536,256,0,0,0.0
img536,394,0,0,0.0
img536,0,256,0,0.0
img536,256,256,0,0.0
img536,394,256,0,0.0
img536,0,394,0,0.0
img536,256,394,0,0.0
img536,394,394,0,0.0
img205,0,0,0,0.0
img205,256,0,0,0.0
img205,394,0,0,0.0
img205,0,256,1428,2.178955078125
img205,256,256,0,0.0
img205,394,256,0,0.0
img205,0,394,5903,9.00726318359375
img205,256,394,0,0.0
img205,394,394,0,0.0
img493,0,0,0,0.0
img493,256,0,0,0.0
img493,394,0,0,0.0
img493,0,256,0,0.0
img493,256,256,0,0.0
img493,394,256,0,0.0
img493,0,394,0,0.0
img493,256,394,0,0.0
img493,394,394,0,0.0
img1869,0,0,0,0.0
img1869,256,0,0,0.0
img1869,394,0,0,0.0
img1869,0,256,284,0.433349609375
img1869,256,256,0,0.0
img1869,394,256,0,0.0
img1869,0,394,2788,4.254150390625
img1869,256,394,0,0.0
img1869,394,394,0,0.0
img1746,0,0,0,0.0
img1746,256,0,0,0.0
img1746,394,0,0,0.0
img1746,0,256,0,0.0
img1746,256,256,0,0.0
img1746,394,256,0,0.0
img1746,0,394,0,0.0
img1746,256,394,0,0.0
img1746,394,394,0,0.0
img1824,0,0,10526,16.0614013671875
img1824,256,0,23197,35.39581298828125
img1824,394,0,8654,13.2049560546875
img1824,0,256,2,0.0030517578125
img1824,256,256,891,1.35955810546875
img1824,394,256,2538,3.8726806640625
img1824,0,394,0,0.0
img1824,256,394,4778,7.2906494140625
img1824,394,394,0,0.0
img673,0,0,0,0.0
img673,256,0,0,0.0
img673,394,0,0,0.0
img673,0,256,0,0.0
img673,256,256,0,0.0
img673,394,256,0,0.0
img673,0,394,0,0.0
img673,256,394,0,0.0
img673,394,394,0,0.0
img1766,0,0,1182,1.8035888671875
img1766,256,0,0,0.0
img1766,394,0,0,0.0
img1766,0,256,0,0.0
img1766,256,256,0,0.0
img1766,394,256,0,0.0
img1766,0,394,0,0.0
img1766,256,394,0,0.0
img1766,394,394,0,0.0
img1332,0,0,1602,2.4444580078125
img1332,256,0,4362,6.6558837890625
img1332,394,0,0,0.0
img1332,0,256,0,0.0
img1332,256,256,9,0.01373291015625
img1332,394,256,791,1.20697021484375
img1332,0,394,0,0.0
img1332,256,394,0,0.0
img1332,394,394,0,0.0
img1354,0,0,13606,20.7611083984375
img1354,256,0,17853,27.24151611328125
img1354,394,0,12211,18.63250732421875
img1354,0,256,14654,22.3602294921875
img1354,256,256,5244,8.001708984375
img1354,394,256,12093,18.45245361328125
img1354,0,394,14350,21.8963623046875
img1354,256,394,9300,14.190673828125
img1354,394,394,9722,14.8345947265625
img1362,0,0,13684,20.880126953125
img1362,256,0,12463,19.01702880859375
img1362,394,0,11598,17.6971435546875
img1362,0,256,11288,17.22412109375
img1362,256,256,13387,20.42694091796875
img1362,394,256,11915,18.18084716796875
img1362,0,394,4587,6.99920654296875
img1362,256,394,10531,16.06903076171875
img1362,394,394,12328,18.81103515625
img1181,0,0,13484,20.574951171875
img1181,256,0,12854,19.6136474609375
img1181,394,0,10291,15.70281982421875
img1181,0,256,14406,21.9818115234375
img1181,256,256,12714,19.4000244140625
img1181,394,256,7851,11.97967529296875
img1181,0,394,15729,24.00054931640625
img1181,256,394,19260,29.388427734375
img1181,394,394,7067,10.78338623046875
img1063,0,0,0,0.0
img1063,256,0,0,0.0
img1063,394,0,0,0.0
img1063,0,256,0,0.0
img1063,256,256,0,0.0
img1063,394,256,0,0.0
img1063,0,394,0,0.0
img1063,256,394,0,0.0
img1063,394,394,0,0.0
img1822,0,0,2148,3.277587890625
img1822,256,0,19067,29.09393310546875
img1822,394,0,2803,4.27703857421875
img1822,0,256,6188,9.442138671875
img1822,256,256,15250,23.2696533203125
img1822,394,256,9186,14.0167236328125
img1822,0,394,12856,19.61669921875
img1822,256,394,12679,19.34661865234375
img1822,394,394,6380,9.735107421875
img614,0,0,0,0.0
img614,256,0,0,0.0
img614,394,0,0,0.0
img614,0,256,4809,7.33795166015625
img614,256,256,2143,3.26995849609375
img614,394,256,0,0.0
img614,0,394,6303,9.61761474609375
img614,256,394,6928,10.5712890625
img614,394,394,7180,10.955810546875
img323,0,0,0,0.0
img323,256,0,0,0.0
img323,394,0,0,0.0
img323,0,256,0,0.0
img323,256,256,0,0.0
img323,394,256,0,0.0
img323,0,394,0,0.0
img323,256,394,0,0.0
img323,394,394,0,0.0
img1022,0,0,0,0.0
img1022,256,0,71,0.10833740234375
img1022,394,0,5958,9.0911865234375
img1022,0,256,0,0.0
img1022,256,256,0,0.0
img1022,394,256,0,0.0
img1022,0,394,0,0.0
img1022,256,394,0,0.0
img1022,394,394,0,0.0
img1883,0,0,0,0.0
img1883,256,0,0,0.0
img1883,394,0,0,0.0
img1883,0,256,0,0.0
img1883,256,256,0,0.0
img1883,394,256,0,0.0
img1883,0,394,0,0.0
img1883,256,394,0,0.0
img1883,394,394,0,0.0
img1717,0,0,0,0.0
img1717,256,0,0,0.0
img1717,394,0,0,0.0
img1717,0,256,0,0.0
img1717,256,256,0,0.0
img1717,394,256,0,0.0
img1717,0,394,0,0.0
img1717,256,394,0,0.0
img1717,394,394,0,0.0
img722,0,0,7963,12.15057373046875
img722,256,0,2786,4.2510986328125
img722,394,0,0,0.0
img722,0,256,6438,9.8236083984375
img722,256,256,3663,5.58929443359375
img722,394,256,6607,10.08148193359375
img722,0,394,9726,14.8406982421875
img722,256,394,4951,7.55462646484375
img722,394,394,7218,11.0137939453125
img396,0,0,0,0.0
img396,256,0,0,0.0
img396,394,0,0,0.0
img396,0,256,0,0.0
img396,256,256,0,0.0
img396,394,256,0,0.0
img396,0,394,0,0.0
img396,256,394,0,0.0
img396,394,394,0,0.0
img135,0,0,12861,19.62432861328125
img135,256,0,13449,20.52154541015625
img135,394,0,14567,22.22747802734375
img135,0,256,10738,16.3848876953125
img135,256,256,12891,19.67010498046875
img135,394,256,13267,20.24383544921875
img135,0,394,8879,13.54827880859375
img135,256,394,8289,12.64801025390625
img135,394,394,7579,11.56463623046875
img649,0,0,19017,29.01763916015625
img649,256,0,11670,17.8070068359375
img649,394,0,5765,8.79669189453125
img649,0,256,22270,33.9813232421875
img649,256,256,20589,31.41632080078125
img649,394,256,18318,27.9510498046875
img649,0,394,11462,17.4896240234375
img649,256,394,24774,37.8021240234375
img649,394,394,21108,32.208251953125
img1485,0,0,0,0.0
img1485,256,0,0,0.0
img1485,394,0,0,0.0
img1485,0,256,0,0.0
img1485,256,256,0,0.0
img1485,394,256,0,0.0
img1485,0,394,0,0.0
img1485,256,394,0,0.0
img1485,394,394,0,0.0
img680,0,0,10908,16.644287109375
img680,256,0,8821,13.45977783203125
img680,394,0,10735,16.38031005859375
img680,0,256,5144,7.84912109375
img680,256,256,12861,19.62432861328125
img680,394,256,10005,15.26641845703125
img680,0,394,9529,14.54010009765625
img680,256,394,11679,17.82073974609375
img680,394,394,13431,20.49407958984375
img1564,0,0,0,0.0
img1564,256,0,0,0.0
img1564,394,0,0,0.0
img1564,0,256,0,0.0
img1564,256,256,0,0.0
img1564,394,256,0,0.0
img1564,0,394,0,0.0
img1564,256,394,0,0.0
img1564,394,394,0,0.0
img901,0,0,0,0.0
img901,256,0,0,0.0
img901,394,0,0,0.0
img901,0,256,0,0.0
img901,256,256,0,0.0
img901,394,256,0,0.0
img901,0,394,0,0.0
img901,256,394,0,0.0
img901,394,394,0,0.0
img1506,0,0,5891,8.98895263671875
img1506,256,0,3893,5.94024658203125
img1506,394,0,1073,1.63726806640625
img1506,0,256,8751,13.35296630859375
img1506,256,256,4934,7.5286865234375
img1506,394,256,3791,5.78460693359375
img1506,0,394,9345,14.25933837890625
img1506,256,394,12447,18.99261474609375
img1506,394,394,13825,21.09527587890625
img32,0,0,0,0.0
img32,256,0,0,0.0
img32,394,0,0,0.0
img32,0,256,0,0.0
img32,256,256,0,0.0
img32,394,256,0,0.0
img32,0,394,0,0.0
img32,256,394,0,0.0
img32,394,394,0,0.0
img78,0,0,0,0.0
img78,256,0,0,0.0
img78,394,0,0,0.0
img78,0,256,19,0.02899169921875
img78,256,256,0,0.0
img78,394,256,0,0.0
img78,0,394,1825,2.78472900390625
img78,256,394,0,0.0
img78,394,394,0,0.0
img731,0,0,10806,16.4886474609375
img731,256,0,18314,27.9449462890625
img731,394,0,17670,26.9622802734375
img731,0,256,23262,35.4949951171875
img731,256,256,15215,23.21624755859375
img731,394,256,8435,12.87078857421875
img731,0,394,19774,30.1727294921875
img731,256,394,19937,30.42144775390625
img731,394,394,14370,21.9268798828125
img1532,0,0,0,0.0
img1532,256,0,0,0.0
img1532,394,0,0,0.0
img1532,0,256,0,0.0
img1532,256,256,0,0.0
img1532,394,256,0,0.0
img1532,0,394,0,0.0
img1532,256,394,0,0.0
img1532,394,394,0,0.0
img1327,0,0,4196,6.402587890625
img1327,256,0,4942,7.5408935546875
img1327,394,0,465,0.70953369140625
img1327,0,256,5430,8.2855224609375
img1327,256,256,4524,6.903076171875
img1327,394,256,4671,7.12738037109375
img1327,0,394,9957,15.19317626953125
img1327,256,394,9634,14.7003173828125
img1327,394,394,10813,16.49932861328125
img1028,0,0,0,0.0
img1028,256,0,0,0.0
img1028,394,0,0,0.0
img1028,0,256,0,0.0
img1028,256,256,0,0.0
img1028,394,256,0,0.0
img1028,0,394,0,0.0
img1028,256,394,0,0.0
img1028,394,394,0,0.0
img1029,0,0,0,0.0
img1029,256,0,0,0.0
img1029,394,0,0,0.0
img1029,0,256,0,0.0
img1029,256,256,0,0.0
img1029,394,256,0,0.0
img1029,0,394,0,0.0
img1029,256,394,0,0.0
img1029,394,394,0,0.0
img1348,0,0,0,0.0
img1348,256,0,0,0.0
img1348,394,0,0,0.0
img1348,0,256,0,0.0
img1348,256,256,0,0.0
img1348,394,256,0,0.0
img1348,0,394,0,0.0
img1348,256,394,0,0.0
img1348,394,394,0,0.0
img615,0,0,0,0.0
img615,256,0,0,0.0
img615,394,0,0,0.0
img615,0,256,0,0.0
img615,256,256,0,0.0
img615,394,256,0,0.0
img615,0,394,0,0.0
img615,256,394,0,0.0
img615,394,394,0,0.0
img582,0,0,0,0.0
img582,256,0,0,0.0
img582,394,0,0,0.0
img582,0,256,0,0.0
img582,256,256,0,0.0
img582,394,256,0,0.0
img582,0,394,0,0.0
img582,256,394,0,0.0
img582,394,394,0,0.0
img1168,0,0,0,0.0
img1168,256,0,0,0.0
img1168,394,0,0,0.0
img1168,0,256,0,0.0
img1168,256,256,0,0.0
img1168,394,256,0,0.0
img1168,0,394,0,0.0
img1168,256,394,0,0.0
img1168,394,394,0,0.0
img597,0,0,21203,32.35321044921875
img597,256,0,34251,52.26287841796875
img597,394,0,30174,46.0418701171875
img597,0,256,1564,2.386474609375
img597,256,256,8304,12.6708984375
img597,394,256,16346,24.9420166015625
img597,0,394,15635,23.85711669921875
img597,256,394,9992,15.24658203125
img597,394,394,14241,21.73004150390625
img543,0,0,0,0.0
img543,256,0,0,0.0
img543,394,0,0,0.0
img543,0,256,0,0.0
img543,256,256,0,0.0
img543,394,256,0,0.0
img543,0,394,0,0.0
img543,256,394,0,0.0
img543,394,394,0,0.0
img1344,0,0,0,0.0
img1344,256,0,0,0.0
img1344,394,0,0,0.0
img1344,0,256,0,0.0
img1344,256,256,0,0.0
img1344,394,256,0,0.0
img1344,0,394,0,0.0
img1344,256,394,0,0.0
img1344,394,394,0,0.0
img17,0,0,0,0.0
img17,256,0,0,0.0
img17,394,0,0,0.0
img17,0,256,0,0.0
img17,256,256,0,0.0
img17,394,256,0,0.0
img17,0,394,0,0.0
img17,256,394,0,0.0
img17,394,394,0,0.0
img1019,0,0,0,0.0
img1019,256,0,0,0.0
img1019,394,0,0,0.0
img1019,0,256,0,0.0
img1019,256,256,0,0.0
img1019,394,256,0,0.0
img1019,0,394,0,0.0
img1019,256,394,0,0.0
img1019,394,394,0,0.0
img470,0,0,0,0.0
img470,256,0,0,0.0
img470,394,0,0,0.0
img470,0,256,0,0.0
img470,256,256,0,0.0
img470,394,256,0,0.0
img470,0,394,0,0.0
img470,256,394,0,0.0
img470,394,394,0,0.0
img1395,0,0,0,0.0
img1395,256,0,0,0.0
img1395,394,0,0,0.0
img1395,0,256,0,0.0
img1395,256,256,0,0.0
img1395,394,256,0,0.0
img1395,0,394,0,0.0
img1395,256,394,0,0.0
img1395,394,394,0,0.0
img1656,0,0,9388,14.324951171875
img1656,256,0,1344,2.05078125
img1656,394,0,6643,10.13641357421875
img1656,0,256,11113,16.95709228515625
img1656,256,256,21347,32.57293701171875
img1656,394,256,15094,23.0316162109375
img1656,0,394,12980,19.805908203125
img1656,256,394,17434,26.6021728515625
img1656,394,394,11715,17.87567138671875
img1779,0,0,11907,18.16864013671875
img1779,256,0,1797,2.74200439453125
img1779,394,0,2091,3.19061279296875
img1779,0,256,25759,39.30511474609375
img1779,256,256,12054,18.3929443359375
img1779,394,256,10684,16.302490234375
img1779,0,394,27032,41.24755859375
img1779,256,394,24650,37.6129150390625
img1779,394,394,14154,21.5972900390625
img306,0,0,16425,25.06256103515625
img306,256,0,14949,22.81036376953125
img306,394,0,12305,18.77593994140625
img306,0,256,16059,24.50408935546875
img306,256,256,3697,5.64117431640625
img306,394,256,9394,14.3341064453125
img306,0,394,23246,35.4705810546875
img306,256,394,11077,16.90216064453125
img306,394,394,22383,34.15374755859375
img1078,0,0,0,0.0
img1078,256,0,0,0.0
img1078,394,0,0,0.0
img1078,0,256,0,0.0
img1078,256,256,0,0.0
img1078,394,256,0,0.0
img1078,0,394,0,0.0
img1078,256,394,0,0.0
img1078,394,394,0,0.0
img1487,0,0,0,0.0
img1487,256,0,0,0.0
img1487,394,0,0,0.0
img1487,0,256,0,0.0
img1487,256,256,0,0.0
img1487,394,256,0,0.0
img1487,0,394,0,0.0
img1487,256,394,0,0.0
img1487,394,394,0,0.0
img379,0,0,0,0.0
img379,256,0,0,0.0
img379,394,0,0,0.0
img379,0,256,0,0.0
img379,256,256,0,0.0
img379,394,256,0,0.0
img379,0,394,0,0.0
img379,256,394,0,0.0
img379,394,394,0,0.0
img689,0,0,12096,18.45703125
img689,256,0,9856,15.0390625
img689,394,0,12464,19.0185546875
img689,0,256,11020,16.815185546875
img689,256,256,16708,25.494384765625
img689,394,256,9776,14.9169921875
img689,0,394,13142,20.0531005859375
img689,256,394,15891,24.24774169921875
img689,394,394,15348,23.419189453125
img1130,0,0,20349,31.05010986328125
img1130,256,0,10018,15.2862548828125
img1130,394,0,10354,15.7989501953125
img1130,0,256,20505,31.28814697265625
img1130,256,256,30825,47.03521728515625
img1130,394,256,17334,26.4495849609375
img1130,0,394,22210,33.8897705078125
img1130,256,394,20462,31.2225341796875
img1130,394,394,9441,14.40582275390625
img482,0,0,6234,9.5123291015625
img482,256,0,22848,34.86328125
img482,394,0,25041,38.20953369140625
img482,0,256,12242,18.6798095703125
img482,256,256,8110,12.3748779296875
img482,394,256,14236,21.722412109375
img482,0,394,14532,22.174072265625
img482,256,394,18143,27.68402099609375
img482,394,394,14251,21.74530029296875
img1622,0,0,0,0.0
img1622,256,0,0,0.0
img1622,394,0,0,0.0
img1622,0,256,0,0.0
img1622,256,256,0,0.0
img1622,394,256,0,0.0
img1622,0,394,0,0.0
img1622,256,394,0,0.0
img1622,394,394,0,0.0
img1450,0,0,11524,17.584228515625
img1450,256,0,16339,24.93133544921875
img1450,394,0,15882,24.2340087890625
img1450,0,256,11730,17.8985595703125
img1450,256,256,12573,19.18487548828125
img1450,394,256,21533,32.85675048828125
img1450,0,394,15341,23.40850830078125
img1450,256,394,10865,16.57867431640625
img1450,394,394,17649,26.93023681640625
img774,0,0,8317,12.69073486328125
img774,256,0,19000,28.99169921875
img774,394,0,23839,36.37542724609375
img774,0,256,5345,8.15582275390625
img774,256,256,10752,16.40625
img774,394,256,9192,14.02587890625
img774,0,394,7845,11.97052001953125
img774,256,394,15629,23.84796142578125
img774,394,394,17154,26.1749267578125
img1219,0,0,11995,18.30291748046875
img1219,256,0,2807,4.28314208984375
img1219,394,0,5685,8.67462158203125
img1219,0,256,8713,13.29498291015625
img1219,256,256,11583,17.67425537109375
img1219,394,256,8753,13.35601806640625
img1219,0,394,11994,18.3013916015625
img1219,256,394,10392,15.85693359375
img1219,394,394,9322,14.2242431640625
img1357,0,0,11362,17.3370361328125
img1357,256,0,10604,16.180419921875
img1357,394,0,13474,20.5596923828125
img1357,0,256,16464,25.1220703125
img1357,256,256,11073,16.89605712890625
img1357,394,256,15472,23.6083984375
img1357,0,394,13994,21.3531494140625
img1357,256,394,11650,17.7764892578125
img1357,394,394,14110,21.5301513671875
img991,0,0,0,0.0
img991,256,0,0,0.0
img991,394,0,0,0.0
img991,0,256,0,0.0
img991,256,256,0,0.0
img991,394,256,0,0.0
img991,0,394,0,0.0
img991,256,394,0,0.0
img991,394,394,0,0.0
img552,0,0,0,0.0
img552,256,0,1451,2.21405029296875
img552,394,0,2032,3.1005859375
img552,0,256,3,0.00457763671875
img552,256,256,9022,13.7664794921875
img552,394,256,17365,26.49688720703125
img552,0,394,8650,13.1988525390625
img552,256,394,21850,33.3404541015625
img552,394,394,31157,47.54180908203125
img1826,0,0,354,0.5401611328125
img1826,256,0,4044,6.170654296875
img1826,394,0,3767,5.74798583984375
img1826,0,256,95,0.14495849609375
img1826,256,256,0,0.0
img1826,394,256,2074,3.1646728515625
img1826,0,394,1582,2.4139404296875
img1826,256,394,0,0.0
img1826,394,394,675,1.02996826171875
img1294,0,0,0,0.0
img1294,256,0,0,0.0
img1294,394,0,0,0.0
img1294,0,256,0,0.0
img1294,256,256,0,0.0
img1294,394,256,0,0.0
img1294,0,394,0,0.0
img1294,256,394,0,0.0
img1294,394,394,0,0.0
img1261,0,0,0,0.0
img1261,256,0,0,0.0
img1261,394,0,0,0.0
img1261,0,256,0,0.0
img1261,256,256,0,0.0
img1261,394,256,0,0.0
img1261,0,394,0,0.0
img1261,256,394,0,0.0
img1261,394,394,0,0.0
img1430,0,0,0,0.0
img1430,256,0,0,0.0
img1430,394,0,0,0.0
img1430,0,256,0,0.0
img1430,256,256,0,0.0
img1430,394,256,0,0.0
img1430,0,394,0,0.0
img1430,256,394,0,0.0
img1430,394,394,0,0.0
img1207,0,0,0,0.0
img1207,256,0,0,0.0
img1207,394,0,0,0.0
img1207,0,256,0,0.0
img1207,256,256,0,0.0
img1207,394,256,0,0.0
img1207,0,394,0,0.0
img1207,256,394,0,0.0
img1207,394,394,0,0.0
img1517,0,0,0,0.0
img1517,256,0,0,0.0
img1517,394,0,0,0.0
img1517,0,256,0,0.0
img1517,256,256,0,0.0
img1517,394,256,0,0.0
img1517,0,394,0,0.0
img1517,256,394,0,0.0
img1517,394,394,0,0.0
img1464,0,0,2632,4.01611328125
img1464,256,0,13122,20.0225830078125
img1464,394,0,7389,11.27471923828125
img1464,0,256,11400,17.39501953125
img1464,256,256,5238,7.9925537109375
img1464,394,256,7253,11.06719970703125
img1464,0,394,15677,23.92120361328125
img1464,256,394,8047,12.27874755859375
img1464,394,394,9244,14.105224609375
img773,0,0,10865,16.57867431640625
img773,256,0,10602,16.1773681640625
img773,394,0,10460,15.960693359375
img773,0,256,11331,17.28973388671875
img773,256,256,10283,15.69061279296875
img773,394,256,14292,21.807861328125
img773,0,394,15793,24.09820556640625
img773,256,394,9901,15.10772705078125
img773,394,394,14236,21.722412109375
img1373,0,0,0,0.0
img1373,256,0,14,0.0213623046875
img1373,394,0,330,0.5035400390625
img1373,0,256,5560,8.48388671875
img1373,256,256,13966,21.3104248046875
img1373,394,256,14380,21.942138671875
img1373,0,394,4613,7.03887939453125
img1373,256,394,5779,8.81805419921875
img1373,394,394,1266,1.9317626953125
img142,0,0,9029,13.77716064453125
img142,256,0,8792,13.41552734375
img142,394,0,9219,14.06707763671875
img142,0,256,9177,14.00299072265625
img142,256,256,10915,16.65496826171875
img142,394,256,9963,15.20233154296875
img142,0,394,8745,13.34381103515625
img142,256,394,7924,12.091064453125
img142,394,394,9650,14.7247314453125
img44,0,0,0,0.0
img44,256,0,0,0.0
img44,394,0,0,0.0
img44,0,256,535,0.81634521484375
img44,256,256,0,0.0
img44,394,256,0,0.0
img44,0,394,1702,2.5970458984375
img44,256,394,0,0.0
img44,394,394,0,0.0
img122,0,0,12462,19.0155029296875
img122,256,0,13693,20.89385986328125
img122,394,0,11584,17.67578125
img122,0,256,12357,18.85528564453125
img122,256,256,10800,16.4794921875
img122,394,256,14995,22.88055419921875
img122,0,394,12522,19.1070556640625
img122,256,394,11608,17.71240234375
img122,394,394,9523,14.53094482421875
img1127,0,0,0,0.0
img1127,256,0,0,0.0
img1127,394,0,0,0.0
img1127,0,256,0,0.0
img1127,256,256,0,0.0
img1127,394,256,0,0.0
img1127,0,394,0,0.0
img1127,256,394,0,0.0
img1127,394,394,0,0.0
img1474,0,0,0,0.0
img1474,256,0,0,0.0
img1474,394,0,0,0.0
img1474,0,256,0,0.0
img1474,256,256,0,0.0
img1474,394,256,0,0.0
img1474,0,394,0,0.0
img1474,256,394,0,0.0
img1474,394,394,0,0.0
img1909,0,0,10268,15.667724609375
img1909,256,0,0,0.0
img1909,394,0,0,0.0
img1909,0,256,0,0.0
img1909,256,256,0,0.0
img1909,394,256,0,0.0
img1909,0,394,0,0.0
img1909,256,394,0,0.0
img1909,394,394,0,0.0
img95,0,0,0,0.0
img95,256,0,0,0.0
img95,394,0,0,0.0
img95,0,256,0,0.0
img95,256,256,0,0.0
img95,394,256,0,0.0
img95,0,394,0,0.0
img95,256,394,0,0.0
img95,394,394,0,0.0
img1611,0,0,0,0.0
img1611,256,0,0,0.0
img1611,394,0,0,0.0
img1611,0,256,0,0.0
img1611,256,256,0,0.0
img1611,394,256,0,0.0
img1611,0,394,0,0.0
img1611,256,394,0,0.0
img1611,394,394,0,0.0
img837,0,0,0,0.0
img837,256,0,0,0.0
img837,394,0,0,0.0
img837,0,256,4472,6.82373046875
img837,256,256,0,0.0
img837,394,256,0,0.0
img837,0,394,8748,13.348388671875
img837,256,394,0,0.0
img837,394,394,0,0.0
img1417,0,0,9859,15.04364013671875
img1417,256,0,10737,16.38336181640625
img1417,394,0,6712,10.24169921875
img1417,0,256,11992,18.29833984375
img1417,256,256,4315,6.58416748046875
img1417,394,256,1278,1.9500732421875
img1417,0,394,5584,8.5205078125
img1417,256,394,2690,4.1046142578125
img1417,394,394,1466,2.2369384765625
img859,0,0,9543,14.56146240234375
img859,256,0,7156,10.919189453125
img859,394,0,6317,9.63897705078125
img859,0,256,4041,6.16607666015625
img859,256,256,10278,15.6829833984375
img859,394,256,8608,13.134765625
img859,0,394,1002,1.5289306640625
img859,256,394,6687,10.20355224609375
img859,394,394,7239,11.04583740234375
img1630,0,0,0,0.0
img1630,256,0,0,0.0
img1630,394,0,0,0.0
img1630,0,256,0,0.0
img1630,256,256,3057,4.66461181640625
img1630,394,256,3232,4.931640625
img1630,0,394,0,0.0
img1630,256,394,4163,6.35223388671875
img1630,394,394,4338,6.6192626953125
img513,0,0,0,0.0
img513,256,0,0,0.0
img513,394,0,0,0.0
img513,0,256,0,0.0
img513,256,256,0,0.0
img513,394,256,0,0.0
img513,0,394,0,0.0
img513,256,394,0,0.0
img513,394,394,0,0.0
img765,0,0,0,0.0
img765,256,0,0,0.0
img765,394,0,0,0.0
img765,0,256,0,0.0
img765,256,256,0,0.0
img765,394,256,0,0.0
img765,0,394,0,0.0
img765,256,394,0,0.0
img765,394,394,0,0.0
img1113,0,0,0,0.0
img1113,256,0,0,0.0
img1113,394,0,0,0.0
img1113,0,256,0,0.0
img1113,256,256,0,0.0
img1113,394,256,0,0.0
img1113,0,394,0,0.0
img1113,256,394,0,0.0
img1113,394,394,0,0.0
img1767,0,0,0,0.0
img1767,256,0,0,0.0
img1767,394,0,0,0.0
img1767,0,256,1118,1.7059326171875
img1767,256,256,0,0.0
img1767,394,256,0,0.0
img1767,0,394,2380,3.631591796875
img1767,256,394,0,0.0
img1767,394,394,0,0.0
img28,0,0,1794,2.7374267578125
img28,256,0,1417,2.16217041015625
img28,394,0,85,0.12969970703125
img28,0,256,5964,9.100341796875
img28,256,256,4811,7.34100341796875
img28,394,256,3426,5.2276611328125
img28,0,394,1667,2.54364013671875
img28,256,394,1040,1.5869140625
img28,394,394,2325,3.54766845703125
img263,0,0,0,0.0
img263,256,0,0,0.0
img263,394,0,0,0.0
img263,0,256,0,0.0
img263,256,256,0,0.0
img263,394,256,0,0.0
img263,0,394,0,0.0
img263,256,394,0,0.0
img263,394,394,0,0.0
img1193,0,0,0,0.0
img1193,256,0,2946,4.4952392578125
img1193,394,0,0,0.0
img1193,0,256,4364,6.658935546875
img1193,256,256,239,0.36468505859375
img1193,394,256,0,0.0
img1193,0,394,12657,19.31304931640625
img1193,256,394,459,0.70037841796875
img1193,394,394,1,0.00152587890625
img1017,0,0,0,0.0
img1017,256,0,0,0.0
img1017,394,0,0,0.0
img1017,0,256,0,0.0
img1017,256,256,529,0.80718994140625
img1017,394,256,0,0.0
img1017,0,394,0,0.0
img1017,256,394,0,0.0
img1017,394,394,0,0.0
img59,0,0,0,0.0
img59,256,0,0,0.0
img59,394,0,0,0.0
img59,0,256,0,0.0
img59,256,256,0,0.0
img59,394,256,0,0.0
img59,0,394,0,0.0
img59,256,394,0,0.0
img59,394,394,0,0.0
img358,0,0,13241,20.20416259765625
img358,256,0,11756,17.938232421875
img358,394,0,11118,16.9647216796875
img358,0,256,5825,8.88824462890625
img358,256,256,8967,13.68255615234375
img358,394,256,7888,12.0361328125
img358,0,394,10459,15.95916748046875
img358,256,394,8712,13.29345703125
img358,394,394,7773,11.86065673828125
img1280,0,0,1244,1.898193359375
img1280,256,0,1978,3.0181884765625
img1280,394,0,0,0.0
img1280,0,256,2898,4.4219970703125
img1280,256,256,601,0.91705322265625
img1280,394,256,3724,5.682373046875
img1280,0,394,0,0.0
img1280,256,394,0,0.0
img1280,394,394,1741,2.65655517578125
img581,0,0,0,0.0
img581,256,0,0,0.0
img581,394,0,0,0.0
img581,0,256,0,0.0
img581,256,256,0,0.0
img581,394,256,0,0.0
img581,0,394,0,0.0
img581,256,394,0,0.0
img581,394,394,0,0.0
img1188,0,0,11415,17.41790771484375
img1188,256,0,4345,6.62994384765625
img1188,394,0,518,0.7904052734375
img1188,0,256,11609,17.71392822265625
img1188,256,256,20097,30.66558837890625
img1188,394,256,17772,27.117919921875
img1188,0,394,13139,20.04852294921875
img1188,256,394,11966,18.2586669921875
img1188,394,394,15173,23.15216064453125
img1352,0,0,0,0.0
img1352,256,0,0,0.0
img1352,394,0,0,0.0
img1352,0,256,0,0.0
img1352,256,256,0,0.0
img1352,394,256,0,0.0
img1352,0,394,0,0.0
img1352,256,394,0,0.0
img1352,394,394,0,0.0
img334,0,0,5780,8.819580078125
img334,256,0,5,0.00762939453125
img334,394,0,0,0.0
img334,0,256,6204,9.466552734375
img334,256,256,8327,12.70599365234375
img334,394,256,6018,9.1827392578125
img334,0,394,8549,13.04473876953125
img334,256,394,9983,15.23284912109375
img334,394,394,12674,19.3389892578125
img714,0,0,0,0.0
img714,256,0,0,0.0
img714,394,0,0,0.0
img714,0,256,0,0.0
img714,256,256,0,0.0
img714,394,256,0,0.0
img714,0,394,0,0.0
img714,256,394,0,0.0
img714,394,394,0,0.0
img977,0,0,0,0.0
img977,256,0,0,0.0
img977,394,0,0,0.0
img977,0,256,0,0.0
img977,256,256,0,0.0
img977,394,256,0,0.0
img977,0,394,0,0.0
img977,256,394,0,0.0
img977,394,394,0,0.0
img542,0,0,0,0.0
img542,256,0,0,0.0
img542,394,0,0,0.0
img542,0,256,0,0.0
img542,256,256,0,0.0
img542,394,256,0,0.0
img542,0,394,0,0.0
img542,256,394,0,0.0
img542,394,394,0,0.0
img712,0,0,0,0.0
img712,256,0,0,0.0
img712,394,0,0,0.0
img712,0,256,0,0.0
img712,256,256,0,0.0
img712,394,256,0,0.0
img712,0,394,0,0.0
img712,256,394,0,0.0
img712,394,394,0,0.0
img1208,0,0,0,0.0
img1208,256,0,0,0.0
img1208,394,0,0,0.0
img1208,0,256,0,0.0
img1208,256,256,0,0.0
img1208,394,256,0,0.0
img1208,0,394,0,0.0
img1208,256,394,0,0.0
img1208,394,394,0,0.0
img115,0,0,272,0.4150390625
img115,256,0,2138,3.2623291015625
img115,394,0,1920,2.9296875
img115,0,256,500,0.762939453125
img115,256,256,637,0.97198486328125
img115,394,256,125,0.19073486328125
img115,0,394,0,0.0
img115,256,394,0,0.0
img115,394,394,0,0.0
img1156,0,0,0,0.0
img1156,256,0,0,0.0
img1156,394,0,0,0.0
img1156,0,256,0,0.0
img1156,256,256,0,0.0
img1156,394,256,0,0.0
img1156,0,394,0,0.0
img1156,256,394,0,0.0
img1156,394,394,0,0.0
img1478,0,0,0,0.0
img1478,256,0,0,0.0
img1478,394,0,0,0.0
img1478,0,256,0,0.0
img1478,256,256,0,0.0
img1478,394,256,0,0.0
img1478,0,394,0,0.0
img1478,256,394,0,0.0
img1478,394,394,0,0.0
img1404,0,0,15732,24.005126953125
img1404,256,0,15463,23.59466552734375
img1404,394,0,15171,23.14910888671875
img1404,0,256,13307,20.30487060546875
img1404,256,256,12347,18.84002685546875
img1404,394,256,16360,24.96337890625
img1404,0,394,15774,24.0692138671875
img1404,256,394,9845,15.02227783203125
img1404,394,394,17241,26.30767822265625
img1090,0,0,10536,16.07666015625
img1090,256,0,12196,18.609619140625
img1090,394,0,10346,15.7867431640625
img1090,0,256,8870,13.5345458984375
img1090,256,256,10855,16.56341552734375
img1090,394,256,12351,18.84613037109375
img1090,0,394,8329,12.70904541015625
img1090,256,394,12730,19.4244384765625
img1090,394,394,12847,19.60296630859375
img574,0,0,0,0.0
img574,256,0,0,0.0
img574,394,0,0,0.0
img574,0,256,0,0.0
img574,256,256,0,0.0
img574,394,256,0,0.0
img574,0,394,0,0.0
img574,256,394,0,0.0
img574,394,394,0,0.0
img1062,0,0,0,0.0
img1062,256,0,0,0.0
img1062,394,0,0,0.0
img1062,0,256,0,0.0
img1062,256,256,0,0.0
img1062,394,256,0,0.0
img1062,0,394,0,0.0
img1062,256,394,0,0.0
img1062,394,394,0,0.0
img1315,0,0,2208,3.369140625
img1315,256,0,11889,18.14117431640625
img1315,394,0,12843,19.59686279296875
img1315,0,256,19200,29.296875
img1315,256,256,23532,35.906982421875
img1315,394,256,26424,40.31982421875
img1315,0,394,15857,24.19586181640625
img1315,256,394,27350,41.7327880859375
img1315,394,394,35192,53.69873046875
img1442,0,0,0,0.0
img1442,256,0,0,0.0
img1442,394,0,0,0.0
img1442,0,256,0,0.0
img1442,256,256,0,0.0
img1442,394,256,0,0.0
img1442,0,394,0,0.0
img1442,256,394,0,0.0
img1442,394,394,0,0.0
img1339,0,0,0,0.0
img1339,256,0,0,0.0
img1339,394,0,0,0.0
img1339,0,256,0,0.0
img1339,256,256,0,0.0
img1339,394,256,0,0.0
img1339,0,394,0,0.0
img1339,256,394,0,0.0
img1339,394,394,0,0.0
img1038,0,0,0,0.0
img1038,256,0,0,0.0
img1038,394,0,0,0.0
img1038,0,256,0,0.0
img1038,256,256,3720,5.67626953125
img1038,394,256,6928,10.5712890625
img1038,0,394,0,0.0
img1038,256,394,8733,13.32550048828125
img1038,394,394,13488,20.5810546875
img766,0,0,3125,4.76837158203125
img766,256,0,4530,6.9122314453125
img766,394,0,5543,8.45794677734375
img766,0,256,0,0.0
img766,256,256,260,0.396728515625
img766,394,256,0,0.0
img766,0,394,0,0.0
img766,256,394,0,0.0
img766,394,394,0,0.0
img851,0,0,0,0.0
img851,256,0,0,0.0
img851,394,0,0,0.0
img851,0,256,0,0.0
img851,256,256,0,0.0
img851,394,256,0,0.0
img851,0,394,0,0.0
img851,256,394,0,0.0
img851,394,394,0,0.0
img830,0,0,14623,22.31292724609375
img830,256,0,13984,21.337890625
img830,394,0,13814,21.0784912109375
img830,0,256,12610,19.2413330078125
img830,256,256,14814,22.6043701171875
img830,394,256,12168,18.56689453125
img830,0,394,12014,18.3319091796875
img830,256,394,18553,28.30963134765625
img830,394,394,17884,27.288818359375
img492,0,0,0,0.0
img492,256,0,0,0.0
img492,394,0,0,0.0
img492,0,256,0,0.0
img492,256,256,0,0.0
img492,394,256,0,0.0
img492,0,394,0,0.0
img492,256,394,0,0.0
img492,394,394,0,0.0
img353,0,0,32183,49.10736083984375
img353,256,0,16214,24.7406005859375
img353,394,0,34208,52.197265625
img353,0,256,8607,13.13323974609375
img353,256,256,0,0.0
img353,394,256,0,0.0
img353,0,394,0,0.0
img353,256,394,0,0.0
img353,394,394,0,0.0
img866,0,0,17682,26.9805908203125
img866,256,0,3342,5.0994873046875
img866,394,0,11996,18.304443359375
img866,0,256,10917,16.65802001953125
img866,256,256,764,1.165771484375
img866,394,256,13508,20.611572265625
img866,0,394,4751,7.24945068359375
img866,256,394,5593,8.53424072265625
img866,394,394,16920,25.81787109375
img1121,0,0,0,0.0
img1121,256,0,0,0.0
img1121,394,0,0,0.0
img1121,0,256,0,0.0
img1121,256,256,0,0.0
img1121,394,256,0,0.0
img1121,0,394,0,0.0
img1121,256,394,0,0.0
img1121,394,394,0,0.0
img37,0,0,11258,17.1783447265625
img37,256,0,8651,13.20037841796875
img37,394,0,0,0.0
img37,0,256,9154,13.9678955078125
img37,256,256,4891,7.46307373046875
img37,394,256,0,0.0
img37,0,394,0,0.0
img37,256,394,0,0.0
img37,394,394,0,0.0
img893,0,0,0,0.0
img893,256,0,0,0.0
img893,394,0,0,0.0
img893,0,256,0,0.0
img893,256,256,0,0.0
img893,394,256,0,0.0
img893,0,394,0,0.0
img893,256,394,0,0.0
img893,394,394,0,0.0
img602,0,0,20475,31.24237060546875
img602,256,0,8872,13.53759765625
img602,394,0,836,1.275634765625
img602,0,256,16757,25.56915283203125
img602,256,256,12590,19.2108154296875
img602,394,256,2335,3.56292724609375
img602,0,394,20878,31.8572998046875
img602,256,394,26387,40.26336669921875
img602,394,394,18474,28.1890869140625
img697,0,0,17903,27.31781005859375
img697,256,0,8582,13.0950927734375
img697,394,0,13749,20.97930908203125
img697,0,256,4132,6.304931640625
img697,256,256,10175,15.52581787109375
img697,394,256,10692,16.314697265625
img697,0,394,9491,14.48211669921875
img697,256,394,12931,19.73114013671875
img697,394,394,9864,15.05126953125
img1679,0,0,2869,4.37774658203125
img1679,256,0,2141,3.26690673828125
img1679,394,0,6474,9.8785400390625
img1679,0,256,0,0.0
img1679,256,256,0,0.0
img1679,394,256,0,0.0
img1679,0,394,0,0.0
img1679,256,394,0,0.0
img1679,394,394,0,0.0
img1041,0,0,12543,19.13909912109375
img1041,256,0,12277,18.73321533203125
img1041,394,0,14185,21.64459228515625
img1041,0,256,12768,19.482421875
img1041,256,256,10243,15.62957763671875
img1041,394,256,10777,16.44439697265625
img1041,0,394,10991,16.77093505859375
img1041,256,394,11239,17.14935302734375
img1041,394,394,13634,20.8038330078125
img340,0,0,0,0.0
img340,256,0,0,0.0
img340,394,0,0,0.0
img340,0,256,0,0.0
img340,256,256,0,0.0
img340,394,256,0,0.0
img340,0,394,0,0.0
img340,256,394,0,0.0
img340,394,394,0,0.0
img942,0,0,0,0.0
img942,256,0,0,0.0
img942,394,0,0,0.0
img942,0,256,0,0.0
img942,256,256,0,0.0
img942,394,256,0,0.0
img942,0,394,0,0.0
img942,256,394,0,0.0
img942,394,394,0,0.0
img1560,0,0,19879,30.33294677734375
img1560,256,0,14287,21.80023193359375
img1560,394,0,8386,12.7960205078125
img1560,0,256,3386,5.1666259765625
img1560,256,256,9380,14.312744140625
img1560,394,256,7755,11.83319091796875
img1560,0,394,3317,5.06134033203125
img1560,256,394,7415,11.31439208984375
img1560,394,394,6530,9.9639892578125
img757,0,0,0,0.0
img757,256,0,0,0.0
img757,394,0,0,0.0
img757,0,256,0,0.0
img757,256,256,0,0.0
img757,394,256,0,0.0
img757,0,394,0,0.0
img757,256,394,0,0.0
img757,394,394,0,0.0
img585,0,0,0,0.0
img585,256,0,0,0.0
img585,394,0,0,0.0
img585,0,256,0,0.0
img585,256,256,0,0.0
img585,394,256,0,0.0
img585,0,394,0,0.0
img585,256,394,0,0.0
img585,394,394,0,0.0
img1273,0,0,46,0.0701904296875
img1273,256,0,2114,3.2257080078125
img1273,394,0,6015,9.17816162109375
img1273,0,256,63,0.09613037109375
img1273,256,256,12694,19.3695068359375
img1273,394,256,10829,16.52374267578125
img1273,0,394,6752,10.302734375
img1273,256,394,13041,19.89898681640625
img1273,394,394,4224,6.4453125
img1251,0,0,0,0.0
img1251,256,0,0,0.0
img1251,394,0,0,0.0
img1251,0,256,0,0.0
img1251,256,256,0,0.0
img1251,394,256,0,0.0
img1251,0,394,0,0.0
img1251,256,394,0,0.0
img1251,394,394,0,0.0
img1714,0,0,0,0.0
img1714,256,0,0,0.0
img1714,394,0,0,0.0
img1714,0,256,0,0.0
img1714,256,256,0,0.0
img1714,394,256,0,0.0
img1714,0,394,0,0.0
img1714,256,394,0,0.0
img1714,394,394,0,0.0
img1262,0,0,0,0.0
img1262,256,0,0,0.0
img1262,394,0,0,0.0
img1262,0,256,0,0.0
img1262,256,256,0,0.0
img1262,394,256,0,0.0
img1262,0,394,0,0.0
img1262,256,394,0,0.0
img1262,394,394,0,0.0
img619,0,0,0,0.0
img619,256,0,0,0.0
img619,394,0,0,0.0
img619,0,256,0,0.0
img619,256,256,0,0.0
img619,394,256,0,0.0
img619,0,394,0,0.0
img619,256,394,0,0.0
img619,394,394,0,0.0
img1255,0,0,0,0.0
img1255,256,0,0,0.0
img1255,394,0,0,0.0
img1255,0,256,0,0.0
img1255,256,256,0,0.0
img1255,394,256,0,0.0
img1255,0,394,0,0.0
img1255,256,394,0,0.0
img1255,394,394,0,0.0
img788,0,0,13311,20.31097412109375
img788,256,0,6863,10.47210693359375
img788,394,0,5452,8.319091796875
img788,0,256,6947,10.60028076171875
img788,256,256,3867,5.90057373046875
img788,394,256,8374,12.7777099609375
img788,0,394,10479,15.98968505859375
img788,256,394,5102,7.7850341796875
img788,394,394,2959,4.51507568359375
img1072,0,0,0,0.0
img1072,256,0,0,0.0
img1072,394,0,0,0.0
img1072,0,256,0,0.0
img1072,256,256,0,0.0
img1072,394,256,0,0.0
img1072,0,394,0,0.0
img1072,256,394,0,0.0
img1072,394,394,0,0.0
img1535,0,0,0,0.0
img1535,256,0,0,0.0
img1535,394,0,0,0.0
img1535,0,256,0,0.0
img1535,256,256,0,0.0
img1535,394,256,0,0.0
img1535,0,394,0,0.0
img1535,256,394,0,0.0
img1535,394,394,0,0.0
img344,0,0,0,0.0
img344,256,0,0,0.0
img344,394,0,0,0.0
img344,0,256,3921,5.98297119140625
img344,256,256,1277,1.94854736328125
img344,394,256,2544,3.8818359375
img344,0,394,12203,18.62030029296875
img344,256,394,5513,8.41217041015625
img344,394,394,2934,4.4769287109375
img951,0,0,0,0.0
img951,256,0,0,0.0
img951,394,0,0,0.0
img951,0,256,238,0.3631591796875
img951,256,256,0,0.0
img951,394,256,0,0.0
img951,0,394,238,0.3631591796875
img951,256,394,0,0.0
img951,394,394,0,0.0
img486,0,0,9118,13.9129638671875
img486,256,0,9982,15.2313232421875
img486,394,0,11037,16.84112548828125
img486,0,256,9777,14.91851806640625
img486,256,256,8466,12.9180908203125
img486,394,256,12442,18.9849853515625
img486,0,394,7818,11.9293212890625
img486,256,394,9951,15.18402099609375
img486,394,394,13028,19.879150390625
img1471,0,0,0,0.0
img1471,256,0,0,0.0
img1471,394,0,0,0.0
img1471,0,256,0,0.0
img1471,256,256,0,0.0
img1471,394,256,0,0.0
img1471,0,394,0,0.0
img1471,256,394,0,0.0
img1471,394,394,0,0.0
img472,0,0,3049,4.65240478515625
img472,256,0,972,1.483154296875
img472,394,0,13666,20.8526611328125
img472,0,256,0,0.0
img472,256,256,4605,7.02667236328125
img472,394,256,24003,36.62567138671875
img472,0,394,1677,2.55889892578125
img472,256,394,2972,4.534912109375
img472,394,394,1048,1.59912109375
img159,0,0,0,0.0
img159,256,0,0,0.0
img159,394,0,0,0.0
img159,0,256,0,0.0
img159,256,256,0,0.0
img159,394,256,0,0.0
img159,0,394,0,0.0
img159,256,394,0,0.0
img159,394,394,2419,3.69110107421875
img636,0,0,14036,21.417236328125
img636,256,0,8457,12.90435791015625
img636,394,0,7139,10.89324951171875
img636,0,256,9825,14.99176025390625
img636,256,256,13379,20.41473388671875
img636,394,256,10737,16.38336181640625
img636,0,394,5303,8.09173583984375
img636,256,394,14526,22.1649169921875
img636,394,394,15374,23.4588623046875
img778,0,0,19854,30.2947998046875
img778,256,0,25828,39.410400390625
img778,394,0,11498,17.5445556640625
img778,0,256,9543,14.56146240234375
img778,256,256,15392,23.486328125
img778,394,256,7451,11.36932373046875
img778,0,394,11973,18.26934814453125
img778,256,394,5512,8.41064453125
img778,394,394,204,0.311279296875
img898,0,0,0,0.0
img898,256,0,0,0.0
img898,394,0,0,0.0
img898,0,256,0,0.0
img898,256,256,0,0.0
img898,394,256,0,0.0
img898,0,394,0,0.0
img898,256,394,0,0.0
img898,394,394,0,0.0
img1232,0,0,790,1.2054443359375
img1232,256,0,0,0.0
img1232,394,0,3058,4.6661376953125
img1232,0,256,3201,4.88433837890625
img1232,256,256,0,0.0
img1232,394,256,2096,3.1982421875
img1232,0,394,2692,4.107666015625
img1232,256,394,0,0.0
img1232,394,394,4412,6.732177734375
img825,0,0,11749,17.92755126953125
img825,256,0,16840,25.69580078125
img825,394,0,14888,22.71728515625
img825,0,256,1569,2.39410400390625
img825,256,256,7176,10.94970703125
img825,394,256,4444,6.781005859375
img825,0,394,8053,12.28790283203125
img825,256,394,5824,8.88671875
img825,394,394,11015,16.80755615234375
img578,0,0,0,0.0
img578,256,0,0,0.0
img578,394,0,0,0.0
img578,0,256,0,0.0
img578,256,256,0,0.0
img578,394,256,0,0.0
img578,0,394,0,0.0
img578,256,394,0,0.0
img578,394,394,0,0.0
img1003,0,0,19667,30.00946044921875
img1003,256,0,15683,23.93035888671875
img1003,394,0,8814,13.4490966796875
img1003,0,256,8574,13.0828857421875
img1003,256,256,15221,23.22540283203125
img1003,394,256,12390,18.9056396484375
img1003,0,394,10253,15.64483642578125
img1003,256,394,8076,12.322998046875
img1003,394,394,10248,15.63720703125
img1669,0,0,0,0.0
img1669,256,0,0,0.0
img1669,394,0,0,0.0
img1669,0,256,0,0.0
img1669,256,256,0,0.0
img1669,394,256,0,0.0
img1669,0,394,0,0.0
img1669,256,394,0,0.0
img1669,394,394,0,0.0
img843,0,0,0,0.0
img843,256,0,0,0.0
img843,394,0,0,0.0
img843,0,256,0,0.0
img843,256,256,0,0.0
img843,394,256,0,0.0
img843,0,394,0,0.0
img843,256,394,0,0.0
img843,394,394,0,0.0
img1825,0,0,0,0.0
img1825,256,0,0,0.0
img1825,394,0,0,0.0
img1825,0,256,26998,41.1956787109375
img1825,256,256,3473,5.29937744140625
img1825,394,256,0,0.0
img1825,0,394,16201,24.72076416015625
img1825,256,394,4312,6.57958984375
img1825,394,394,0,0.0
img1707,0,0,0,0.0
img1707,256,0,0,0.0
img1707,394,0,0,0.0
img1707,0,256,0,0.0
img1707,256,256,0,0.0
img1707,394,256,0,0.0
img1707,0,394,0,0.0
img1707,256,394,0,0.0
img1707,394,394,0,0.0
img676,0,0,4954,7.5592041015625
img676,256,0,9257,14.12506103515625
img676,394,0,12326,18.8079833984375
img676,0,256,1907,2.90985107421875
img676,256,256,901,1.37481689453125
img676,394,256,10419,15.89813232421875
img676,0,394,0,0.0
img676,256,394,4890,7.4615478515625
img676,394,394,19211,29.31365966796875
img755,0,0,0,0.0
img755,256,0,0,0.0
img755,394,0,0,0.0
img755,0,256,0,0.0
img755,256,256,0,0.0
img755,394,256,0,0.0
img755,0,394,0,0.0
img755,256,394,0,0.0
img755,394,394,0,0.0
img728,0,0,11326,17.2821044921875
img728,256,0,14748,22.503662109375
img728,394,0,12676,19.342041015625
img728,0,256,15929,24.30572509765625
img728,256,256,13999,21.36077880859375
img728,394,256,13585,20.72906494140625
img728,0,394,8662,13.2171630859375
img728,256,394,9008,13.7451171875
img728,394,394,12424,18.95751953125
img1778,0,0,2238,3.4149169921875
img1778,256,0,25840,39.4287109375
img1778,394,0,25031,38.19427490234375
img1778,0,256,21785,33.24127197265625
img1778,256,256,1364,2.081298828125
img1778,394,256,1586,2.4200439453125
img1778,0,394,48832,74.51171875
img1778,256,394,1113,1.69830322265625
img1778,394,394,0,0.0
img252,0,0,0,0.0
img252,256,0,1421,2.16827392578125
img252,394,0,4177,6.37359619140625
img252,0,256,0,0.0
img252,256,256,0,0.0
img252,394,256,0,0.0
img252,0,394,0,0.0
img252,256,394,0,0.0
img252,394,394,0,0.0
img12,0,0,0,0.0
img12,256,0,0,0.0
img12,394,0,0,0.0
img12,0,256,0,0.0
img12,256,256,0,0.0
img12,394,256,0,0.0
img12,0,394,0,0.0
img12,256,394,0,0.0
img12,394,394,0,0.0
img1803,0,0,0,0.0
img1803,256,0,0,0.0
img1803,394,0,0,0.0
img1803,0,256,0,0.0
img1803,256,256,0,0.0
img1803,394,256,0,0.0
img1803,0,394,0,0.0
img1803,256,394,0,0.0
img1803,394,394,0,0.0
img794,0,0,0,0.0
img794,256,0,0,0.0
img794,394,0,0,0.0
img794,0,256,835,1.27410888671875
img794,256,256,0,0.0
img794,394,256,0,0.0
img794,0,394,398,0.6072998046875
img794,256,394,0,0.0
img794,394,394,0,0.0
img1224,0,0,7034,10.7330322265625
img1224,256,0,15483,23.62518310546875
img1224,394,0,17971,27.42156982421875
img1224,0,256,18592,28.369140625
img1224,256,256,9365,14.28985595703125
img1224,394,256,11832,18.05419921875
img1224,0,394,26669,40.69366455078125
img1224,256,394,14865,22.68218994140625
img1224,394,394,11494,17.5384521484375
img1174,0,0,3467,5.29022216796875
img1174,256,0,15672,23.91357421875
img1174,394,0,22154,33.8043212890625
img1174,0,256,11521,17.57965087890625
img1174,256,256,22174,33.8348388671875
img1174,394,256,17204,26.251220703125
img1174,0,394,17196,26.239013671875
img1174,256,394,20861,31.83135986328125
img1174,394,394,19029,29.03594970703125
img200,0,0,16342,24.9359130859375
img200,256,0,9937,15.16265869140625
img200,394,0,7346,11.2091064453125
img200,0,256,21867,33.36639404296875
img200,256,256,16462,25.1190185546875
img200,394,256,7475,11.40594482421875
img200,0,394,23479,35.82611083984375
img200,256,394,21102,32.1990966796875
img200,394,394,19653,29.98809814453125
img1124,0,0,0,0.0
img1124,256,0,1021,1.55792236328125
img1124,394,0,1021,1.55792236328125
img1124,0,256,0,0.0
img1124,256,256,0,0.0
img1124,394,256,0,0.0
img1124,0,394,0,0.0
img1124,256,394,0,0.0
img1124,394,394,0,0.0
img554,0,0,0,0.0
img554,256,0,0,0.0
img554,394,0,98,0.1495361328125
img554,0,256,0,0.0
img554,256,256,0,0.0
img554,394,256,0,0.0
img554,0,394,0,0.0
img554,256,394,0,0.0
img554,394,394,0,0.0
img1533,0,0,0,0.0
img1533,256,0,0,0.0
img1533,394,0,0,0.0
img1533,0,256,0,0.0
img1533,256,256,0,0.0
img1533,394,256,0,0.0
img1533,0,394,0,0.0
img1533,256,394,0,0.0
img1533,394,394,0,0.0
img452,0,0,0,0.0
img452,256,0,0,0.0
img452,394,0,0,0.0
img452,0,256,1366,2.0843505859375
img452,256,256,3121,4.76226806640625
img452,394,256,2079,3.17230224609375
img452,0,394,4625,7.05718994140625
img452,256,394,6979,10.64910888671875
img452,394,394,7532,11.492919921875
img879,0,0,1833,2.79693603515625
img879,256,0,0,0.0
img879,394,0,274,0.4180908203125
img879,0,256,0,0.0
img879,256,256,3250,4.9591064453125
img879,394,256,5628,8.587646484375
img879,0,394,0,0.0
img879,256,394,0,0.0
img879,394,394,0,0.0
img1613,0,0,0,0.0
img1613,256,0,0,0.0
img1613,394,0,0,0.0
img1613,0,256,0,0.0
img1613,256,256,0,0.0
img1613,394,256,0,0.0
img1613,0,394,0,0.0
img1613,256,394,0,0.0
img1613,394,394,0,0.0
img1154,0,0,0,0.0
img1154,256,0,0,0.0
img1154,394,0,0,0.0
img1154,0,256,0,0.0
img1154,256,256,0,0.0
img1154,394,256,0,0.0
img1154,0,394,0,0.0
img1154,256,394,0,0.0
img1154,394,394,0,0.0
img1182,0,0,21504,32.8125
img1182,256,0,10518,16.0491943359375
img1182,394,0,6869,10.48126220703125
img1182,0,256,10856,16.56494140625
img1182,256,256,9595,14.64080810546875
img1182,394,256,9601,14.64996337890625
img1182,0,394,8775,13.38958740234375
img1182,256,394,12534,19.1253662109375
img1182,394,394,7269,11.09161376953125
img817,0,0,22492,34.320068359375
img817,256,0,10831,16.52679443359375
img817,394,0,9327,14.23187255859375
img817,0,256,7950,12.1307373046875
img817,256,256,11146,17.0074462890625
img817,394,256,15904,24.267578125
img817,0,394,5098,7.7789306640625
img817,256,394,8084,12.335205078125
img817,394,394,6969,10.63385009765625
img408,0,0,0,0.0
img408,256,0,0,0.0
img408,394,0,0,0.0
img408,0,256,0,0.0
img408,256,256,0,0.0
img408,394,256,0,0.0
img408,0,394,0,0.0
img408,256,394,0,0.0
img408,394,394,0,0.0
img809,0,0,0,0.0
img809,256,0,0,0.0
img809,394,0,0,0.0
img809,0,256,0,0.0
img809,256,256,0,0.0
img809,394,256,0,0.0
img809,0,394,0,0.0
img809,256,394,0,0.0
img809,394,394,0,0.0
img1528,0,0,0,0.0
img1528,256,0,0,0.0
img1528,394,0,0,0.0
img1528,0,256,0,0.0
img1528,256,256,0,0.0
img1528,394,256,0,0.0
img1528,0,394,0,0.0
img1528,256,394,0,0.0
img1528,394,394,0,0.0
img909,0,0,16025,24.45220947265625
img909,256,0,1103,1.68304443359375
img909,394,0,0,0.0
img909,0,256,27656,42.19970703125
img909,256,256,3,0.00457763671875
img909,394,256,9264,14.1357421875
img909,0,394,32835,50.10223388671875
img909,256,394,26363,40.22674560546875
img909,394,394,22039,33.62884521484375
img1301,0,0,0,0.0
img1301,256,0,0,0.0
img1301,394,0,0,0.0
img1301,0,256,0,0.0
img1301,256,256,0,0.0
img1301,394,256,0,0.0
img1301,0,394,0,0.0
img1301,256,394,0,0.0
img1301,394,394,0,0.0
img136,0,0,8092,12.347412109375
img136,256,0,13226,20.1812744140625
img136,394,0,11249,17.16461181640625
img136,0,256,11452,17.474365234375
img136,256,256,10036,15.313720703125
img136,394,256,13028,19.879150390625
img136,0,394,11559,17.63763427734375
img136,256,394,8326,12.7044677734375
img136,394,394,9033,13.78326416015625
img605,0,0,13884,21.185302734375
img605,256,0,14425,22.01080322265625
img605,394,0,11556,17.633056640625
img605,0,256,13835,21.11053466796875
img605,256,256,17514,26.7242431640625
img605,394,256,19348,29.522705078125
img605,0,394,15322,23.3795166015625
img605,256,394,14388,21.954345703125
img605,394,394,17686,26.9866943359375
img485,0,0,9646,14.7186279296875
img485,256,0,9065,13.83209228515625
img485,394,0,5145,7.85064697265625
img485,0,256,13453,20.52764892578125
img485,256,256,10356,15.802001953125
img485,394,256,9555,14.57977294921875
img485,0,394,11523,17.58270263671875
img485,256,394,4158,6.3446044921875
img485,394,394,3065,4.67681884765625
img1667,0,0,0,0.0
img1667,256,0,0,0.0
img1667,394,0,0,0.0
img1667,0,256,0,0.0
img1667,256,256,0,0.0
img1667,394,256,0,0.0
img1667,0,394,0,0.0
img1667,256,394,0,0.0
img1667,394,394,0,0.0
img925,0,0,5284,8.062744140625
img925,256,0,7785,11.87896728515625
img925,394,0,8855,13.51165771484375
img925,0,256,128,0.1953125
img925,256,256,5887,8.98284912109375
img925,394,256,2002,3.0548095703125
img925,0,394,0,0.0
img925,256,394,4137,6.31256103515625
img925,394,394,2002,3.0548095703125
img1392,0,0,0,0.0
img1392,256,0,0,0.0
img1392,394,0,0,0.0
img1392,0,256,0,0.0
img1392,256,256,0,0.0
img1392,394,256,0,0.0
img1392,0,394,0,0.0
img1392,256,394,0,0.0
img1392,394,394,0,0.0
img1706,0,0,0,0.0
img1706,256,0,0,0.0
img1706,394,0,0,0.0
img1706,0,256,0,0.0
img1706,256,256,0,0.0
img1706,394,256,0,0.0
img1706,0,394,0,0.0
img1706,256,394,0,0.0
img1706,394,394,0,0.0
img155,0,0,9930,15.1519775390625
img155,256,0,8774,13.3880615234375
img155,394,0,16241,24.78179931640625
img155,0,256,3705,5.65338134765625
img155,256,256,18206,27.7801513671875
img155,394,256,12388,18.902587890625
img155,0,394,3135,4.78363037109375
img155,256,394,14297,21.81549072265625
img155,394,394,14374,21.9329833984375
img1043,0,0,14719,22.45941162109375
img1043,256,0,7757,11.83624267578125
img1043,394,0,13188,20.123291015625
img1043,0,256,10774,16.4398193359375
img1043,256,256,12558,19.1619873046875
img1043,394,256,15535,23.70452880859375
img1043,0,394,13055,19.92034912109375
img1043,256,394,15868,24.212646484375
img1043,394,394,15827,24.15008544921875
img70,0,0,0,0.0
img70,256,0,0,0.0
img70,394,0,0,0.0
img70,0,256,0,0.0
img70,256,256,0,0.0
img70,394,256,0,0.0
img70,0,394,0,0.0
img70,256,394,0,0.0
img70,394,394,0,0.0
img1834,0,0,0,0.0
img1834,256,0,0,0.0
img1834,394,0,0,0.0
img1834,0,256,0,0.0
img1834,256,256,0,0.0
img1834,394,256,0,0.0
img1834,0,394,0,0.0
img1834,256,394,0,0.0
img1834,394,394,0,0.0
img1048,0,0,8699,13.27362060546875
img1048,256,0,8885,13.55743408203125
img1048,394,0,15590,23.7884521484375
img1048,0,256,10681,16.29791259765625
img1048,256,256,9626,14.6881103515625
img1048,394,256,10777,16.44439697265625
img1048,0,394,22274,33.9874267578125
img1048,256,394,14181,21.63848876953125
img1048,394,394,10409,15.88287353515625
img931,0,0,0,0.0
img931,256,0,0,0.0
img931,394,0,0,0.0
img931,0,256,0,0.0
img931,256,256,0,0.0
img931,394,256,0,0.0
img931,0,394,0,0.0
img931,256,394,0,0.0
img931,394,394,0,0.0
img284,0,0,0,0.0
img284,256,0,0,0.0
img284,394,0,0,0.0
img284,0,256,4096,6.25
img284,256,256,0,0.0
img284,394,256,0,0.0
img284,0,394,6949,10.60333251953125
img284,256,394,4309,6.57501220703125
img284,394,394,0,0.0
img1368,0,0,1858,2.8350830078125
img1368,256,0,0,0.0
img1368,394,0,0,0.0
img1368,0,256,0,0.0
img1368,256,256,426,0.6500244140625
img1368,394,256,3529,5.38482666015625
img1368,0,394,1116,1.702880859375
img1368,256,394,2596,3.961181640625
img1368,394,394,5524,8.428955078125
img896,0,0,0,0.0
img896,256,0,0,0.0
img896,394,0,0,0.0
img896,0,256,0,0.0
img896,256,256,0,0.0
img896,394,256,0,0.0
img896,0,394,0,0.0
img896,256,394,0,0.0
img896,394,394,0,0.0
img1408,0,0,14794,22.5738525390625
img1408,256,0,13670,20.8587646484375
img1408,394,0,12994,19.8272705078125
img1408,0,256,11729,17.89703369140625
img1408,256,256,11991,18.29681396484375
img1408,394,256,8942,13.6444091796875
img1408,0,394,20779,31.70623779296875
img1408,256,394,11372,17.352294921875
img1408,394,394,3377,5.15289306640625
img1850,0,0,0,0.0
img1850,256,0,0,0.0
img1850,394,0,0,0.0
img1850,0,256,0,0.0
img1850,256,256,0,0.0
img1850,394,256,0,0.0
img1850,0,394,0,0.0
img1850,256,394,0,0.0
img1850,394,394,0,0.0
img1839,0,0,0,0.0
img1839,256,0,0,0.0
img1839,394,0,0,0.0
img1839,0,256,0,0.0
img1839,256,256,0,0.0
img1839,394,256,0,0.0
img1839,0,394,0,0.0
img1839,256,394,0,0.0
img1839,394,394,0,0.0
img1341,0,0,0,0.0
img1341,256,0,0,0.0
img1341,394,0,0,0.0
img1341,0,256,0,0.0
img1341,256,256,0,0.0
img1341,394,256,0,0.0
img1341,0,394,0,0.0
img1341,256,394,0,0.0
img1341,394,394,0,0.0
img214,0,0,23035,35.14862060546875
img214,256,0,665,1.01470947265625
img214,394,0,9712,14.8193359375
img214,0,256,9114,13.9068603515625
img214,256,256,19451,29.67987060546875
img214,394,256,27204,41.510009765625
img214,0,394,15329,23.39019775390625
img214,256,394,12286,18.7469482421875
img214,394,394,18745,28.60260009765625
img954,0,0,14531,22.17254638671875
img954,256,0,18763,28.63006591796875
img954,394,0,18326,27.9632568359375
img954,0,256,8434,12.8692626953125
img954,256,256,8412,12.835693359375
img954,394,256,16939,25.84686279296875
img954,0,394,10358,15.8050537109375
img954,256,394,16304,24.8779296875
img954,394,394,38679,59.01947021484375
img449,0,0,14568,22.22900390625
img449,256,0,23483,35.83221435546875
img449,394,0,23419,35.73455810546875
img449,0,256,13148,20.062255859375
img449,256,256,6944,10.595703125
img449,394,256,10606,16.1834716796875
img449,0,394,21646,33.0291748046875
img449,256,394,14372,21.929931640625
img449,394,394,15080,23.01025390625
img1284,0,0,0,0.0
img1284,256,0,0,0.0
img1284,394,0,0,0.0
img1284,0,256,0,0.0
img1284,256,256,0,0.0
img1284,394,256,0,0.0
img1284,0,394,0,0.0
img1284,256,394,0,0.0
img1284,394,394,0,0.0
img1748,0,0,9697,14.79644775390625
img1748,256,0,25,0.03814697265625
img1748,394,0,0,0.0
img1748,0,256,0,0.0
img1748,256,256,0,0.0
img1748,394,256,0,0.0
img1748,0,394,0,0.0
img1748,256,394,0,0.0
img1748,394,394,0,0.0
img947,0,0,0,0.0
img947,256,0,0,0.0
img947,394,0,0,0.0
img947,0,256,0,0.0
img947,256,256,0,0.0
img947,394,256,0,0.0
img947,0,394,0,0.0
img947,256,394,0,0.0
img947,394,394,0,0.0
img1718,0,0,0,0.0
img1718,256,0,0,0.0
img1718,394,0,0,0.0
img1718,0,256,0,0.0
img1718,256,256,0,0.0
img1718,394,256,0,0.0
img1718,0,394,0,0.0
img1718,256,394,0,0.0
img1718,394,394,0,0.0
img154,0,0,22417,34.20562744140625
img154,256,0,2673,4.07867431640625
img154,394,0,7418,11.3189697265625
img154,0,256,16519,25.20599365234375
img154,256,256,4448,6.787109375
img154,394,256,2317,3.53546142578125
img154,0,394,20286,30.9539794921875
img154,256,394,7319,11.16790771484375
img154,394,394,5766,8.7982177734375
img1218,0,0,2465,3.76129150390625
img1218,256,0,4201,6.41021728515625
img1218,394,0,3406,5.1971435546875
img1218,0,256,0,0.0
img1218,256,256,0,0.0
img1218,394,256,0,0.0
img1218,0,394,0,0.0
img1218,256,394,0,0.0
img1218,394,394,0,0.0
img1276,0,0,616,0.93994140625
img1276,256,0,5479,8.36029052734375
img1276,394,0,6066,9.2559814453125
img1276,0,256,925,1.41143798828125
img1276,256,256,8225,12.55035400390625
img1276,394,256,11459,17.48504638671875
img1276,0,394,11765,17.95196533203125
img1276,256,394,10696,16.32080078125
img1276,394,394,16304,24.8779296875
img1263,0,0,3149,4.80499267578125
img1263,256,0,6119,9.33685302734375
img1263,394,0,7371,11.24725341796875
img1263,0,256,0,0.0
img1263,256,256,0,0.0
img1263,394,256,0,0.0
img1263,0,394,0,0.0
img1263,256,394,0,0.0
img1263,394,394,0,0.0
img613,0,0,0,0.0
img613,256,0,4527,6.90765380859375
img613,394,0,8580,13.092041015625
img613,0,256,5274,8.0474853515625
img613,256,256,7293,11.12823486328125
img613,394,256,6915,10.55145263671875
img613,0,394,8418,12.8448486328125
img613,256,394,7237,11.04278564453125
img613,394,394,8245,12.58087158203125
img1831,0,0,4313,6.58111572265625
img1831,256,0,13688,20.88623046875
img1831,394,0,12255,18.69964599609375
img1831,0,256,6676,10.186767578125
img1831,256,256,14161,21.60797119140625
img1831,394,256,13561,20.69244384765625
img1831,0,394,12626,19.2657470703125
img1831,256,394,4104,6.26220703125
img1831,394,394,8958,13.6688232421875
img946,0,0,0,0.0
img946,256,0,0,0.0
img946,394,0,0,0.0
img946,0,256,0,0.0
img946,256,256,0,0.0
img946,394,256,0,0.0
img946,0,394,0,0.0
img946,256,394,0,0.0
img946,394,394,0,0.0
img1663,0,0,0,0.0
img1663,256,0,0,0.0
img1663,394,0,0,0.0
img1663,0,256,0,0.0
img1663,256,256,0,0.0
img1663,394,256,0,0.0
img1663,0,394,0,0.0
img1663,256,394,0,0.0
img1663,394,394,0,0.0
img23,0,0,0,0.0
img23,256,0,0,0.0
img23,394,0,0,0.0
img23,0,256,0,0.0
img23,256,256,0,0.0
img23,394,256,0,0.0
img23,0,394,0,0.0
img23,256,394,0,0.0
img23,394,394,0,0.0
img1801,0,0,0,0.0
img1801,256,0,0,0.0
img1801,394,0,0,0.0
img1801,0,256,0,0.0
img1801,256,256,0,0.0
img1801,394,256,0,0.0
img1801,0,394,0,0.0
img1801,256,394,0,0.0
img1801,394,394,0,0.0
img1553,0,0,17405,26.55792236328125
img1553,256,0,13481,20.57037353515625
img1553,394,0,10730,16.3726806640625
img1553,0,256,16515,25.19989013671875
img1553,256,256,9283,14.16473388671875
img1553,394,256,13875,21.17156982421875
img1553,0,394,16732,25.531005859375
img1553,256,394,7688,11.73095703125
img1553,394,394,8670,13.2293701171875
img1268,0,0,10145,15.48004150390625
img1268,256,0,20457,31.21490478515625
img1268,394,0,15847,24.18060302734375
img1268,0,256,15928,24.30419921875
img1268,256,256,13162,20.0836181640625
img1268,394,256,15638,23.8616943359375
img1268,0,394,19032,29.04052734375
img1268,256,394,19216,29.3212890625
img1268,394,394,16396,25.018310546875
img1467,0,0,5597,8.54034423828125
img1467,256,0,8135,12.41302490234375
img1467,394,0,5466,8.3404541015625
img1467,0,256,7385,11.26861572265625
img1467,256,256,5329,8.13140869140625
img1467,394,256,6846,10.4461669921875
img1467,0,394,4030,6.1492919921875
img1467,256,394,8865,13.52691650390625
img1467,394,394,6252,9.539794921875
img1784,0,0,5484,8.367919921875
img1784,256,0,9774,14.9139404296875
img1784,394,0,14971,22.84393310546875
img1784,0,256,13100,19.989013671875
img1784,256,256,13694,20.8953857421875
img1784,394,256,12962,19.7784423828125
img1784,0,394,14060,21.453857421875
img1784,256,394,13237,20.19805908203125
img1784,394,394,12147,18.53485107421875
img986,0,0,0,0.0
img986,256,0,0,0.0
img986,394,0,0,0.0
img986,0,256,0,0.0
img986,256,256,0,0.0
img986,394,256,0,0.0
img986,0,394,0,0.0
img986,256,394,0,0.0
img986,394,394,0,0.0
img855,0,0,0,0.0
img855,256,0,0,0.0
img855,394,0,0,0.0
img855,0,256,0,0.0
img855,256,256,0,0.0
img855,394,256,0,0.0
img855,0,394,0,0.0
img855,256,394,0,0.0
img855,394,394,0,0.0
img1466,0,0,0,0.0
img1466,256,0,2867,4.37469482421875
img1466,394,0,7884,12.030029296875
img1466,0,256,0,0.0
img1466,256,256,1003,1.53045654296875
img1466,394,256,999,1.52435302734375
img1466,0,394,0,0.0
img1466,256,394,0,0.0
img1466,394,394,0,0.0
img701,0,0,6532,9.967041015625
img701,256,0,5532,8.441162109375
img701,394,0,5800,8.85009765625
img701,0,256,12902,19.6868896484375
img701,256,256,1158,1.7669677734375
img701,394,256,0,0.0
img701,0,394,13744,20.9716796875
img701,256,394,4102,6.2591552734375
img701,394,394,868,1.324462890625
img314,0,0,0,0.0
img314,256,0,0,0.0
img314,394,0,0,0.0
img314,0,256,0,0.0
img314,256,256,0,0.0
img314,394,256,0,0.0
img314,0,394,0,0.0
img314,256,394,0,0.0
img314,394,394,0,0.0
img480,0,0,16251,24.79705810546875
img480,256,0,13547,20.67108154296875
img480,394,0,10746,16.3970947265625
img480,0,256,16729,25.52642822265625
img480,256,256,10051,15.33660888671875
img480,394,256,7507,11.45477294921875
img480,0,394,8963,13.67645263671875
img480,256,394,2811,4.28924560546875
img480,394,394,10696,16.32080078125
img216,0,0,14367,21.92230224609375
img216,256,0,42753,65.23590087890625
img216,394,0,44377,67.71392822265625
img216,0,256,12371,18.87664794921875
img216,256,256,7235,11.03973388671875
img216,394,256,4192,6.396484375
img216,0,394,10679,16.29486083984375
img216,256,394,11198,17.0867919921875
img216,394,394,6688,10.205078125
img461,0,0,0,0.0
img461,256,0,0,0.0
img461,394,0,0,0.0
img461,0,256,0,0.0
img461,256,256,0,0.0
img461,394,256,0,0.0
img461,0,394,0,0.0
img461,256,394,0,0.0
img461,394,394,0,0.0
img696,0,0,9627,14.68963623046875
img696,256,0,11284,17.218017578125
img696,394,0,10450,15.9454345703125
img696,0,256,10454,15.9515380859375
img696,256,256,12369,18.87359619140625
img696,394,256,10323,15.75164794921875
img696,0,394,11990,18.2952880859375
img696,256,394,13705,20.91217041015625
img696,394,394,10969,16.73736572265625
img892,0,0,0,0.0
img892,256,0,0,0.0
img892,394,0,0,0.0
img892,0,256,0,0.0
img892,256,256,0,0.0
img892,394,256,0,0.0
img892,0,394,0,0.0
img892,256,394,0,0.0
img892,394,394,0,0.0
img103,0,0,0,0.0
img103,256,0,0,0.0
img103,394,0,0,0.0
img103,0,256,14,0.0213623046875
img103,256,256,6535,9.97161865234375
img103,394,256,11271,17.19818115234375
img103,0,394,1656,2.52685546875
img103,256,394,17070,26.0467529296875
img103,394,394,19153,29.22515869140625
img978,0,0,0,0.0
img978,256,0,0,0.0
img978,394,0,0,0.0
img978,0,256,0,0.0
img978,256,256,0,0.0
img978,394,256,0,0.0
img978,0,394,0,0.0
img978,256,394,0,0.0
img978,394,394,0,0.0
img178,0,0,0,0.0
img178,256,0,0,0.0
img178,394,0,0,0.0
img178,0,256,0,0.0
img178,256,256,0,0.0
img178,394,256,0,0.0
img178,0,394,2415,3.68499755859375
img178,256,394,0,0.0
img178,394,394,0,0.0
img113,0,0,20011,30.53436279296875
img113,256,0,12500,19.073486328125
img113,394,0,11361,17.33551025390625
img113,0,256,8289,12.64801025390625
img113,256,256,10501,16.02325439453125
img113,394,256,16046,24.4842529296875
img113,0,394,3171,4.83856201171875
img113,256,394,669,1.02081298828125
img113,394,394,6987,10.66131591796875
img4,0,0,0,0.0
img4,256,0,0,0.0
img4,394,0,0,0.0
img4,0,256,0,0.0
img4,256,256,0,0.0
img4,394,256,0,0.0
img4,0,394,0,0.0
img4,256,394,0,0.0
img4,394,394,0,0.0
img26,0,0,0,0.0
img26,256,0,10651,16.25213623046875
img26,394,0,22191,33.86077880859375
img26,0,256,0,0.0
img26,256,256,222,0.3387451171875
img26,394,256,240,0.3662109375
img26,0,394,0,0.0
img26,256,394,0,0.0
img26,394,394,0,0.0
img1691,0,0,9500,14.495849609375
img1691,256,0,16402,25.0274658203125
img1691,394,0,11396,17.388916015625
img1691,0,256,17563,26.79901123046875
img1691,256,256,11722,17.8863525390625
img1691,394,256,7240,11.04736328125
img1691,0,394,16864,25.732421875
img1691,256,394,14139,21.57440185546875
img1691,394,394,11265,17.18902587890625
img1082,0,0,5206,7.9437255859375
img1082,256,0,6234,9.5123291015625
img1082,394,0,1199,1.82952880859375
img1082,0,256,15372,23.455810546875
img1082,256,256,8287,12.64495849609375
img1082,394,256,1592,2.42919921875
img1082,0,394,15724,23.992919921875
img1082,256,394,6338,9.6710205078125
img1082,394,394,1116,1.702880859375
img1378,0,0,0,0.0
img1378,256,0,0,0.0
img1378,394,0,0,0.0
img1378,0,256,0,0.0
img1378,256,256,0,0.0
img1378,394,256,0,0.0
img1378,0,394,0,0.0
img1378,256,394,0,0.0
img1378,394,394,0,0.0
img1555,0,0,16847,25.70648193359375
img1555,256,0,10802,16.4825439453125
img1555,394,0,1583,2.41546630859375
img1555,0,256,13167,20.09124755859375
img1555,256,256,7621,11.62872314453125
img1555,394,256,14577,22.24273681640625
img1555,0,394,15103,23.04534912109375
img1555,256,394,9590,14.6331787109375
img1555,394,394,16697,25.47760009765625
img1773,0,0,10224,15.6005859375
img1773,256,0,6249,9.53521728515625
img1773,394,0,723,1.10321044921875
img1773,0,256,13625,20.79010009765625
img1773,256,256,17302,26.4007568359375
img1773,394,256,20931,31.93817138671875
img1773,0,394,13635,20.80535888671875
img1773,256,394,29331,44.75555419921875
img1773,394,394,26369,40.23590087890625
img870,0,0,19466,29.7027587890625
img870,256,0,21016,32.06787109375
img870,394,0,15726,23.9959716796875
img870,0,256,6442,9.8297119140625
img870,256,256,16637,25.38604736328125
img870,394,256,16188,24.700927734375
img870,0,394,13991,21.34857177734375
img870,256,394,22846,34.8602294921875
img870,394,394,17406,26.5594482421875
img941,0,0,0,0.0
img941,256,0,0,0.0
img941,394,0,0,0.0
img941,0,256,0,0.0
img941,256,256,0,0.0
img941,394,256,0,0.0
img941,0,394,0,0.0
img941,256,394,0,0.0
img941,394,394,0,0.0
img1389,0,0,0,0.0
img1389,256,0,0,0.0
img1389,394,0,0,0.0
img1389,0,256,0,0.0
img1389,256,256,0,0.0
img1389,394,256,0,0.0
img1389,0,394,0,0.0
img1389,256,394,0,0.0
img1389,394,394,0,0.0
img1118,0,0,0,0.0
img1118,256,0,0,0.0
img1118,394,0,0,0.0
img1118,0,256,0,0.0
img1118,256,256,0,0.0
img1118,394,256,0,0.0
img1118,0,394,0,0.0
img1118,256,394,0,0.0
img1118,394,394,0,0.0
img1696,0,0,110,0.1678466796875
img1696,256,0,0,0.0
img1696,394,0,0,0.0
img1696,0,256,1196,1.824951171875
img1696,256,256,0,0.0
img1696,394,256,0,0.0
img1696,0,394,342,0.5218505859375
img1696,256,394,0,0.0
img1696,394,394,0,0.0
img193,0,0,0,0.0
img193,256,0,0,0.0
img193,394,0,0,0.0
img193,0,256,2483,3.78875732421875
img193,256,256,4605,7.02667236328125
img193,394,256,0,0.0
img193,0,394,1276,1.947021484375
img193,256,394,360,0.54931640625
img193,394,394,0,0.0
img41,0,0,0,0.0
img41,256,0,0,0.0
img41,394,0,0,0.0
img41,0,256,0,0.0
img41,256,256,0,0.0
img41,394,256,0,0.0
img41,0,394,0,0.0
img41,256,394,0,0.0
img41,394,394,0,0.0
img244,0,0,0,0.0
img244,256,0,0,0.0
img244,394,0,0,0.0
img244,0,256,0,0.0
img244,256,256,0,0.0
img244,394,256,0,0.0
img244,0,394,0,0.0
img244,256,394,0,0.0
img244,394,394,0,0.0
img111,0,0,12275,18.73016357421875
img111,256,0,11727,17.89398193359375
img111,394,0,11344,17.3095703125
img111,0,256,14128,21.5576171875
img111,256,256,9505,14.50347900390625
img111,394,256,8788,13.409423828125
img111,0,394,16287,24.85198974609375
img111,256,394,11032,16.83349609375
img111,394,394,9021,13.76495361328125
img98,0,0,0,0.0
img98,256,0,0,0.0
img98,394,0,0,0.0
img98,0,256,0,0.0
img98,256,256,0,0.0
img98,394,256,0,0.0
img98,0,394,0,0.0
img98,256,394,0,0.0
img98,394,394,0,0.0
img509,0,0,62874,95.9381103515625
img509,256,0,56154,85.6842041015625
img509,394,0,21972,33.526611328125
img509,0,256,4723,7.20672607421875
img509,256,256,9301,14.19219970703125
img509,394,256,5609,8.55865478515625
img509,0,394,432,0.6591796875
img509,256,394,143,0.21820068359375
img509,394,394,2601,3.96881103515625
img706,0,0,0,0.0
img706,256,0,0,0.0
img706,394,0,0,0.0
img706,0,256,0,0.0
img706,256,256,0,0.0
img706,394,256,0,0.0
img706,0,394,0,0.0
img706,256,394,0,0.0
img706,394,394,0,0.0
img1184,0,0,9882,15.0787353515625
img1184,256,0,11141,16.99981689453125
img1184,394,0,3929,5.99517822265625
img1184,0,256,12685,19.35577392578125
img1184,256,256,2239,3.41644287109375
img1184,394,256,7555,11.52801513671875
img1184,0,394,8712,13.29345703125
img1184,256,394,18017,27.49176025390625
img1184,394,394,24672,37.646484375
img1009,0,0,3130,4.7760009765625
img1009,256,0,14350,21.8963623046875
img1009,394,0,10565,16.12091064453125
img1009,0,256,17434,26.6021728515625
img1009,256,256,38563,58.84246826171875
img1009,394,256,14756,22.515869140625
img1009,0,394,8261,12.60528564453125
img1009,256,394,36941,56.36749267578125
img1009,394,394,15988,24.395751953125
img1562,0,0,0,0.0
img1562,256,0,0,0.0
img1562,394,0,0,0.0
img1562,0,256,0,0.0
img1562,256,256,0,0.0
img1562,394,256,0,0.0
img1562,0,394,0,0.0
img1562,256,394,0,0.0
img1562,394,394,2711,4.13665771484375
img1810,0,0,0,0.0
img1810,256,0,10239,15.62347412109375
img1810,394,0,7293,11.12823486328125
img1810,0,256,0,0.0
img1810,256,256,24416,37.255859375
img1810,394,256,31566,48.1658935546875
img1810,0,394,0,0.0
img1810,256,394,10446,15.9393310546875
img1810,394,394,12379,18.88885498046875
img820,0,0,12016,18.3349609375
img820,256,0,14292,21.807861328125
img820,394,0,11352,17.32177734375
img820,0,256,7812,11.920166015625
img820,256,256,13167,20.09124755859375
img820,394,256,12067,18.41278076171875
img820,0,394,18889,28.82232666015625
img820,256,394,12235,18.66912841796875
img820,394,394,15755,24.04022216796875
img621,0,0,0,0.0
img621,256,0,0,0.0
img621,394,0,0,0.0
img621,0,256,0,0.0
img621,256,256,0,0.0
img621,394,256,0,0.0
img621,0,394,0,0.0
img621,256,394,0,0.0
img621,394,394,0,0.0
img1749,0,0,3099,4.72869873046875
img1749,256,0,1259,1.92108154296875
img1749,394,0,119,0.18157958984375
img1749,0,256,965,1.47247314453125
img1749,256,256,1404,2.142333984375
img1749,394,256,0,0.0
img1749,0,394,2318,3.5369873046875
img1749,256,394,4203,6.41326904296875
img1749,394,394,0,0.0
img1596,0,0,2719,4.14886474609375
img1596,256,0,14172,21.624755859375
img1596,394,0,16856,25.72021484375
img1596,0,256,16111,24.58343505859375
img1596,256,256,4045,6.17218017578125
img1596,394,256,8956,13.665771484375
img1596,0,394,19239,29.35638427734375
img1596,256,394,9094,13.8763427734375
img1596,394,394,7754,11.8316650390625
img663,0,0,0,0.0
img663,256,0,0,0.0
img663,394,0,0,0.0
img663,0,256,0,0.0
img663,256,256,0,0.0
img663,394,256,0,0.0
img663,0,394,0,0.0
img663,256,394,0,0.0
img663,394,394,0,0.0
img1527,0,0,0,0.0
img1527,256,0,0,0.0
img1527,394,0,0,0.0
img1527,0,256,0,0.0
img1527,256,256,0,0.0
img1527,394,256,0,0.0
img1527,0,394,0,0.0
img1527,256,394,0,0.0
img1527,394,394,0,0.0
img225,0,0,13860,21.148681640625
img225,256,0,8812,13.446044921875
img225,394,0,5674,8.6578369140625
img225,0,256,6585,10.04791259765625
img225,256,256,9767,14.90325927734375
img225,394,256,11973,18.26934814453125
img225,0,394,3224,4.91943359375
img225,256,394,7975,12.16888427734375
img225,394,394,13106,19.9981689453125
img1281,0,0,104,0.15869140625
img1281,256,0,2255,3.44085693359375
img1281,394,0,3017,4.60357666015625
img1281,0,256,1408,2.1484375
img1281,256,256,1025,1.56402587890625
img1281,394,256,2733,4.17022705078125
img1281,0,394,0,0.0
img1281,256,394,0,0.0
img1281,394,394,732,1.116943359375
img1743,0,0,0,0.0
img1743,256,0,0,0.0
img1743,394,0,0,0.0
img1743,0,256,0,0.0
img1743,256,256,0,0.0
img1743,394,256,0,0.0
img1743,0,394,0,0.0
img1743,256,394,0,0.0
img1743,394,394,0,0.0
img1226,0,0,13142,20.0531005859375
img1226,256,0,8963,13.67645263671875
img1226,394,0,6852,10.455322265625
img1226,0,256,9599,14.64691162109375
img1226,256,256,16755,25.56610107421875
img1226,394,256,19637,29.96368408203125
img1226,0,394,12713,19.39849853515625
img1226,256,394,16856,25.72021484375
img1226,394,394,14184,21.64306640625
img1322,0,0,2767,4.22210693359375
img1322,256,0,1504,2.294921875
img1322,394,0,2345,3.57818603515625
img1322,0,256,3544,5.40771484375
img1322,256,256,8098,12.3565673828125
img1322,394,256,15535,23.70452880859375
img1322,0,394,4182,6.3812255859375
img1322,256,394,9280,14.16015625
img1322,394,394,15650,23.8800048828125
img514,0,0,0,0.0
img514,256,0,0,0.0
img514,394,0,0,0.0
img514,0,256,0,0.0
img514,256,256,0,0.0
img514,394,256,0,0.0
img514,0,394,0,0.0
img514,256,394,0,0.0
img514,394,394,0,0.0
img515,0,0,7846,11.9720458984375
img515,256,0,15593,23.79302978515625
img515,394,0,17830,27.2064208984375
img515,0,256,0,0.0
img515,256,256,0,0.0
img515,394,256,1783,2.72064208984375
img515,0,394,0,0.0
img515,256,394,0,0.0
img515,394,394,278,0.4241943359375
img617,0,0,0,0.0
img617,256,0,0,0.0
img617,394,0,0,0.0
img617,0,256,0,0.0
img617,256,256,0,0.0
img617,394,256,0,0.0
img617,0,394,0,0.0
img617,256,394,0,0.0
img617,394,394,0,0.0
img435,0,0,0,0.0
img435,256,0,0,0.0
img435,394,0,0,0.0
img435,0,256,0,0.0
img435,256,256,0,0.0
img435,394,256,0,0.0
img435,0,394,0,0.0
img435,256,394,0,0.0
img435,394,394,0,0.0
img1597,0,0,11298,17.2393798828125
img1597,256,0,14350,21.8963623046875
img1597,394,0,11124,16.973876953125
img1597,0,256,7217,11.01226806640625
img1597,256,256,7126,10.8734130859375
img1597,394,256,11388,17.376708984375
img1597,0,394,12788,19.512939453125
img1597,256,394,11668,17.803955078125
img1597,394,394,11781,17.97637939453125
img1077,0,0,0,0.0
img1077,256,0,0,0.0
img1077,394,0,0,0.0
img1077,0,256,0,0.0
img1077,256,256,0,0.0
img1077,394,256,0,0.0
img1077,0,394,0,0.0
img1077,256,394,0,0.0
img1077,394,394,0,0.0
img108,0,0,0,0.0
img108,256,0,0,0.0
img108,394,0,0,0.0
img108,0,256,0,0.0
img108,256,256,0,0.0
img108,394,256,0,0.0
img108,0,394,0,0.0
img108,256,394,0,0.0
img108,394,394,0,0.0
img336,0,0,0,0.0
img336,256,0,0,0.0
img336,394,0,0,0.0
img336,0,256,0,0.0
img336,256,256,0,0.0
img336,394,256,0,0.0
img336,0,394,0,0.0
img336,256,394,0,0.0
img336,394,394,0,0.0
img1898,0,0,0,0.0
img1898,256,0,0,0.0
img1898,394,0,0,0.0
img1898,0,256,0,0.0
img1898,256,256,0,0.0
img1898,394,256,0,0.0
img1898,0,394,0,0.0
img1898,256,394,0,0.0
img1898,394,394,0,0.0
img230,0,0,0,0.0
img230,256,0,0,0.0
img230,394,0,0,0.0
img230,0,256,0,0.0
img230,256,256,435,0.66375732421875
img230,394,256,2744,4.18701171875
img230,0,394,0,0.0
img230,256,394,15034,22.9400634765625
img230,394,394,20703,31.59027099609375
img534,0,0,0,0.0
img534,256,0,0,0.0
img534,394,0,0,0.0
img534,0,256,0,0.0
img534,256,256,0,0.0
img534,394,256,0,0.0
img534,0,394,0,0.0
img534,256,394,0,0.0
img534,394,394,0,0.0
img1246,0,0,0,0.0
img1246,256,0,0,0.0
img1246,394,0,0,0.0
img1246,0,256,0,0.0
img1246,256,256,0,0.0
img1246,394,256,0,0.0
img1246,0,394,0,0.0
img1246,256,394,0,0.0
img1246,394,394,0,0.0
img1012,0,0,0,0.0
img1012,256,0,0,0.0
img1012,394,0,0,0.0
img1012,0,256,4543,6.93206787109375
img1012,256,256,0,0.0
img1012,394,256,2746,4.1900634765625
img1012,0,394,10061,15.35186767578125
img1012,256,394,9460,14.434814453125
img1012,394,394,4326,6.6009521484375
img217,0,0,20470,31.2347412109375
img217,256,0,32058,48.9166259765625
img217,394,0,24755,37.77313232421875
img217,0,256,4700,7.171630859375
img217,256,256,25422,38.7908935546875
img217,394,256,22145,33.79058837890625
img217,0,394,13978,21.3287353515625
img217,256,394,20464,31.2255859375
img217,394,394,10421,15.90118408203125
img1701,0,0,5332,8.135986328125
img1701,256,0,4157,6.34307861328125
img1701,394,0,1257,1.91802978515625
img1701,0,256,7491,11.43035888671875
img1701,256,256,0,0.0
img1701,394,256,0,0.0
img1701,0,394,4204,6.414794921875
img1701,256,394,0,0.0
img1701,394,394,0,0.0
img1254,0,0,0,0.0
img1254,256,0,0,0.0
img1254,394,0,0,0.0
img1254,0,256,0,0.0
img1254,256,256,0,0.0
img1254,394,256,0,0.0
img1254,0,394,0,0.0
img1254,256,394,0,0.0
img1254,394,394,0,0.0
img1456,0,0,10900,16.632080078125
img1456,256,0,12434,18.9727783203125
img1456,394,0,15644,23.870849609375
img1456,0,256,15039,22.94769287109375
img1456,256,256,17215,26.26800537109375
img1456,394,256,13455,20.53070068359375
img1456,0,394,11283,17.21649169921875
img1456,256,394,14660,22.369384765625
img1456,394,394,16169,24.67193603515625
img999,0,0,7362,11.2335205078125
img999,256,0,10849,16.55426025390625
img999,394,0,17431,26.59759521484375
img999,0,256,9712,14.8193359375
img999,256,256,10578,16.1407470703125
img999,394,256,13577,20.71685791015625
img999,0,394,8661,13.21563720703125
img999,256,394,9770,14.9078369140625
img999,394,394,13835,21.11053466796875
img1615,0,0,0,0.0
img1615,256,0,0,0.0
img1615,394,0,0,0.0
img1615,0,256,0,0.0
img1615,256,256,0,0.0
img1615,394,256,0,0.0
img1615,0,394,0,0.0
img1615,256,394,0,0.0
img1615,394,394,0,0.0
img1202,0,0,0,0.0
img1202,256,0,0,0.0
img1202,394,0,0,0.0
img1202,0,256,0,0.0
img1202,256,256,0,0.0
img1202,394,256,0,0.0
img1202,0,394,0,0.0
img1202,256,394,0,0.0
img1202,394,394,0,0.0
img802,0,0,0,0.0
img802,256,0,0,0.0
img802,394,0,0,0.0
img802,0,256,0,0.0
img802,256,256,0,0.0
img802,394,256,0,0.0
img802,0,394,0,0.0
img802,256,394,0,0.0
img802,394,394,0,0.0
img926,0,0,6471,9.87396240234375
img926,256,0,0,0.0
img926,394,0,0,0.0
img926,0,256,0,0.0
img926,256,256,0,0.0
img926,394,256,927,1.41448974609375
img926,0,394,0,0.0
img926,256,394,5502,8.3953857421875
img926,394,394,4710,7.1868896484375
img1381,0,0,0,0.0
img1381,256,0,0,0.0
img1381,394,0,0,0.0
img1381,0,256,0,0.0
img1381,256,256,0,0.0
img1381,394,256,0,0.0
img1381,0,394,0,0.0
img1381,256,394,0,0.0
img1381,394,394,0,0.0
img1704,0,0,0,0.0
img1704,256,0,286,0.4364013671875
img1704,394,0,286,0.4364013671875
img1704,0,256,169,0.25787353515625
img1704,256,256,13656,20.83740234375
img1704,394,256,10275,15.67840576171875
img1704,0,394,8901,13.58184814453125
img1704,256,394,10846,16.5496826171875
img1704,394,394,4289,6.54449462890625
img958,0,0,1402,2.1392822265625
img958,256,0,9873,15.06500244140625
img958,394,0,7455,11.37542724609375
img958,0,256,0,0.0
img958,256,256,6460,9.857177734375
img958,394,256,12689,19.36187744140625
img958,0,394,4942,7.5408935546875
img958,256,394,7913,12.07427978515625
img958,394,394,12549,19.14825439453125
img1265,0,0,13348,20.367431640625
img1265,256,0,15831,24.15618896484375
img1265,394,0,6458,9.8541259765625
img1265,0,256,7140,10.894775390625
img1265,256,256,13973,21.32110595703125
img1265,394,256,11201,17.09136962890625
img1265,0,394,7596,11.590576171875
img1265,256,394,10328,15.75927734375
img1265,394,394,12090,18.4478759765625
img1733,0,0,16414,25.0457763671875
img1733,256,0,6028,9.197998046875
img1733,394,0,6076,9.271240234375
img1733,0,256,37247,56.83441162109375
img1733,256,256,17757,27.09503173828125
img1733,394,256,21087,32.17620849609375
img1733,0,394,61717,94.17266845703125
img1733,256,394,13089,19.97222900390625
img1733,394,394,21027,32.08465576171875
img1780,0,0,17670,26.9622802734375
img1780,256,0,294,0.4486083984375
img1780,394,0,294,0.4486083984375
img1780,0,256,14379,21.94061279296875
img1780,256,256,528,0.8056640625
img1780,394,256,582,0.8880615234375
img1780,0,394,16366,24.9725341796875
img1780,256,394,528,0.8056640625
img1780,394,394,831,1.26800537109375
img1579,0,0,0,0.0
img1579,256,0,0,0.0
img1579,394,0,0,0.0
img1579,0,256,0,0.0
img1579,256,256,0,0.0
img1579,394,256,0,0.0
img1579,0,394,0,0.0
img1579,256,394,0,0.0
img1579,394,394,0,0.0
img871,0,0,13480,20.56884765625
img871,256,0,13044,19.903564453125
img871,394,0,13121,20.02105712890625
img871,0,256,14143,21.58050537109375
img871,256,256,12903,19.68841552734375
img871,394,256,13212,20.159912109375
img871,0,394,18701,28.53546142578125
img871,256,394,16516,25.201416015625
img871,394,394,14705,22.43804931640625
img1859,0,0,0,0.0
img1859,256,0,0,0.0
img1859,394,0,0,0.0
img1859,0,256,0,0.0
img1859,256,256,0,0.0
img1859,394,256,0,0.0
img1859,0,394,0,0.0
img1859,256,394,0,0.0
img1859,394,394,0,0.0
img1804,0,0,0,0.0
img1804,256,0,0,0.0
img1804,394,0,0,0.0
img1804,0,256,0,0.0
img1804,256,256,0,0.0
img1804,394,256,0,0.0
img1804,0,394,0,0.0
img1804,256,394,0,0.0
img1804,394,394,0,0.0
img292,0,0,0,0.0
img292,256,0,0,0.0
img292,394,0,0,0.0
img292,0,256,0,0.0
img292,256,256,0,0.0
img292,394,256,0,0.0
img292,0,394,153,0.23345947265625
img292,256,394,0,0.0
img292,394,394,3497,5.33599853515625
img146,0,0,0,0.0
img146,256,0,64,0.09765625
img146,394,0,3015,4.60052490234375
img146,0,256,2281,3.48052978515625
img146,256,256,6833,10.42633056640625
img146,394,256,5975,9.11712646484375
img146,0,394,2281,3.48052978515625
img146,256,394,2008,3.06396484375
img146,394,394,1863,2.84271240234375
img500,0,0,0,0.0
img500,256,0,0,0.0
img500,394,0,0,0.0
img500,0,256,0,0.0
img500,256,256,0,0.0
img500,394,256,0,0.0
img500,0,394,0,0.0
img500,256,394,0,0.0
img500,394,394,0,0.0
img666,0,0,0,0.0
img666,256,0,0,0.0
img666,394,0,0,0.0
img666,0,256,0,0.0
img666,256,256,0,0.0
img666,394,256,0,0.0
img666,0,394,0,0.0
img666,256,394,0,0.0
img666,394,394,0,0.0
img1658,0,0,0,0.0
img1658,256,0,0,0.0
img1658,394,0,0,0.0
img1658,0,256,0,0.0
img1658,256,256,0,0.0
img1658,394,256,0,0.0
img1658,0,394,0,0.0
img1658,256,394,0,0.0
img1658,394,394,0,0.0
img357,0,0,11994,18.3013916015625
img357,256,0,11826,18.0450439453125
img357,394,0,10077,15.37628173828125
img357,0,256,11924,18.194580078125
img357,256,256,8941,13.64288330078125
img357,394,256,9174,13.9984130859375
img357,0,394,10129,15.45562744140625
img357,256,394,11987,18.29071044921875
img357,394,394,12744,19.44580078125
img1566,0,0,0,0.0
img1566,256,0,0,0.0
img1566,394,0,0,0.0
img1566,0,256,0,0.0
img1566,256,256,0,0.0
img1566,394,256,0,0.0
img1566,0,394,0,0.0
img1566,256,394,0,0.0
img1566,394,394,0,0.0
img1108,0,0,0,0.0
img1108,256,0,0,0.0
img1108,394,0,0,0.0
img1108,0,256,0,0.0
img1108,256,256,0,0.0
img1108,394,256,0,0.0
img1108,0,394,0,0.0
img1108,256,394,0,0.0
img1108,394,394,0,0.0
img431,0,0,0,0.0
img431,256,0,89,0.13580322265625
img431,394,0,1034,1.5777587890625
img431,0,256,0,0.0
img431,256,256,249,0.37994384765625
img431,394,256,10540,16.082763671875
img431,0,394,0,0.0
img431,256,394,0,0.0
img431,394,394,4069,6.20880126953125
img959,0,0,10477,15.98663330078125
img959,256,0,13407,20.45745849609375
img959,394,0,25580,39.031982421875
img959,0,256,13623,20.78704833984375
img959,256,256,9599,14.64691162109375
img959,394,256,14448,22.0458984375
img959,0,394,12707,19.38934326171875
img959,256,394,13341,20.35675048828125
img959,394,394,13290,20.2789306640625
img661,0,0,0,0.0
img661,256,0,0,0.0
img661,394,0,0,0.0
img661,0,256,0,0.0
img661,256,256,0,0.0
img661,394,256,0,0.0
img661,0,394,0,0.0
img661,256,394,0,0.0
img661,394,394,0,0.0
img280,0,0,12253,18.69659423828125
img280,256,0,14612,22.296142578125
img280,394,0,14289,21.80328369140625
img280,0,256,10550,16.0980224609375
img280,256,256,16215,24.74212646484375
img280,394,256,14753,22.51129150390625
img280,0,394,7429,11.33575439453125
img280,256,394,12319,18.79730224609375
img280,394,394,11455,17.47894287109375
img940,0,0,0,0.0
img940,256,0,0,0.0
img940,394,0,0,0.0
img940,0,256,0,0.0
img940,256,256,0,0.0
img940,394,256,0,0.0
img940,0,394,0,0.0
img940,256,394,0,0.0
img940,394,394,0,0.0
