image_id,image_path,geojson_path,height,width,building_pixels,building_pixel_percent,has_buildings,split
img795,/content/spacenet_data/AOI_3_Paris_Train/RGB-PanSharpen/RGB-PanSharpen_AOI_3_Paris_img795.tif,/content/spacenet_data/AOI_3_Paris_Train/geojson/buildings/buildings_AOI_3_Paris_img795.geojson,650,650,0,0.0,0,train
img1158,/content/spacenet_data/AOI_3_Paris_Train/RGB-PanSharpen/RGB-PanSharpen_AOI_3_Paris_img1158.tif,/content/spacenet_data/AOI_3_Paris_Train/geojson/buildings/buildings_AOI_3_Paris_img1158.geojson,650,650,0,0.0,0,train
img905,/content/spacenet_data/AOI_3_Paris_Train/RGB-PanSharpen/RGB-PanSharpen_AOI_3_Paris_img905.tif,/content/spacenet_data/AOI_3_Paris_Train/geojson/buildings/buildings_AOI_3_Paris_img905.geojson,650,650,84897,20.09396449704142,1,train
img1673,/content/spacenet_data/AOI_3_Paris_Train/RGB-PanSharpen/RGB-PanSharpen_AOI_3_Paris_img1673.tif,/content/spacenet_data/AOI_3_Paris_Train/geojson/buildings/buildings_AOI_3_Paris_img1673.geojson,650,650,0,0.0,0,train
img1372,/content/spacenet_data/AOI_3_Paris_Train/RGB-PanSharpen/RGB-PanSharpen_AOI_3_Paris_img1372.tif,/content/spacenet_data/AOI_3_Paris_Train/geojson/buildings/buildings_AOI_3_Paris_img1372.geojson,650,650,10473,2.4788165680473373,1,train
img1730,/content/spacenet_data/AOI_3_Paris_Train/RGB-PanSharpen/RGB-PanSharpen_AOI_3_Paris_img1730.tif,/content/spacenet_data/AOI_3_Paris_Train/geojson/buildings/buildings_AOI_3_Paris_img1730.geojson,650,650,96757,22.901065088757395,1,train
img519,/content/spacenet_data/AOI_3_Paris_Train/RGB-PanSharpen/RGB-PanSharpen_AOI_3_Paris_img519.tif,/content/spacenet_data/AOI_3_Paris_Train/geojson/buildings/buildings_AOI_3_Paris_img519.geojson,650,650,84977,20.112899408284022,1,train
img1112,/content/spacenet_data/AOI_3_Paris_Train/RGB-PanSharpen/RGB-PanSharpen_AOI_3_Paris_img1112.tif,/content/spacenet_data/AOI_3_Paris_Train/geojson/buildings/buildings_AOI_3_Paris_img1112.geojson,650,650,0,0.0,0,train
img165,/content/spacenet_data/AOI_3_Paris_Train/RGB-PanSharpen/RGB-PanSharpen_AOI_3_Paris_img165.tif,/content/spacenet_data/AOI_3_Paris_Train/geojson/buildings/buildings_AOI_3_Paris_img165.geojson,650,650,30729,7.273136094674556,1,train
img381,/content/spacenet_data/AOI_3_Paris_Train/RGB-PanSharpen/RGB-PanSharpen_AOI_3_Paris_img381.tif,/content/spacenet_data/AOI_3_Paris_Train/geojson/buildings/buildings_AOI_3_Paris_img381.geojson,650,650,7332,1.7353846153846153,1,train
img233,/content/spacenet_data/AOI_3_Paris_Train/RGB-PanSharpen/RGB-PanSharpen_AOI_3_Paris_img233.tif,/content/spacenet_data/AOI_3_Paris_Train/geojson/buildings/buildings_AOI_3_Paris_img233.geojson,650,650,0,0.0,0,train
img276,/content/spacenet_data/AOI_3_Paris_Train/RGB-PanSharpen/RGB-PanSharpen_AOI_3_Paris_img276.tif,/content/spacenet_data/AOI_3_Paris_Train/geojson/buildings/buildings_AOI_3_Paris_img276.geojson,650,650,43533,10.303668639053253,1,train
img1605,/content/spacenet_data/AOI_3_Paris_Train/RGB-PanSharpen/RGB-PanSharpen_AOI_3_Paris_img1605.tif,/content/spacenet_data/AOI_3_Paris_Train/geojson/buildings/buildings_AOI_3_Paris_img1605.geojson,650,650,27550,6.520710059171597,1,train
img1626,/content/spacenet_data/AOI_3_Paris_Train/RGB-PanSharpen/RGB-PanSharpen_AOI_3_Paris_img1626.tif,/content/spacenet_data/AOI_3_Paris_Train/geojson/buildings/buildings_AOI_3_Paris_img1626.geojson,650,650,0,0.0,0,train
img418,/content/spacenet_data/AOI_3_Paris_Train/RGB-PanSharpen/RGB-PanSharpen_AOI_3_Paris_img418.tif,/content/spacenet_data/AOI_3_Paris_Train/geojson/buildings/buildings_AOI_3_Paris_img418.geojson,650,650,64534,15.27431952662722,1,train
img962,/content/spacenet_data/AOI_3_Paris_Train/RGB-PanSharpen/RGB-PanSharpen_AOI_3_Paris_img962.tif,/content/spacenet_data/AOI_3_Paris_Train/geojson/buildings/buildings_AOI_3_Paris_img962.geojson,650,650,97749,23.135857988165682,1,train
img587,/content/spacenet_data/AOI_3_Paris_Train/RGB-PanSharpen/RGB-PanSharpen_AOI_3_Paris_img587.tif,/content/spacenet_data/AOI_3_Paris_Train/geojson/buildings/buildings_AOI_3_Paris_img587.geojson,650,650,0,0.0,0,train
img1173,/content/spacenet_data/AOI_3_Paris_Train/RGB-PanSharpen/RGB-PanSharpen_AOI_3_Paris_img1173.tif,/content/spacenet_data/AOI_3_Paris_Train/geojson/buildings/buildings_AOI_3_Paris_img1173.geojson,650,650,12245,2.898224852071006,1,train
img733,/content/spacenet_data/AOI_3_Paris_Train/RGB-PanSharpen/RGB-PanSharpen_AOI_3_Paris_img733.tif,/content/spacenet_data/AOI_3_Paris_Train/geojson/buildings/buildings_AOI_3_Paris_img733.geojson,650,650,91114,21.56544378698225,1,train
img83,/content/spacenet_data/AOI_3_Paris_Train/RGB-PanSharpen/RGB-PanSharpen_AOI_3_Paris_img83.tif,/content/spacenet_data/AOI_3_Paris_Train/geojson/buildings/buildings_AOI_3_Paris_img83.geojson,650,650,0,0.0,0,train
img616,/content/spacenet_data/AOI_3_Paris_Train/RGB-PanSharpen/RGB-PanSharpen_AOI_3_Paris_img616.tif,/content/spacenet_data/AOI_3_Paris_Train/geojson/buildings/buildings_AOI_3_Paris_img616.geojson,650,650,0,0.0,0,train
img1588,/content/spacenet_data/AOI_3_Paris_Train/RGB-PanSharpen/RGB-PanSharpen_AOI_3_Paris_img1588.tif,/content/spacenet_data/AOI_3_Paris_Train/geojson/buildings/buildings_AOI_3_Paris_img1588.geojson,650,650,42649,10.094437869822485,1,train
img139,/content/spacenet_data/AOI_3_Paris_Train/RGB-PanSharpen/RGB-PanSharpen_AOI_3_Paris_img139.tif,/content/spacenet_data/AOI_3_Paris_Train/geojson/buildings/buildings_AOI_3_Paris_img139.geojson,650,650,72076,17.059408284023668,1,train
img1091,/content/spacenet_data/AOI_3_Paris_Train/RGB-PanSharpen/RGB-PanSharpen_AOI_3_Paris_img1091.tif,/content/spacenet_data/AOI_3_Paris_Train/geojson/buildings/buildings_AOI_3_Paris_img1091.geojson,650,650,53684,12.706272189349113,1,train
img1018,/content/spacenet_data/AOI_3_Paris_Train/RGB-PanSharpen/RGB-PanSharpen_AOI_3_Paris_img1018.tif,/content/spacenet_data/AOI_3_Paris_Train/geojson/buildings/buildings_AOI_3_Paris_img1018.geojson,650,650,0,0.0,0,train
img163,/content/spacenet_data/AOI_3_Paris_Train/RGB-PanSharpen/RGB-PanSharpen_AOI_3_Paris_img163.tif,/content/spacenet_data/AOI_3_Paris_Train/geojson/buildings/buildings_AOI_3_Paris_img163.geojson,650,650,8841,2.092544378698225,1,train
img1163,/content/spacenet_data/AOI_3_Paris_Train/RGB-PanSharpen/RGB-PanSharpen_AOI_3_Paris_img1163.tif,/content/spacenet_data/AOI_3_Paris_Train/geojson/buildings/buildings_AOI_3_Paris_img1163.geojson,650,650,0,0.0,0,train
img1155,/content/spacenet_data/AOI_3_Paris_Train/RGB-PanSharpen/RGB-PanSharpen_AOI_3_Paris_img1155.tif,/content/spacenet_data/AOI_3_Paris_Train/geojson/buildings/buildings_AOI_3_Paris_img1155.geojson,650,650,0,0.0,0,train
img594,/content/spacenet_data/AOI_3_Paris_Train/RGB-PanSharpen/RGB-PanSharpen_AOI_3_Paris_img594.tif,/content/spacenet_data/AOI_3_Paris_Train/geojson/buildings/buildings_AOI_3_Paris_img594.geojson,650,650,50670,11.992899408284023,1,train
img1762,/content/spacenet_data/AOI_3_Paris_Train/RGB-PanSharpen/RGB-PanSharpen_AOI_3_Paris_img1762.tif,/content/spacenet_data/AOI_3_Paris_Train/geojson/buildings/buildings_AOI_3_Paris_img1762.geojson,650,650,36934,8.741775147928994,1,train
img736,/content/spacenet_data/AOI_3_Paris_Train/RGB-PanSharpen/RGB-PanSharpen_AOI_3_Paris_img736.tif,/content/spacenet_data/AOI_3_Paris_Train/geojson/buildings/buildings_AOI_3_Paris_img736.geojson,650,650,77772,18.407573964497043,1,train
img1495,/content/spacenet_data/AOI_3_Paris_Train/RGB-PanSharpen/RGB-PanSharpen_AOI_3_Paris_img1495.tif,/content/spacenet_data/AOI_3_Paris_Train/geojson/buildings/buildings_AOI_3_Paris_img1495.geojson,650,650,81485,19.286390532544377,1,train
img783,/content/spacenet_data/AOI_3_Paris_Train/RGB-PanSharpen/RGB-PanSharpen_AOI_3_Paris_img783.tif,/content/spacenet_data/AOI_3_Paris_Train/geojson/buildings/buildings_AOI_3_Paris_img783.geojson,650,650,76056,18.001420118343194,1,train
img1187,/content/spacenet_data/AOI_3_Paris_Train/RGB-PanSharpen/RGB-PanSharpen_AOI_3_Paris_img1187.tif,/content/spacenet_data/AOI_3_Paris_Train/geojson/buildings/buildings_AOI_3_Paris_img1187.geojson,650,650,67045,15.868639053254437,1,train
img1286,/content/spacenet_data/AOI_3_Paris_Train/RGB-PanSharpen/RGB-PanSharpen_AOI_3_Paris_img1286.tif,/content/spacenet_data/AOI_3_Paris_Train/geojson/buildings/buildings_AOI_3_Paris_img1286.geojson,650,650,0,0.0,0,train
img463,/content/spacenet_data/AOI_3_Paris_Train/RGB-PanSharpen/RGB-PanSharpen_AOI_3_Paris_img463.tif,/content/spacenet_data/AOI_3_Paris_Train/geojson/buildings/buildings_AOI_3_Paris_img463.geojson,650,650,25779,6.101538461538461,1,train
img904,/content/spacenet_data/AOI_3_Paris_Train/RGB-PanSharpen/RGB-PanSharpen_AOI_3_Paris_img904.tif,/content/spacenet_data/AOI_3_Paris_Train/geojson/buildings/buildings_AOI_3_Paris_img904.geojson,650,650,8300,1.9644970414201186,1,train
img1750,/content/spacenet_data/AOI_3_Paris_Train/RGB-PanSharpen/RGB-PanSharpen_AOI_3_Paris_img1750.tif,/content/spacenet_data/AOI_3_Paris_Train/geojson/buildings/buildings_AOI_3_Paris_img1750.geojson,650,650,13204,3.1252071005917164,1,train
img1379,/content/spacenet_data/AOI_3_Paris_Train/RGB-PanSharpen/RGB-PanSharpen_AOI_3_Paris_img1379.tif,/content/spacenet_data/AOI_3_Paris_Train/geojson/buildings/buildings_AOI_3_Paris_img1379.geojson,650,650,574,0.13585798816568048,1,train
img1035,/content/spacenet_data/AOI_3_Paris_Train/RGB-PanSharpen/RGB-PanSharpen_AOI_3_Paris_img1035.tif,/content/spacenet_data/AOI_3_Paris_Train/geojson/buildings/buildings_AOI_3_Paris_img1035.geojson,650,650,3463,0.8196449704142011,1,train
img1858,/content/spacenet_data/AOI_3_Paris_Train/RGB-PanSharpen/RGB-PanSharpen_AOI_3_Paris_img1858.tif,/content/spacenet_data/AOI_3_Paris_Train/geojson/buildings/buildings_AOI_3_Paris_img1858.geojson,650,650,0,0.0,0,train
img1736,/content/spacenet_data/AOI_3_Paris_Train/RGB-PanSharpen/RGB-PanSharpen_AOI_3_Paris_img1736.tif,/content/spacenet_data/AOI_3_Paris_Train/geojson/buildings/buildings_AOI_3_Paris_img1736.geojson,650,650,94223,22.30130177514793,1,train
img672,/content/spacenet_data/AOI_3_Paris_Train/RGB-PanSharpen/RGB-PanSharpen_AOI_3_Paris_img672.tif,/content/spacenet_data/AOI_3_Paris_Train/geojson/buildings/buildings_AOI_3_Paris_img672.geojson,650,650,0,0.0,0,train
img1627,/content/spacenet_data/AOI_3_Paris_Train/RGB-PanSharpen/RGB-PanSharpen_AOI_3_Paris_img1627.tif,/content/spacenet_data/AOI_3_Paris_Train/geojson/buildings/buildings_AOI_3_Paris_img1627.geojson,650,650,0,0.0,0,train
img1755,/content/spacenet_data/AOI_3_Paris_Train/RGB-PanSharpen/RGB-PanSharpen_AOI_3_Paris_img1755.tif,/content/spacenet_data/AOI_3_Paris_Train/geojson/buildings/buildings_AOI_3_Paris_img1755.geojson,650,650,560,0.13254437869822486,1,train
img490,/content/spacenet_data/AOI_3_Paris_Train/RGB-PanSharpen/RGB-PanSharpen_AOI_3_Paris_img490.tif,/content/spacenet_data/AOI_3_Paris_Train/geojson/buildings/buildings_AOI_3_Paris_img490.geojson,650,650,0,0.0,0,train
img1027,/content/spacenet_data/AOI_3_Paris_Train/RGB-PanSharpen/RGB-PanSharpen_AOI_3_Paris_img1027.tif,/content/spacenet_data/AOI_3_Paris_Train/geojson/buildings/buildings_AOI_3_Paris_img1027.geojson,650,650,0,0.0,0,train
img1589,/content/spacenet_data/AOI_3_Paris_Train/RGB-PanSharpen/RGB-PanSharpen_AOI_3_Paris_img1589.tif,/content/spacenet_data/AOI_3_Paris_Train/geojson/buildings/buildings_AOI_3_Paris_img1589.geojson,650,650,6893,1.6314792899408286,1,train
img848,/content/spacenet_data/AOI_3_Paris_Train/RGB-PanSharpen/RGB-PanSharpen_AOI_3_Paris_img848.tif,/content/spacenet_data/AOI_3_Paris_Train/geojson/buildings/buildings_AOI_3_Paris_img848.geojson,650,650,0,0.0,0,train
img1792,/content/spacenet_data/AOI_3_Paris_Train/RGB-PanSharpen/RGB-PanSharpen_AOI_3_Paris_img1792.tif,/content/spacenet_data/AOI_3_Paris_Train/geojson/buildings/buildings_AOI_3_Paris_img1792.geojson,650,650,0,0.0,0,train
img1460,/content/spacenet_data/AOI_3_Paris_Train/RGB-PanSharpen/RGB-PanSharpen_AOI_3_Paris_img1460.tif,/content/spacenet_data/AOI_3_Paris_Train/geojson/buildings/buildings_AOI_3_Paris_img1460.geojson,650,650,64929,15.367810650887574,1,train
img34,/content/spacenet_data/AOI_3_Paris_Train/RGB-PanSharpen/RGB-PanSharpen_AOI_3_Paris_img34.tif,/content/spacenet_data/AOI_3_Paris_Train/geojson/buildings/buildings_AOI_3_Paris_img34.geojson,650,650,441,0.10437869822485207,1,train
img1836,/content/spacenet_data/AOI_3_Paris_Train/RGB-PanSharpen/RGB-PanSharpen_AOI_3_Paris_img1836.tif,/content/spacenet_data/AOI_3_Paris_Train/geojson/buildings/buildings_AOI_3_Paris_img1836.geojson,650,650,5508,1.3036686390532544,1,train
img1338,/content/spacenet_data/AOI_3_Paris_Train/RGB-PanSharpen/RGB-PanSharpen_AOI_3_Paris_img1338.tif,/content/spacenet_data/AOI_3_Paris_Train/geojson/buildings/buildings_AOI_3_Paris_img1338.geojson,650,650,0,0.0,0,train
img1865,/content/spacenet_data/AOI_3_Paris_Train/RGB-PanSharpen/RGB-PanSharpen_AOI_3_Paris_img1865.tif,/content/spacenet_data/AOI_3_Paris_Train/geojson/buildings/buildings_AOI_3_Paris_img1865.geojson,650,650,7111,1.6830769230769231,1,train
img1020,/content/spacenet_data/AOI_3_Paris_Train/RGB-PanSharpen/RGB-PanSharpen_AOI_3_Paris_img1020.tif,/content/spacenet_data/AOI_3_Paris_Train/geojson/buildings/buildings_AOI_3_Paris_img1020.geojson,650,650,0,0.0,0,train
img1040,/content/spacenet_data/AOI_3_Paris_Train/RGB-PanSharpen/RGB-PanSharpen_AOI_3_Paris_img1040.tif,/content/spacenet_data/AOI_3_Paris_Train/geojson/buildings/buildings_AOI_3_Paris_img1040.geojson,650,650,17823,4.218461538461538,1,train
img1391,/content/spacenet_data/AOI_3_Paris_Train/RGB-PanSharpen/RGB-PanSharpen_AOI_3_Paris_img1391.tif,/content/spacenet_data/AOI_3_Paris_Train/geojson/buildings/buildings_AOI_3_Paris_img1391.geojson,650,650,0,0.0,0,train
img1065,/content/spacenet_data/AOI_3_Paris_Train/RGB-PanSharpen/RGB-PanSharpen_AOI_3_Paris_img1065.tif,/content/spacenet_data/AOI_3_Paris_Train/geojson/buildings/buildings_AOI_3_Paris_img1065.geojson,650,650,0,0.0,0,train
img1776,/content/spacenet_data/AOI_3_Paris_Train/RGB-PanSharpen/RGB-PanSharpen_AOI_3_Paris_img1776.tif,/content/spacenet_data/AOI_3_Paris_Train/geojson/buildings/buildings_AOI_3_Paris_img1776.geojson,650,650,68226,16.148165680473372,1,train
img811,/content/spacenet_data/AOI_3_Paris_Train/RGB-PanSharpen/RGB-PanSharpen_AOI_3_Paris_img811.tif,/content/spacenet_data/AOI_3_Paris_Train/geojson/buildings/buildings_AOI_3_Paris_img811.geojson,650,650,0,0.0,0,train
img1109,/content/spacenet_data/AOI_3_Paris_Train/RGB-PanSharpen/RGB-PanSharpen_AOI_3_Paris_img1109.tif,/content/spacenet_data/AOI_3_Paris_Train/geojson/buildings/buildings_AOI_3_Paris_img1109.geojson,650,650,352,0.08331360946745563,1,train
img560,/content/spacenet_data/AOI_3_Paris_Train/RGB-PanSharpen/RGB-PanSharpen_AOI_3_Paris_img560.tif,/content/spacenet_data/AOI_3_Paris_Train/geojson/buildings/buildings_AOI_3_Paris_img560.geojson,650,650,91871,21.744615384615386,1,train
img935,/content/spacenet_data/AOI_3_Paris_Train/RGB-PanSharpen/RGB-PanSharpen_AOI_3_Paris_img935.tif,/content/spacenet_data/AOI_3_Paris_Train/geojson/buildings/buildings_AOI_3_Paris_img935.geojson,650,650,0,0.0,0,train
img219,/content/spacenet_data/AOI_3_Paris_Train/RGB-PanSharpen/RGB-PanSharpen_AOI_3_Paris_img219.tif,/content/spacenet_data/AOI_3_Paris_Train/geojson/buildings/buildings_AOI_3_Paris_img219.geojson,650,650,14983,3.5462721893491125,1,train
img507,/content/spacenet_data/AOI_3_Paris_Train/RGB-PanSharpen/RGB-PanSharpen_AOI_3_Paris_img507.tif,/content/spacenet_data/AOI_3_Paris_Train/geojson/buildings/buildings_AOI_3_Paris_img507.geojson,650,650,77966,18.453491124260353,1,train
img369,/content/spacenet_data/AOI_3_Paris_Train/RGB-PanSharpen/RGB-PanSharpen_AOI_3_Paris_img369.tif,/content/spacenet_data/AOI_3_Paris_Train/geojson/buildings/buildings_AOI_3_Paris_img369.geojson,650,650,0,0.0,0,train
img1793,/content/spacenet_data/AOI_3_Paris_Train/RGB-PanSharpen/RGB-PanSharpen_AOI_3_Paris_img1793.tif,/content/spacenet_data/AOI_3_Paris_Train/geojson/buildings/buildings_AOI_3_Paris_img1793.geojson,650,650,0,0.0,0,train
img1360,/content/spacenet_data/AOI_3_Paris_Train/RGB-PanSharpen/RGB-PanSharpen_AOI_3_Paris_img1360.tif,/content/spacenet_data/AOI_3_Paris_Train/geojson/buildings/buildings_AOI_3_Paris_img1360.geojson,650,650,90130,21.332544378698227,1,train
img1153,/content/spacenet_data/AOI_3_Paris_Train/RGB-PanSharpen/RGB-PanSharpen_AOI_3_Paris_img1153.tif,/content/spacenet_data/AOI_3_Paris_Train/geojson/buildings/buildings_AOI_3_Paris_img1153.geojson,650,650,2038,0.48236686390532546,1,train
img21,/content/spacenet_data/AOI_3_Paris_Train/RGB-PanSharpen/RGB-PanSharpen_AOI_3_Paris_img21.tif,/content/spacenet_data/AOI_3_Paris_Train/geojson/buildings/buildings_AOI_3_Paris_img21.geojson,650,650,0,0.0,0,train
img1711,/content/spacenet_data/AOI_3_Paris_Train/RGB-PanSharpen/RGB-PanSharpen_AOI_3_Paris_img1711.tif,/content/spacenet_data/AOI_3_Paris_Train/geojson/buildings/buildings_AOI_3_Paris_img1711.geojson,650,650,0,0.0,0,train
img1026,/content/spacenet_data/AOI_3_Paris_Train/RGB-PanSharpen/RGB-PanSharpen_AOI_3_Paris_img1026.tif,/content/spacenet_data/AOI_3_Paris_Train/geojson/buildings/buildings_AOI_3_Paris_img1026.geojson,650,650,0,0.0,0,train
img1492,/content/spacenet_data/AOI_3_Paris_Train/RGB-PanSharpen/RGB-PanSharpen_AOI_3_Paris_img1492.tif,/content/spacenet_data/AOI_3_Paris_Train/geojson/buildings/buildings_AOI_3_Paris_img1492.geojson,650,650,66102,15.645443786982248,1,train
img836,/content/spacenet_data/AOI_3_Paris_Train/RGB-PanSharpen/RGB-PanSharpen_AOI_3_Paris_img836.tif,/content/spacenet_data/AOI_3_Paris_Train/geojson/buildings/buildings_AOI_3_Paris_img836.geojson,650,650,23136,5.475976331360947,1,train
img718,/content/spacenet_data/AOI_3_Paris_Train/RGB-PanSharpen/RGB-PanSharpen_AOI_3_Paris_img718.tif,/content/spacenet_data/AOI_3_Paris_Train/geojson/buildings/buildings_AOI_3_Paris_img718.geojson,650,650,0,0.0,0,train
img1125,/content/spacenet_data/AOI_3_Paris_Train/RGB-PanSharpen/RGB-PanSharpen_AOI_3_Paris_img1125.tif,/content/spacenet_data/AOI_3_Paris_Train/geojson/buildings/buildings_AOI_3_Paris_img1125.geojson,650,650,94483,22.36284023668639,1,train
img389,/content/spacenet_data/AOI_3_Paris_Train/RGB-PanSharpen/RGB-PanSharpen_AOI_3_Paris_img389.tif,/content/spacenet_data/AOI_3_Paris_Train/geojson/buildings/buildings_AOI_3_Paris_img389.geojson,650,650,65932,15.605207100591716,1,train
img1194,/content/spacenet_data/AOI_3_Paris_Train/RGB-PanSharpen/RGB-PanSharpen_AOI_3_Paris_img1194.tif,/content/spacenet_data/AOI_3_Paris_Train/geojson/buildings/buildings_AOI_3_Paris_img1194.geojson,650,650,4582,1.0844970414201183,1,train
img101,/content/spacenet_data/AOI_3_Paris_Train/RGB-PanSharpen/RGB-PanSharpen_AOI_3_Paris_img101.tif,/content/spacenet_data/AOI_3_Paris_Train/geojson/buildings/buildings_AOI_3_Paris_img101.geojson,650,650,54763,12.961656804733728,1,train
img708,/content/spacenet_data/AOI_3_Paris_Train/RGB-PanSharpen/RGB-PanSharpen_AOI_3_Paris_img708.tif,/content/spacenet_data/AOI_3_Paris_Train/geojson/buildings/buildings_AOI_3_Paris_img708.geojson,650,650,0,0.0,0,train
img162,/content/spacenet_data/AOI_3_Paris_Train/RGB-PanSharpen/RGB-PanSharpen_AOI_3_Paris_img162.tif,/content/spacenet_data/AOI_3_Paris_Train/geojson/buildings/buildings_AOI_3_Paris_img162.geojson,650,650,4980,1.178698224852071,1,train
img656,/content/spacenet_data/AOI_3_Paris_Train/RGB-PanSharpen/RGB-PanSharpen_AOI_3_Paris_img656.tif,/content/spacenet_data/AOI_3_Paris_Train/geojson/buildings/buildings_AOI_3_Paris_img656.geojson,650,650,69426,16.432189349112424,1,train
img1330,/content/spacenet_data/AOI_3_Paris_Train/RGB-PanSharpen/RGB-PanSharpen_AOI_3_Paris_img1330.tif,/content/spacenet_data/AOI_3_Paris_Train/geojson/buildings/buildings_AOI_3_Paris_img1330.geojson,650,650,3044,0.720473372781065,1,train
img622,/content/spacenet_data/AOI_3_Paris_Train/RGB-PanSharpen/RGB-PanSharpen_AOI_3_Paris_img622.tif,/content/spacenet_data/AOI_3_Paris_Train/geojson/buildings/buildings_AOI_3_Paris_img622.geojson,650,650,0,0.0,0,train
img749,/content/spacenet_data/AOI_3_Paris_Train/RGB-PanSharpen/RGB-PanSharpen_AOI_3_Paris_img749.tif,/content/spacenet_data/AOI_3_Paris_Train/geojson/buildings/buildings_AOI_3_Paris_img749.geojson,650,650,7610,1.8011834319526627,1,train
img600,/content/spacenet_data/AOI_3_Paris_Train/RGB-PanSharpen/RGB-PanSharpen_AOI_3_Paris_img600.tif,/content/spacenet_data/AOI_3_Paris_Train/geojson/buildings/buildings_AOI_3_Paris_img600.geojson,650,650,90108,21.32733727810651,1,train
img313,/content/spacenet_data/AOI_3_Paris_Train/RGB-PanSharpen/RGB-PanSharpen_AOI_3_Paris_img313.tif,/content/spacenet_data/AOI_3_Paris_Train/geojson/buildings/buildings_AOI_3_Paris_img313.geojson,650,650,0,0.0,0,train
img857,/content/spacenet_data/AOI_3_Paris_Train/RGB-PanSharpen/RGB-PanSharpen_AOI_3_Paris_img857.tif,/content/spacenet_data/AOI_3_Paris_Train/geojson/buildings/buildings_AOI_3_Paris_img857.geojson,650,650,4968,1.1758579881656805,1,train
img1643,/content/spacenet_data/AOI_3_Paris_Train/RGB-PanSharpen/RGB-PanSharpen_AOI_3_Paris_img1643.tif,/content/spacenet_data/AOI_3_Paris_Train/geojson/buildings/buildings_AOI_3_Paris_img1643.geojson,650,650,119749,28.342958579881657,1,train
img1664,/content/spacenet_data/AOI_3_Paris_Train/RGB-PanSharpen/RGB-PanSharpen_AOI_3_Paris_img1664.tif,/content/spacenet_data/AOI_3_Paris_Train/geojson/buildings/buildings_AOI_3_Paris_img1664.geojson,650,650,0,0.0,0,train
img1742,/content/spacenet_data/AOI_3_Paris_Train/RGB-PanSharpen/RGB-PanSharpen_AOI_3_Paris_img1742.tif,/content/spacenet_data/AOI_3_Paris_Train/geojson/buildings/buildings_AOI_3_Paris_img1742.geojson,650,650,0,0.0,0,train
img767,/content/spacenet_data/AOI_3_Paris_Train/RGB-PanSharpen/RGB-PanSharpen_AOI_3_Paris_img767.tif,/content/spacenet_data/AOI_3_Paris_Train/geojson/buildings/buildings_AOI_3_Paris_img767.geojson,650,650,33582,7.948402366863904,1,train
img215,/content/spacenet_data/AOI_3_Paris_Train/RGB-PanSharpen/RGB-PanSharpen_AOI_3_Paris_img215.tif,/content/spacenet_data/AOI_3_Paris_Train/geojson/buildings/buildings_AOI_3_Paris_img215.geojson,650,650,90522,21.42532544378698,1,train
img1132,/content/spacenet_data/AOI_3_Paris_Train/RGB-PanSharpen/RGB-PanSharpen_AOI_3_Paris_img1132.tif,/content/spacenet_data/AOI_3_Paris_Train/geojson/buildings/buildings_AOI_3_Paris_img1132.geojson,650,650,83148,19.68,1,train
img1324,/content/spacenet_data/AOI_3_Paris_Train/RGB-PanSharpen/RGB-PanSharpen_AOI_3_Paris_img1324.tif,/content/spacenet_data/AOI_3_Paris_Train/geojson/buildings/buildings_AOI_3_Paris_img1324.geojson,650,650,164,0.03881656804733728,1,train
img258,/content/spacenet_data/AOI_3_Paris_Train/RGB-PanSharpen/RGB-PanSharpen_AOI_3_Paris_img258.tif,/content/spacenet_data/AOI_3_Paris_Train/geojson/buildings/buildings_AOI_3_Paris_img258.geojson,650,650,37840,8.95621301775148,1,train
img1438,/content/spacenet_data/AOI_3_Paris_Train/RGB-PanSharpen/RGB-PanSharpen_AOI_3_Paris_img1438.tif,/content/spacenet_data/AOI_3_Paris_Train/geojson/buildings/buildings_AOI_3_Paris_img1438.geojson,650,650,0,0.0,0,train
img1311,/content/spacenet_data/AOI_3_Paris_Train/RGB-PanSharpen/RGB-PanSharpen_AOI_3_Paris_img1311.tif,/content/spacenet_data/AOI_3_Paris_Train/geojson/buildings/buildings_AOI_3_Paris_img1311.geojson,650,650,78935,18.682840236686392,1,train
img1683,/content/spacenet_data/AOI_3_Paris_Train/RGB-PanSharpen/RGB-PanSharpen_AOI_3_Paris_img1683.tif,/content/spacenet_data/AOI_3_Paris_Train/geojson/buildings/buildings_AOI_3_Paris_img1683.geojson,650,650,881,0.20852071005917158,1,train
img1892,/content/spacenet_data/AOI_3_Paris_Train/RGB-PanSharpen/RGB-PanSharpen_AOI_3_Paris_img1892.tif,/content/spacenet_data/AOI_3_Paris_Train/geojson/buildings/buildings_AOI_3_Paris_img1892.geojson,650,650,46560,11.020118343195266,1,train
img589,/content/spacenet_data/AOI_3_Paris_Train/RGB-PanSharpen/RGB-PanSharpen_AOI_3_Paris_img589.tif,/content/spacenet_data/AOI_3_Paris_Train/geojson/buildings/buildings_AOI_3_Paris_img589.geojson,650,650,213,0.05041420118343195,1,train
img10,/content/spacenet_data/AOI_3_Paris_Train/RGB-PanSharpen/RGB-PanSharpen_AOI_3_Paris_img10.tif,/content/spacenet_data/AOI_3_Paris_Train/geojson/buildings/buildings_AOI_3_Paris_img10.geojson,650,650,0,0.0,0,train
img402,/content/spacenet_data/AOI_3_Paris_Train/RGB-PanSharpen/RGB-PanSharpen_AOI_3_Paris_img402.tif,/content/spacenet_data/AOI_3_Paris_Train/geojson/buildings/buildings_AOI_3_Paris_img402.geojson,650,650,0,0.0,0,train
img1234,/content/spacenet_data/AOI_3_Paris_Train/RGB-PanSharpen/RGB-PanSharpen_AOI_3_Paris_img1234.tif,/content/spacenet_data/AOI_3_Paris_Train/geojson/buildings/buildings_AOI_3_Paris_img1234.geojson,650,650,11298,2.6740828402366863,1,train
img1747,/content/spacenet_data/AOI_3_Paris_Train/RGB-PanSharpen/RGB-PanSharpen_AOI_3_Paris_img1747.tif,/content/spacenet_data/AOI_3_Paris_Train/geojson/buildings/buildings_AOI_3_Paris_img1747.geojson,650,650,0,0.0,0,train
img1264,/content/spacenet_data/AOI_3_Paris_Train/RGB-PanSharpen/RGB-PanSharpen_AOI_3_Paris_img1264.tif,/content/spacenet_data/AOI_3_Paris_Train/geojson/buildings/buildings_AOI_3_Paris_img1264.geojson,650,650,94562,22.38153846153846,1,train
img1064,/content/spacenet_data/AOI_3_Paris_Train/RGB-PanSharpen/RGB-PanSharpen_AOI_3_Paris_img1064.tif,/content/spacenet_data/AOI_3_Paris_Train/geojson/buildings/buildings_AOI_3_Paris_img1064.geojson,650,650,0,0.0,0,train
img220,/content/spacenet_data/AOI_3_Paris_Train/RGB-PanSharpen/RGB-PanSharpen_AOI_3_Paris_img220.tif,/content/spacenet_data/AOI_3_Paris_Train/geojson/buildings/buildings_AOI_3_Paris_img220.geojson,650,650,10284,2.4340828402366865,1,train
img294,/content/spacenet_data/AOI_3_Paris_Train/RGB-PanSharpen/RGB-PanSharpen_AOI_3_Paris_img294.tif,/content/spacenet_data/AOI_3_Paris_Train/geojson/buildings/buildings_AOI_3_Paris_img294.geojson,650,650,0,0.0,0,train
img735,/content/spacenet_data/AOI_3_Paris_Train/RGB-PanSharpen/RGB-PanSharpen_AOI_3_Paris_img735.tif,/content/spacenet_data/AOI_3_Paris_Train/geojson/buildings/buildings_AOI_3_Paris_img735.geojson,650,650,90888,21.511952662721892,1,train
img1583,/content/spacenet_data/AOI_3_Paris_Train/RGB-PanSharpen/RGB-PanSharpen_AOI_3_Paris_img1583.tif,/content/spacenet_data/AOI_3_Paris_Train/geojson/buildings/buildings_AOI_3_Paris_img1583.geojson,650,650,0,0.0,0,train
img1821,/content/spacenet_data/AOI_3_Paris_Train/RGB-PanSharpen/RGB-PanSharpen_AOI_3_Paris_img1821.tif,/content/spacenet_data/AOI_3_Paris_Train/geojson/buildings/buildings_AOI_3_Paris_img1821.geojson,650,650,59913,14.180591715976332,1,train
img140,/content/spacenet_data/AOI_3_Paris_Train/RGB-PanSharpen/RGB-PanSharpen_AOI_3_Paris_img140.tif,/content/spacenet_data/AOI_3_Paris_Train/geojson/buildings/buildings_AOI_3_Paris_img140.geojson,650,650,70196,16.614437869822485,1,train
img474,/content/spacenet_data/AOI_3_Paris_Train/RGB-PanSharpen/RGB-PanSharpen_AOI_3_Paris_img474.tif,/content/spacenet_data/AOI_3_Paris_Train/geojson/buildings/buildings_AOI_3_Paris_img474.geojson,650,650,11293,2.6728994082840236,1,train
img1206,/content/spacenet_data/AOI_3_Paris_Train/RGB-PanSharpen/RGB-PanSharpen_AOI_3_Paris_img1206.tif,/content/spacenet_data/AOI_3_Paris_Train/geojson/buildings/buildings_AOI_3_Paris_img1206.geojson,650,650,0,0.0,0,train
img1217,/content/spacenet_data/AOI_3_Paris_Train/RGB-PanSharpen/RGB-PanSharpen_AOI_3_Paris_img1217.tif,/content/spacenet_data/AOI_3_Paris_Train/geojson/buildings/buildings_AOI_3_Paris_img1217.geojson,650,650,0,0.0,0,train
img444,/content/spacenet_data/AOI_3_Paris_Train/RGB-PanSharpen/RGB-PanSharpen_AOI_3_Paris_img444.tif,/content/spacenet_data/AOI_3_Paris_Train/geojson/buildings/buildings_AOI_3_Paris_img444.geojson,650,650,46099,10.911005917159763,1,train
img232,/content/spacenet_data/AOI_3_Paris_Train/RGB-PanSharpen/RGB-PanSharpen_AOI_3_Paris_img232.tif,/content/spacenet_data/AOI_3_Paris_Train/geojson/buildings/buildings_AOI_3_Paris_img232.geojson,650,650,11098,2.6267455621301776,1,train
img747,/content/spacenet_data/AOI_3_Paris_Train/RGB-PanSharpen/RGB-PanSharpen_AOI_3_Paris_img747.tif,/content/spacenet_data/AOI_3_Paris_Train/geojson/buildings/buildings_AOI_3_Paris_img747.geojson,650,650,58305,13.8,1,train
img1547,/content/spacenet_data/AOI_3_Paris_Train/RGB-PanSharpen/RGB-PanSharpen_AOI_3_Paris_img1547.tif,/content/spacenet_data/AOI_3_Paris_Train/geojson/buildings/buildings_AOI_3_Paris_img1547.geojson,650,650,73499,17.39621301775148,1,train
img1541,/content/spacenet_data/AOI_3_Paris_Train/RGB-PanSharpen/RGB-PanSharpen_AOI_3_Paris_img1541.tif,/content/spacenet_data/AOI_3_Paris_Train/geojson/buildings/buildings_AOI_3_Paris_img1541.geojson,650,650,101097,23.92828402366864,1,train
img887,/content/spacenet_data/AOI_3_Paris_Train/RGB-PanSharpen/RGB-PanSharpen_AOI_3_Paris_img887.tif,/content/spacenet_data/AOI_3_Paris_Train/geojson/buildings/buildings_AOI_3_Paris_img887.geojson,650,650,0,0.0,0,train
img1140,/content/spacenet_data/AOI_3_Paris_Train/RGB-PanSharpen/RGB-PanSharpen_AOI_3_Paris_img1140.tif,/content/spacenet_data/AOI_3_Paris_Train/geojson/buildings/buildings_AOI_3_Paris_img1140.geojson,650,650,42208,9.990059171597633,1,train
img976,/content/spacenet_data/AOI_3_Paris_Train/RGB-PanSharpen/RGB-PanSharpen_AOI_3_Paris_img976.tif,/content/spacenet_data/AOI_3_Paris_Train/geojson/buildings/buildings_AOI_3_Paris_img976.geojson,650,650,0,0.0,0,train
img1274,/content/spacenet_data/AOI_3_Paris_Train/RGB-PanSharpen/RGB-PanSharpen_AOI_3_Paris_img1274.tif,/content/spacenet_data/AOI_3_Paris_Train/geojson/buildings/buildings_AOI_3_Paris_img1274.geojson,650,650,97289,23.02698224852071,1,train
img1610,/content/spacenet_data/AOI_3_Paris_Train/RGB-PanSharpen/RGB-PanSharpen_AOI_3_Paris_img1610.tif,/content/spacenet_data/AOI_3_Paris_Train/geojson/buildings/buildings_AOI_3_Paris_img1610.geojson,650,650,1838,0.43502958579881656,1,train
img625,/content/spacenet_data/AOI_3_Paris_Train/RGB-PanSharpen/RGB-PanSharpen_AOI_3_Paris_img625.tif,/content/spacenet_data/AOI_3_Paris_Train/geojson/buildings/buildings_AOI_3_Paris_img625.geojson,650,650,0,0.0,0,train
img1413,/content/spacenet_data/AOI_3_Paris_Train/RGB-PanSharpen/RGB-PanSharpen_AOI_3_Paris_img1413.tif,/content/spacenet_data/AOI_3_Paris_Train/geojson/buildings/buildings_AOI_3_Paris_img1413.geojson,650,650,58643,13.88,1,train
img1383,/content/spacenet_data/AOI_3_Paris_Train/RGB-PanSharpen/RGB-PanSharpen_AOI_3_Paris_img1383.tif,/content/spacenet_data/AOI_3_Paris_Train/geojson/buildings/buildings_AOI_3_Paris_img1383.geojson,650,650,0,0.0,0,train
img69,/content/spacenet_data/AOI_3_Paris_Train/RGB-PanSharpen/RGB-PanSharpen_AOI_3_Paris_img69.tif,/content/spacenet_data/AOI_3_Paris_Train/geojson/buildings/buildings_AOI_3_Paris_img69.geojson,650,650,2206,0.5221301775147928,1,train
img943,/content/spacenet_data/AOI_3_Paris_Train/RGB-PanSharpen/RGB-PanSharpen_AOI_3_Paris_img943.tif,/content/spacenet_data/AOI_3_Paris_Train/geojson/buildings/buildings_AOI_3_Paris_img943.geojson,650,650,0,0.0,0,train
img546,/content/spacenet_data/AOI_3_Paris_Train/RGB-PanSharpen/RGB-PanSharpen_AOI_3_Paris_img546.tif,/content/spacenet_data/AOI_3_Paris_Train/geojson/buildings/buildings_AOI_3_Paris_img546.geojson,650,650,50143,11.868165680473373,1,train
img1205,/content/spacenet_data/AOI_3_Paris_Train/RGB-PanSharpen/RGB-PanSharpen_AOI_3_Paris_img1205.tif,/content/spacenet_data/AOI_3_Paris_Train/geojson/buildings/buildings_AOI_3_Paris_img1205.geojson,650,650,0,0.0,0,train
img1102,/content/spacenet_data/AOI_3_Paris_Train/RGB-PanSharpen/RGB-PanSharpen_AOI_3_Paris_img1102.tif,/content/spacenet_data/AOI_3_Paris_Train/geojson/buildings/buildings_AOI_3_Paris_img1102.geojson,650,650,60481,14.315029585798817,1,train
img85,/content/spacenet_data/AOI_3_Paris_Train/RGB-PanSharpen/RGB-PanSharpen_AOI_3_Paris_img85.tif,/content/spacenet_data/AOI_3_Paris_Train/geojson/buildings/buildings_AOI_3_Paris_img85.geojson,650,650,2214,0.5240236686390533,1,train
img1587,/content/spacenet_data/AOI_3_Paris_Train/RGB-PanSharpen/RGB-PanSharpen_AOI_3_Paris_img1587.tif,/content/spacenet_data/AOI_3_Paris_Train/geojson/buildings/buildings_AOI_3_Paris_img1587.geojson,650,650,50756,12.013254437869822,1,train
img796,/content/spacenet_data/AOI_3_Paris_Train/RGB-PanSharpen/RGB-PanSharpen_AOI_3_Paris_img796.tif,/content/spacenet_data/AOI_3_Paris_Train/geojson/buildings/buildings_AOI_3_Paris_img796.geojson,650,650,0,0.0,0,train
img1225,/content/spacenet_data/AOI_3_Paris_Train/RGB-PanSharpen/RGB-PanSharpen_AOI_3_Paris_img1225.tif,/content/spacenet_data/AOI_3_Paris_Train/geojson/buildings/buildings_AOI_3_Paris_img1225.geojson,650,650,83954,19.87076923076923,1,train
img1645,/content/spacenet_data/AOI_3_Paris_Train/RGB-PanSharpen/RGB-PanSharpen_AOI_3_Paris_img1645.tif,/content/spacenet_data/AOI_3_Paris_Train/geojson/buildings/buildings_AOI_3_Paris_img1645.geojson,650,650,81143,19.205443786982247,1,train
img1581,/content/spacenet_data/AOI_3_Paris_Train/RGB-PanSharpen/RGB-PanSharpen_AOI_3_Paris_img1581.tif,/content/spacenet_data/AOI_3_Paris_Train/geojson/buildings/buildings_AOI_3_Paris_img1581.geojson,650,650,0,0.0,0,train
img1239,/content/spacenet_data/AOI_3_Paris_Train/RGB-PanSharpen/RGB-PanSharpen_AOI_3_Paris_img1239.tif,/content/spacenet_data/AOI_3_Paris_Train/geojson/buildings/buildings_AOI_3_Paris_img1239.geojson,650,650,4670,1.1053254437869822,1,train
img1676,/content/spacenet_data/AOI_3_Paris_Train/RGB-PanSharpen/RGB-PanSharpen_AOI_3_Paris_img1676.tif,/content/spacenet_data/AOI_3_Paris_Train/geojson/buildings/buildings_AOI_3_Paris_img1676.geojson,650,650,353,0.08355029585798816,1,train
img147,/content/spacenet_data/AOI_3_Paris_Train/RGB-PanSharpen/RGB-PanSharpen_AOI_3_Paris_img147.tif,/content/spacenet_data/AOI_3_Paris_Train/geojson/buildings/buildings_AOI_3_Paris_img147.geojson,650,650,0,0.0,0,train
img631,/content/spacenet_data/AOI_3_Paris_Train/RGB-PanSharpen/RGB-PanSharpen_AOI_3_Paris_img631.tif,/content/spacenet_data/AOI_3_Paris_Train/geojson/buildings/buildings_AOI_3_Paris_img631.geojson,650,650,8097,1.9164497041420119,1,train
img918,/content/spacenet_data/AOI_3_Paris_Train/RGB-PanSharpen/RGB-PanSharpen_AOI_3_Paris_img918.tif,/content/spacenet_data/AOI_3_Paris_Train/geojson/buildings/buildings_AOI_3_Paris_img918.geojson,650,650,100686,23.831005917159764,1,train
img821,/content/spacenet_data/AOI_3_Paris_Train/RGB-PanSharpen/RGB-PanSharpen_AOI_3_Paris_img821.tif,/content/spacenet_data/AOI_3_Paris_Train/geojson/buildings/buildings_AOI_3_Paris_img821.geojson,650,650,103936,24.600236686390534,1,train
img1299,/content/spacenet_data/AOI_3_Paris_Train/RGB-PanSharpen/RGB-PanSharpen_AOI_3_Paris_img1299.tif,/content/spacenet_data/AOI_3_Paris_Train/geojson/buildings/buildings_AOI_3_Paris_img1299.geojson,650,650,0,0.0,0,train
img1716,/content/spacenet_data/AOI_3_Paris_Train/RGB-PanSharpen/RGB-PanSharpen_AOI_3_Paris_img1716.tif,/content/spacenet_data/AOI_3_Paris_Train/geojson/buildings/buildings_AOI_3_Paris_img1716.geojson,650,650,29934,7.084970414201183,1,train
img1111,/content/spacenet_data/AOI_3_Paris_Train/RGB-PanSharpen/RGB-PanSharpen_AOI_3_Paris_img1111.tif,/content/spacenet_data/AOI_3_Paris_Train/geojson/buildings/buildings_AOI_3_Paris_img1111.geojson,650,650,0,0.0,0,train
img1689,/content/spacenet_data/AOI_3_Paris_Train/RGB-PanSharpen/RGB-PanSharpen_AOI_3_Paris_img1689.tif,/content/spacenet_data/AOI_3_Paris_Train/geojson/buildings/buildings_AOI_3_Paris_img1689.geojson,650,650,22664,5.364260355029585,1,train
img586,/content/spacenet_data/AOI_3_Paris_Train/RGB-PanSharpen/RGB-PanSharpen_AOI_3_Paris_img586.tif,/content/spacenet_data/AOI_3_Paris_Train/geojson/buildings/buildings_AOI_3_Paris_img586.geojson,650,650,0,0.0,0,train
img1817,/content/spacenet_data/AOI_3_Paris_Train/RGB-PanSharpen/RGB-PanSharpen_AOI_3_Paris_img1817.tif,/content/spacenet_data/AOI_3_Paris_Train/geojson/buildings/buildings_AOI_3_Paris_img1817.geojson,650,650,0,0.0,0,train
img1551,/content/spacenet_data/AOI_3_Paris_Train/RGB-PanSharpen/RGB-PanSharpen_AOI_3_Paris_img1551.tif,/content/spacenet_data/AOI_3_Paris_Train/geojson/buildings/buildings_AOI_3_Paris_img1551.geojson,650,650,41170,9.744378698224851,1,train
img1159,/content/spacenet_data/AOI_3_Paris_Train/RGB-PanSharpen/RGB-PanSharpen_AOI_3_Paris_img1159.tif,/content/spacenet_data/AOI_3_Paris_Train/geojson/buildings/buildings_AOI_3_Paris_img1159.geojson,650,650,0,0.0,0,train
img429,/content/spacenet_data/AOI_3_Paris_Train/RGB-PanSharpen/RGB-PanSharpen_AOI_3_Paris_img429.tif,/content/spacenet_data/AOI_3_Paris_Train/geojson/buildings/buildings_AOI_3_Paris_img429.geojson,650,650,0,0.0,0,train
img278,/content/spacenet_data/AOI_3_Paris_Train/RGB-PanSharpen/RGB-PanSharpen_AOI_3_Paris_img278.tif,/content/spacenet_data/AOI_3_Paris_Train/geojson/buildings/buildings_AOI_3_Paris_img278.geojson,650,650,58211,13.77775147928994,1,train
img1791,/content/spacenet_data/AOI_3_Paris_Train/RGB-PanSharpen/RGB-PanSharpen_AOI_3_Paris_img1791.tif,/content/spacenet_data/AOI_3_Paris_Train/geojson/buildings/buildings_AOI_3_Paris_img1791.geojson,650,650,0,0.0,0,train
img1250,/content/spacenet_data/AOI_3_Paris_Train/RGB-PanSharpen/RGB-PanSharpen_AOI_3_Paris_img1250.tif,/content/spacenet_data/AOI_3_Paris_Train/geojson/buildings/buildings_AOI_3_Paris_img1250.geojson,650,650,0,0.0,0,train
img1653,/content/spacenet_data/AOI_3_Paris_Train/RGB-PanSharpen/RGB-PanSharpen_AOI_3_Paris_img1653.tif,/content/spacenet_data/AOI_3_Paris_Train/geojson/buildings/buildings_AOI_3_Paris_img1653.geojson,650,650,34048,8.05869822485207,1,train
img1249,/content/spacenet_data/AOI_3_Paris_Train/RGB-PanSharpen/RGB-PanSharpen_AOI_3_Paris_img1249.tif,/content/spacenet_data/AOI_3_Paris_Train/geojson/buildings/buildings_AOI_3_Paris_img1249.geojson,650,650,0,0.0,0,train
img535,/content/spacenet_data/AOI_3_Paris_Train/RGB-PanSharpen/RGB-PanSharpen_AOI_3_Paris_img535.tif,/content/spacenet_data/AOI_3_Paris_Train/geojson/buildings/buildings_AOI_3_Paris_img535.geojson,650,650,0,0.0,0,train
img544,/content/spacenet_data/AOI_3_Paris_Train/RGB-PanSharpen/RGB-PanSharpen_AOI_3_Paris_img544.tif,/content/spacenet_data/AOI_3_Paris_Train/geojson/buildings/buildings_AOI_3_Paris_img544.geojson,650,650,0,0.0,0,train
img1838,/content/spacenet_data/AOI_3_Paris_Train/RGB-PanSharpen/RGB-PanSharpen_AOI_3_Paris_img1838.tif,/content/spacenet_data/AOI_3_Paris_Train/geojson/buildings/buildings_AOI_3_Paris_img1838.geojson,650,650,0,0.0,0,train
img1292,/content/spacenet_data/AOI_3_Paris_Train/RGB-PanSharpen/RGB-PanSharpen_AOI_3_Paris_img1292.tif,/content/spacenet_data/AOI_3_Paris_Train/geojson/buildings/buildings_AOI_3_Paris_img1292.geojson,650,650,0,0.0,0,train
img158,/content/spacenet_data/AOI_3_Paris_Train/RGB-PanSharpen/RGB-PanSharpen_AOI_3_Paris_img158.tif,/content/spacenet_data/AOI_3_Paris_Train/geojson/buildings/buildings_AOI_3_Paris_img158.geojson,650,650,56231,13.309112426035503,1,train
img245,/content/spacenet_data/AOI_3_Paris_Train/RGB-PanSharpen/RGB-PanSharpen_AOI_3_Paris_img245.tif,/content/spacenet_data/AOI_3_Paris_Train/geojson/buildings/buildings_AOI_3_Paris_img245.geojson,650,650,393,0.09301775147928994,1,train
img1660,/content/spacenet_data/AOI_3_Paris_Train/RGB-PanSharpen/RGB-PanSharpen_AOI_3_Paris_img1660.tif,/content/spacenet_data/AOI_3_Paris_Train/geojson/buildings/buildings_AOI_3_Paris_img1660.geojson,650,650,0,0.0,0,train
img229,/content/spacenet_data/AOI_3_Paris_Train/RGB-PanSharpen/RGB-PanSharpen_AOI_3_Paris_img229.tif,/content/spacenet_data/AOI_3_Paris_Train/geojson/buildings/buildings_AOI_3_Paris_img229.geojson,650,650,130281,30.835739644970417,1,train
img234,/content/spacenet_data/AOI_3_Paris_Train/RGB-PanSharpen/RGB-PanSharpen_AOI_3_Paris_img234.tif,/content/spacenet_data/AOI_3_Paris_Train/geojson/buildings/buildings_AOI_3_Paris_img234.geojson,650,650,14777,3.497514792899408,1,train
img242,/content/spacenet_data/AOI_3_Paris_Train/RGB-PanSharpen/RGB-PanSharpen_AOI_3_Paris_img242.tif,/content/spacenet_data/AOI_3_Paris_Train/geojson/buildings/buildings_AOI_3_Paris_img242.geojson,650,650,60359,14.286153846153846,1,train
img932,/content/spacenet_data/AOI_3_Paris_Train/RGB-PanSharpen/RGB-PanSharpen_AOI_3_Paris_img932.tif,/content/spacenet_data/AOI_3_Paris_Train/geojson/buildings/buildings_AOI_3_Paris_img932.geojson,650,650,0,0.0,0,train
img721,/content/spacenet_data/AOI_3_Paris_Train/RGB-PanSharpen/RGB-PanSharpen_AOI_3_Paris_img721.tif,/content/spacenet_data/AOI_3_Paris_Train/geojson/buildings/buildings_AOI_3_Paris_img721.geojson,650,650,51528,12.195976331360947,1,train
img781,/content/spacenet_data/AOI_3_Paris_Train/RGB-PanSharpen/RGB-PanSharpen_AOI_3_Paris_img781.tif,/content/spacenet_data/AOI_3_Paris_Train/geojson/buildings/buildings_AOI_3_Paris_img781.geojson,650,650,75813,17.943905325443787,1,train
img100,/content/spacenet_data/AOI_3_Paris_Train/RGB-PanSharpen/RGB-PanSharpen_AOI_3_Paris_img100.tif,/content/spacenet_data/AOI_3_Paris_Train/geojson/buildings/buildings_AOI_3_Paris_img100.geojson,650,650,41572,9.839526627218936,1,train
img1725,/content/spacenet_data/AOI_3_Paris_Train/RGB-PanSharpen/RGB-PanSharpen_AOI_3_Paris_img1725.tif,/content/spacenet_data/AOI_3_Paris_Train/geojson/buildings/buildings_AOI_3_Paris_img1725.geojson,650,650,573,0.13562130177514792,1,train
img751,/content/spacenet_data/AOI_3_Paris_Train/RGB-PanSharpen/RGB-PanSharpen_AOI_3_Paris_img751.tif,/content/spacenet_data/AOI_3_Paris_Train/geojson/buildings/buildings_AOI_3_Paris_img751.geojson,650,650,0,0.0,0,train
img297,/content/spacenet_data/AOI_3_Paris_Train/RGB-PanSharpen/RGB-PanSharpen_AOI_3_Paris_img297.tif,/content/spacenet_data/AOI_3_Paris_Train/geojson/buildings/buildings_AOI_3_Paris_img297.geojson,650,650,0,0.0,0,train
img1444,/content/spacenet_data/AOI_3_Paris_Train/RGB-PanSharpen/RGB-PanSharpen_AOI_3_Paris_img1444.tif,/content/spacenet_data/AOI_3_Paris_Train/geojson/buildings/buildings_AOI_3_Paris_img1444.geojson,650,650,0,0.0,0,train
img110,/content/spacenet_data/AOI_3_Paris_Train/RGB-PanSharpen/RGB-PanSharpen_AOI_3_Paris_img110.tif,/content/spacenet_data/AOI_3_Paris_Train/geojson/buildings/buildings_AOI_3_Paris_img110.geojson,650,650,82641,19.56,1,train
img786,/content/spacenet_data/AOI_3_Paris_Train/RGB-PanSharpen/RGB-PanSharpen_AOI_3_Paris_img786.tif,/content/spacenet_data/AOI_3_Paris_Train/geojson/buildings/buildings_AOI_3_Paris_img786.geojson,650,650,76944,18.211597633136094,1,train
img1424,/content/spacenet_data/AOI_3_Paris_Train/RGB-PanSharpen/RGB-PanSharpen_AOI_3_Paris_img1424.tif,/content/spacenet_data/AOI_3_Paris_Train/geojson/buildings/buildings_AOI_3_Paris_img1424.geojson,650,650,0,0.0,0,train
img1057,/content/spacenet_data/AOI_3_Paris_Train/RGB-PanSharpen/RGB-PanSharpen_AOI_3_Paris_img1057.tif,/content/spacenet_data/AOI_3_Paris_Train/geojson/buildings/buildings_AOI_3_Paris_img1057.geojson,650,650,29212,6.914082840236686,1,train
img1558,/content/spacenet_data/AOI_3_Paris_Train/RGB-PanSharpen/RGB-PanSharpen_AOI_3_Paris_img1558.tif,/content/spacenet_data/AOI_3_Paris_Train/geojson/buildings/buildings_AOI_3_Paris_img1558.geojson,650,650,100976,23.8996449704142,1,train
img89,/content/spacenet_data/AOI_3_Paris_Train/RGB-PanSharpen/RGB-PanSharpen_AOI_3_Paris_img89.tif,/content/spacenet_data/AOI_3_Paris_Train/geojson/buildings/buildings_AOI_3_Paris_img89.geojson,650,650,0,0.0,0,train
img1719,/content/spacenet_data/AOI_3_Paris_Train/RGB-PanSharpen/RGB-PanSharpen_AOI_3_Paris_img1719.tif,/content/spacenet_data/AOI_3_Paris_Train/geojson/buildings/buildings_AOI_3_Paris_img1719.geojson,650,650,35967,8.512899408284023,1,train
img261,/content/spacenet_data/AOI_3_Paris_Train/RGB-PanSharpen/RGB-PanSharpen_AOI_3_Paris_img261.tif,/content/spacenet_data/AOI_3_Paris_Train/geojson/buildings/buildings_AOI_3_Paris_img261.geojson,650,650,0,0.0,0,train
img516,/content/spacenet_data/AOI_3_Paris_Train/RGB-PanSharpen/RGB-PanSharpen_AOI_3_Paris_img516.tif,/content/spacenet_data/AOI_3_Paris_Train/geojson/buildings/buildings_AOI_3_Paris_img516.geojson,650,650,98215,23.246153846153845,1,train
img1603,/content/spacenet_data/AOI_3_Paris_Train/RGB-PanSharpen/RGB-PanSharpen_AOI_3_Paris_img1603.tif,/content/spacenet_data/AOI_3_Paris_Train/geojson/buildings/buildings_AOI_3_Paris_img1603.geojson,650,650,3133,0.7415384615384615,1,train
img469,/content/spacenet_data/AOI_3_Paris_Train/RGB-PanSharpen/RGB-PanSharpen_AOI_3_Paris_img469.tif,/content/spacenet_data/AOI_3_Paris_Train/geojson/buildings/buildings_AOI_3_Paris_img469.geojson,650,650,0,0.0,0,train
img407,/content/spacenet_data/AOI_3_Paris_Train/RGB-PanSharpen/RGB-PanSharpen_AOI_3_Paris_img407.tif,/content/spacenet_data/AOI_3_Paris_Train/geojson/buildings/buildings_AOI_3_Paris_img407.geojson,650,650,0,0.0,0,train
img1878,/content/spacenet_data/AOI_3_Paris_Train/RGB-PanSharpen/RGB-PanSharpen_AOI_3_Paris_img1878.tif,/content/spacenet_data/AOI_3_Paris_Train/geojson/buildings/buildings_AOI_3_Paris_img1878.geojson,650,650,0,0.0,0,train
img865,/content/spacenet_data/AOI_3_Paris_Train/RGB-PanSharpen/RGB-PanSharpen_AOI_3_Paris_img865.tif,/content/spacenet_data/AOI_3_Paris_Train/geojson/buildings/buildings_AOI_3_Paris_img865.geojson,650,650,74880,17.72307692307692,1,train
img1137,/content/spacenet_data/AOI_3_Paris_Train/RGB-PanSharpen/RGB-PanSharpen_AOI_3_Paris_img1137.tif,/content/spacenet_data/AOI_3_Paris_Train/geojson/buildings/buildings_AOI_3_Paris_img1137.geojson,650,650,6301,1.491360946745562,1,train
img902,/content/spacenet_data/AOI_3_Paris_Train/RGB-PanSharpen/RGB-PanSharpen_AOI_3_Paris_img902.tif,/content/spacenet_data/AOI_3_Paris_Train/geojson/buildings/buildings_AOI_3_Paris_img902.geojson,650,650,0,0.0,0,train
img664,/content/spacenet_data/AOI_3_Paris_Train/RGB-PanSharpen/RGB-PanSharpen_AOI_3_Paris_img664.tif,/content/spacenet_data/AOI_3_Paris_Train/geojson/buildings/buildings_AOI_3_Paris_img664.geojson,650,650,0,0.0,0,train
img1672,/content/spacenet_data/AOI_3_Paris_Train/RGB-PanSharpen/RGB-PanSharpen_AOI_3_Paris_img1672.tif,/content/spacenet_data/AOI_3_Paris_Train/geojson/buildings/buildings_AOI_3_Paris_img1672.geojson,650,650,0,0.0,0,train
img1258,/content/spacenet_data/AOI_3_Paris_Train/RGB-PanSharpen/RGB-PanSharpen_AOI_3_Paris_img1258.tif,/content/spacenet_data/AOI_3_Paris_Train/geojson/buildings/buildings_AOI_3_Paris_img1258.geojson,650,650,0,0.0,0,train
img1799,/content/spacenet_data/AOI_3_Paris_Train/RGB-PanSharpen/RGB-PanSharpen_AOI_3_Paris_img1799.tif,/content/spacenet_data/AOI_3_Paris_Train/geojson/buildings/buildings_AOI_3_Paris_img1799.geojson,650,650,0,0.0,0,train
img849,/content/spacenet_data/AOI_3_Paris_Train/RGB-PanSharpen/RGB-PanSharpen_AOI_3_Paris_img849.tif,/content/spacenet_data/AOI_3_Paris_Train/geojson/buildings/buildings_AOI_3_Paris_img849.geojson,650,650,0,0.0,0,train
img839,/content/spacenet_data/AOI_3_Paris_Train/RGB-PanSharpen/RGB-PanSharpen_AOI_3_Paris_img839.tif,/content/spacenet_data/AOI_3_Paris_Train/geojson/buildings/buildings_AOI_3_Paris_img839.geojson,650,650,3677,0.8702958579881657,1,train
img1692,/content/spacenet_data/AOI_3_Paris_Train/RGB-PanSharpen/RGB-PanSharpen_AOI_3_Paris_img1692.tif,/content/spacenet_data/AOI_3_Paris_Train/geojson/buildings/buildings_AOI_3_Paris_img1692.geojson,650,650,45916,10.867692307692307,1,train
img360,/content/spacenet_data/AOI_3_Paris_Train/RGB-PanSharpen/RGB-PanSharpen_AOI_3_Paris_img360.tif,/content/spacenet_data/AOI_3_Paris_Train/geojson/buildings/buildings_AOI_3_Paris_img360.geojson,650,650,103559,24.511005917159764,1,train
img43,/content/spacenet_data/AOI_3_Paris_Train/RGB-PanSharpen/RGB-PanSharpen_AOI_3_Paris_img43.tif,/content/spacenet_data/AOI_3_Paris_Train/geojson/buildings/buildings_AOI_3_Paris_img43.geojson,650,650,397,0.09396449704142011,1,train
img1854,/content/spacenet_data/AOI_3_Paris_Train/RGB-PanSharpen/RGB-PanSharpen_AOI_3_Paris_img1854.tif,/content/spacenet_data/AOI_3_Paris_Train/geojson/buildings/buildings_AOI_3_Paris_img1854.geojson,650,650,58779,13.912189349112424,1,train
img1617,/content/spacenet_data/AOI_3_Paris_Train/RGB-PanSharpen/RGB-PanSharpen_AOI_3_Paris_img1617.tif,/content/spacenet_data/AOI_3_Paris_Train/geojson/buildings/buildings_AOI_3_Paris_img1617.geojson,650,650,0,0.0,0,train
img271,/content/spacenet_data/AOI_3_Paris_Train/RGB-PanSharpen/RGB-PanSharpen_AOI_3_Paris_img271.tif,/content/spacenet_data/AOI_3_Paris_Train/geojson/buildings/buildings_AOI_3_Paris_img271.geojson,650,650,0,0.0,0,train
img1635,/content/spacenet_data/AOI_3_Paris_Train/RGB-PanSharpen/RGB-PanSharpen_AOI_3_Paris_img1635.tif,/content/spacenet_data/AOI_3_Paris_Train/geojson/buildings/buildings_AOI_3_Paris_img1635.geojson,650,650,44774,10.597396449704142,1,train
img1764,/content/spacenet_data/AOI_3_Paris_Train/RGB-PanSharpen/RGB-PanSharpen_AOI_3_Paris_img1764.tif,/content/spacenet_data/AOI_3_Paris_Train/geojson/buildings/buildings_AOI_3_Paris_img1764.geojson,650,650,1926,0.4558579881656805,1,train
img1556,/content/spacenet_data/AOI_3_Paris_Train/RGB-PanSharpen/RGB-PanSharpen_AOI_3_Paris_img1556.tif,/content/spacenet_data/AOI_3_Paris_Train/geojson/buildings/buildings_AOI_3_Paris_img1556.geojson,650,650,47237,11.1803550295858,1,train
img1852,/content/spacenet_data/AOI_3_Paris_Train/RGB-PanSharpen/RGB-PanSharpen_AOI_3_Paris_img1852.tif,/content/spacenet_data/AOI_3_Paris_Train/geojson/buildings/buildings_AOI_3_Paris_img1852.geojson,650,650,0,0.0,0,train
img188,/content/spacenet_data/AOI_3_Paris_Train/RGB-PanSharpen/RGB-PanSharpen_AOI_3_Paris_img188.tif,/content/spacenet_data/AOI_3_Paris_Train/geojson/buildings/buildings_AOI_3_Paris_img188.geojson,650,650,43730,10.350295857988167,1,train
img1687,/content/spacenet_data/AOI_3_Paris_Train/RGB-PanSharpen/RGB-PanSharpen_AOI_3_Paris_img1687.tif,/content/spacenet_data/AOI_3_Paris_Train/geojson/buildings/buildings_AOI_3_Paris_img1687.geojson,650,650,173357,41.0312426035503,1,train
img1775,/content/spacenet_data/AOI_3_Paris_Train/RGB-PanSharpen/RGB-PanSharpen_AOI_3_Paris_img1775.tif,/content/spacenet_data/AOI_3_Paris_Train/geojson/buildings/buildings_AOI_3_Paris_img1775.geojson,650,650,74804,17.70508875739645,1,train
img1525,/content/spacenet_data/AOI_3_Paris_Train/RGB-PanSharpen/RGB-PanSharpen_AOI_3_Paris_img1525.tif,/content/spacenet_data/AOI_3_Paris_Train/geojson/buildings/buildings_AOI_3_Paris_img1525.geojson,650,650,0,0.0,0,train
img47,/content/spacenet_data/AOI_3_Paris_Train/RGB-PanSharpen/RGB-PanSharpen_AOI_3_Paris_img47.tif,/content/spacenet_data/AOI_3_Paris_Train/geojson/buildings/buildings_AOI_3_Paris_img47.geojson,650,650,0,0.0,0,train
img618,/content/spacenet_data/AOI_3_Paris_Train/RGB-PanSharpen/RGB-PanSharpen_AOI_3_Paris_img618.tif,/content/spacenet_data/AOI_3_Paris_Train/geojson/buildings/buildings_AOI_3_Paris_img618.geojson,650,650,0,0.0,0,train
img1199,/content/spacenet_data/AOI_3_Paris_Train/RGB-PanSharpen/RGB-PanSharpen_AOI_3_Paris_img1199.tif,/content/spacenet_data/AOI_3_Paris_Train/geojson/buildings/buildings_AOI_3_Paris_img1199.geojson,650,650,0,0.0,0,train
img890,/content/spacenet_data/AOI_3_Paris_Train/RGB-PanSharpen/RGB-PanSharpen_AOI_3_Paris_img890.tif,/content/spacenet_data/AOI_3_Paris_Train/geojson/buildings/buildings_AOI_3_Paris_img890.geojson,650,650,0,0.0,0,train
img349,/content/spacenet_data/AOI_3_Paris_Train/RGB-PanSharpen/RGB-PanSharpen_AOI_3_Paris_img349.tif,/content/spacenet_data/AOI_3_Paris_Train/geojson/buildings/buildings_AOI_3_Paris_img349.geojson,650,650,0,0.0,0,train
img988,/content/spacenet_data/AOI_3_Paris_Train/RGB-PanSharpen/RGB-PanSharpen_AOI_3_Paris_img988.tif,/content/spacenet_data/AOI_3_Paris_Train/geojson/buildings/buildings_AOI_3_Paris_img988.geojson,650,650,0,0.0,0,train
img1728,/content/spacenet_data/AOI_3_Paris_Train/RGB-PanSharpen/RGB-PanSharpen_AOI_3_Paris_img1728.tif,/content/spacenet_data/AOI_3_Paris_Train/geojson/buildings/buildings_AOI_3_Paris_img1728.geojson,650,650,0,0.0,0,train
img1114,/content/spacenet_data/AOI_3_Paris_Train/RGB-PanSharpen/RGB-PanSharpen_AOI_3_Paris_img1114.tif,/content/spacenet_data/AOI_3_Paris_Train/geojson/buildings/buildings_AOI_3_Paris_img1114.geojson,650,650,0,0.0,0,train
img1203,/content/spacenet_data/AOI_3_Paris_Train/RGB-PanSharpen/RGB-PanSharpen_AOI_3_Paris_img1203.tif,/content/spacenet_data/AOI_3_Paris_Train/geojson/buildings/buildings_AOI_3_Paris_img1203.geojson,650,650,0,0.0,0,train
img518,/content/spacenet_data/AOI_3_Paris_Train/RGB-PanSharpen/RGB-PanSharpen_AOI_3_Paris_img518.tif,/content/spacenet_data/AOI_3_Paris_Train/geojson/buildings/buildings_AOI_3_Paris_img518.geojson,650,650,72019,17.045917159763313,1,train
img1841,/content/spacenet_data/AOI_3_Paris_Train/RGB-PanSharpen/RGB-PanSharpen_AOI_3_Paris_img1841.tif,/content/spacenet_data/AOI_3_Paris_Train/geojson/buildings/buildings_AOI_3_Paris_img1841.geojson,650,650,0,0.0,0,train
img1032,/content/spacenet_data/AOI_3_Paris_Train/RGB-PanSharpen/RGB-PanSharpen_AOI_3_Paris_img1032.tif,/content/spacenet_data/AOI_3_Paris_Train/geojson/buildings/buildings_AOI_3_Paris_img1032.geojson,650,650,0,0.0,0,train
img311,/content/spacenet_data/AOI_3_Paris_Train/RGB-PanSharpen/RGB-PanSharpen_AOI_3_Paris_img311.tif,/content/spacenet_data/AOI_3_Paris_Train/geojson/buildings/buildings_AOI_3_Paris_img311.geojson,650,650,0,0.0,0,train
img1030,/content/spacenet_data/AOI_3_Paris_Train/RGB-PanSharpen/RGB-PanSharpen_AOI_3_Paris_img1030.tif,/content/spacenet_data/AOI_3_Paris_Train/geojson/buildings/buildings_AOI_3_Paris_img1030.geojson,650,650,0,0.0,0,train
img624,/content/spacenet_data/AOI_3_Paris_Train/RGB-PanSharpen/RGB-PanSharpen_AOI_3_Paris_img624.tif,/content/spacenet_data/AOI_3_Paris_Train/geojson/buildings/buildings_AOI_3_Paris_img624.geojson,650,650,0,0.0,0,train
img1462,/content/spacenet_data/AOI_3_Paris_Train/RGB-PanSharpen/RGB-PanSharpen_AOI_3_Paris_img1462.tif,/content/spacenet_data/AOI_3_Paris_Train/geojson/buildings/buildings_AOI_3_Paris_img1462.geojson,650,650,52221,12.36,1,train
img1906,/content/spacenet_data/AOI_3_Paris_Train/RGB-PanSharpen/RGB-PanSharpen_AOI_3_Paris_img1906.tif,/content/spacenet_data/AOI_3_Paris_Train/geojson/buildings/buildings_AOI_3_Paris_img1906.geojson,650,650,29737,7.038343195266272,1,train
img52,/content/spacenet_data/AOI_3_Paris_Train/RGB-PanSharpen/RGB-PanSharpen_AOI_3_Paris_img52.tif,/content/spacenet_data/AOI_3_Paris_Train/geojson/buildings/buildings_AOI_3_Paris_img52.geojson,650,650,0,0.0,0,train
img750,/content/spacenet_data/AOI_3_Paris_Train/RGB-PanSharpen/RGB-PanSharpen_AOI_3_Paris_img750.tif,/content/spacenet_data/AOI_3_Paris_Train/geojson/buildings/buildings_AOI_3_Paris_img750.geojson,650,650,0,0.0,0,train
img1912,/content/spacenet_data/AOI_3_Paris_Train/RGB-PanSharpen/RGB-PanSharpen_AOI_3_Paris_img1912.tif,/content/spacenet_data/AOI_3_Paris_Train/geojson/buildings/buildings_AOI_3_Paris_img1912.geojson,650,650,0,0.0,0,train
img1616,/content/spacenet_data/AOI_3_Paris_Train/RGB-PanSharpen/RGB-PanSharpen_AOI_3_Paris_img1616.tif,/content/spacenet_data/AOI_3_Paris_Train/geojson/buildings/buildings_AOI_3_Paris_img1616.geojson,650,650,0,0.0,0,train
img1275,/content/spacenet_data/AOI_3_Paris_Train/RGB-PanSharpen/RGB-PanSharpen_AOI_3_Paris_img1275.tif,/content/spacenet_data/AOI_3_Paris_Train/geojson/buildings/buildings_AOI_3_Paris_img1275.geojson,650,650,39732,9.404023668639052,1,train
img462,/content/spacenet_data/AOI_3_Paris_Train/RGB-PanSharpen/RGB-PanSharpen_AOI_3_Paris_img462.tif,/content/spacenet_data/AOI_3_Paris_Train/geojson/buildings/buildings_AOI_3_Paris_img462.geojson,650,650,0,0.0,0,train
img1666,/content/spacenet_data/AOI_3_Paris_Train/RGB-PanSharpen/RGB-PanSharpen_AOI_3_Paris_img1666.tif,/content/spacenet_data/AOI_3_Paris_Train/geojson/buildings/buildings_AOI_3_Paris_img1666.geojson,650,650,0,0.0,0,train
img38,/content/spacenet_data/AOI_3_Paris_Train/RGB-PanSharpen/RGB-PanSharpen_AOI_3_Paris_img38.tif,/content/spacenet_data/AOI_3_Paris_Train/geojson/buildings/buildings_AOI_3_Paris_img38.geojson,650,650,417,0.098698224852071,1,train
img1197,/content/spacenet_data/AOI_3_Paris_Train/RGB-PanSharpen/RGB-PanSharpen_AOI_3_Paris_img1197.tif,/content/spacenet_data/AOI_3_Paris_Train/geojson/buildings/buildings_AOI_3_Paris_img1197.geojson,650,650,0,0.0,0,train
img1396,/content/spacenet_data/AOI_3_Paris_Train/RGB-PanSharpen/RGB-PanSharpen_AOI_3_Paris_img1396.tif,/content/spacenet_data/AOI_3_Paris_Train/geojson/buildings/buildings_AOI_3_Paris_img1396.geojson,650,650,0,0.0,0,train
img723,/content/spacenet_data/AOI_3_Paris_Train/RGB-PanSharpen/RGB-PanSharpen_AOI_3_Paris_img723.tif,/content/spacenet_data/AOI_3_Paris_Train/geojson/buildings/buildings_AOI_3_Paris_img723.geojson,650,650,1782,0.42177514792899407,1,train
img1229,/content/spacenet_data/AOI_3_Paris_Train/RGB-PanSharpen/RGB-PanSharpen_AOI_3_Paris_img1229.tif,/content/spacenet_data/AOI_3_Paris_Train/geojson/buildings/buildings_AOI_3_Paris_img1229.geojson,650,650,51431,12.17301775147929,1,train
img1359,/content/spacenet_data/AOI_3_Paris_Train/RGB-PanSharpen/RGB-PanSharpen_AOI_3_Paris_img1359.tif,/content/spacenet_data/AOI_3_Paris_Train/geojson/buildings/buildings_AOI_3_Paris_img1359.geojson,650,650,84463,19.991242603550297,1,train
img1530,/content/spacenet_data/AOI_3_Paris_Train/RGB-PanSharpen/RGB-PanSharpen_AOI_3_Paris_img1530.tif,/content/spacenet_data/AOI_3_Paris_Train/geojson/buildings/buildings_AOI_3_Paris_img1530.geojson,650,650,0,0.0,0,train
img734,/content/spacenet_data/AOI_3_Paris_Train/RGB-PanSharpen/RGB-PanSharpen_AOI_3_Paris_img734.tif,/content/spacenet_data/AOI_3_Paris_Train/geojson/buildings/buildings_AOI_3_Paris_img734.geojson,650,650,43249,10.23644970414201,1,train
img807,/content/spacenet_data/AOI_3_Paris_Train/RGB-PanSharpen/RGB-PanSharpen_AOI_3_Paris_img807.tif,/content/spacenet_data/AOI_3_Paris_Train/geojson/buildings/buildings_AOI_3_Paris_img807.geojson,650,650,0,0.0,0,train
img678,/content/spacenet_data/AOI_3_Paris_Train/RGB-PanSharpen/RGB-PanSharpen_AOI_3_Paris_img678.tif,/content/spacenet_data/AOI_3_Paris_Train/geojson/buildings/buildings_AOI_3_Paris_img678.geojson,650,650,1803,0.42674556213017756,1,train
img748,/content/spacenet_data/AOI_3_Paris_Train/RGB-PanSharpen/RGB-PanSharpen_AOI_3_Paris_img748.tif,/content/spacenet_data/AOI_3_Paris_Train/geojson/buildings/buildings_AOI_3_Paris_img748.geojson,650,650,22211,5.257041420118344,1,train
img1468,/content/spacenet_data/AOI_3_Paris_Train/RGB-PanSharpen/RGB-PanSharpen_AOI_3_Paris_img1468.tif,/content/spacenet_data/AOI_3_Paris_Train/geojson/buildings/buildings_AOI_3_Paris_img1468.geojson,650,650,3216,0.7611834319526627,1,train
img1185,/content/spacenet_data/AOI_3_Paris_Train/RGB-PanSharpen/RGB-PanSharpen_AOI_3_Paris_img1185.tif,/content/spacenet_data/AOI_3_Paris_Train/geojson/buildings/buildings_AOI_3_Paris_img1185.geojson,650,650,175334,41.499171597633136,1,train
img604,/content/spacenet_data/AOI_3_Paris_Train/RGB-PanSharpen/RGB-PanSharpen_AOI_3_Paris_img604.tif,/content/spacenet_data/AOI_3_Paris_Train/geojson/buildings/buildings_AOI_3_Paris_img604.geojson,650,650,80719,19.105088757396448,1,train
img1833,/content/spacenet_data/AOI_3_Paris_Train/RGB-PanSharpen/RGB-PanSharpen_AOI_3_Paris_img1833.tif,/content/spacenet_data/AOI_3_Paris_Train/geojson/buildings/buildings_AOI_3_Paris_img1833.geojson,650,650,36199,8.567810650887573,1,train
img488,/content/spacenet_data/AOI_3_Paris_Train/RGB-PanSharpen/RGB-PanSharpen_AOI_3_Paris_img488.tif,/content/spacenet_data/AOI_3_Paris_Train/geojson/buildings/buildings_AOI_3_Paris_img488.geojson,650,650,0,0.0,0,train
img1211,/content/spacenet_data/AOI_3_Paris_Train/RGB-PanSharpen/RGB-PanSharpen_AOI_3_Paris_img1211.tif,/content/spacenet_data/AOI_3_Paris_Train/geojson/buildings/buildings_AOI_3_Paris_img1211.geojson,650,650,0,0.0,0,train
img1828,/content/spacenet_data/AOI_3_Paris_Train/RGB-PanSharpen/RGB-PanSharpen_AOI_3_Paris_img1828.tif,/content/spacenet_data/AOI_3_Paris_Train/geojson/buildings/buildings_AOI_3_Paris_img1828.geojson,650,650,130375,30.85798816568047,1,train
img955,/content/spacenet_data/AOI_3_Paris_Train/RGB-PanSharpen/RGB-PanSharpen_AOI_3_Paris_img955.tif,/content/spacenet_data/AOI_3_Paris_Train/geojson/buildings/buildings_AOI_3_Paris_img955.geojson,650,650,60159,14.238816568047339,1,train
img1320,/content/spacenet_data/AOI_3_Paris_Train/RGB-PanSharpen/RGB-PanSharpen_AOI_3_Paris_img1320.tif,/content/spacenet_data/AOI_3_Paris_Train/geojson/buildings/buildings_AOI_3_Paris_img1320.geojson,650,650,13609,3.2210650887573964,1,train
img503,/content/spacenet_data/AOI_3_Paris_Train/RGB-PanSharpen/RGB-PanSharpen_AOI_3_Paris_img503.tif,/content/spacenet_data/AOI_3_Paris_Train/geojson/buildings/buildings_AOI_3_Paris_img503.geojson,650,650,0,0.0,0,train
img637,/content/spacenet_data/AOI_3_Paris_Train/RGB-PanSharpen/RGB-PanSharpen_AOI_3_Paris_img637.tif,/content/spacenet_data/AOI_3_Paris_Train/geojson/buildings/buildings_AOI_3_Paris_img637.geojson,650,650,88810,21.020118343195264,1,train
img1665,/content/spacenet_data/AOI_3_Paris_Train/RGB-PanSharpen/RGB-PanSharpen_AOI_3_Paris_img1665.tif,/content/spacenet_data/AOI_3_Paris_Train/geojson/buildings/buildings_AOI_3_Paris_img1665.geojson,650,650,0,0.0,0,train
img395,/content/spacenet_data/AOI_3_Paris_Train/RGB-PanSharpen/RGB-PanSharpen_AOI_3_Paris_img395.tif,/content/spacenet_data/AOI_3_Paris_Train/geojson/buildings/buildings_AOI_3_Paris_img395.geojson,650,650,0,0.0,0,train
img501,/content/spacenet_data/AOI_3_Paris_Train/RGB-PanSharpen/RGB-PanSharpen_AOI_3_Paris_img501.tif,/content/spacenet_data/AOI_3_Paris_Train/geojson/buildings/buildings_AOI_3_Paris_img501.geojson,650,650,0,0.0,0,train
img1724,/content/spacenet_data/AOI_3_Paris_Train/RGB-PanSharpen/RGB-PanSharpen_AOI_3_Paris_img1724.tif,/content/spacenet_data/AOI_3_Paris_Train/geojson/buildings/buildings_AOI_3_Paris_img1724.geojson,650,650,1845,0.4366863905325443,1,train
img350,/content/spacenet_data/AOI_3_Paris_Train/RGB-PanSharpen/RGB-PanSharpen_AOI_3_Paris_img350.tif,/content/spacenet_data/AOI_3_Paris_Train/geojson/buildings/buildings_AOI_3_Paris_img350.geojson,650,650,0,0.0,0,train
img1856,/content/spacenet_data/AOI_3_Paris_Train/RGB-PanSharpen/RGB-PanSharpen_AOI_3_Paris_img1856.tif,/content/spacenet_data/AOI_3_Paris_Train/geojson/buildings/buildings_AOI_3_Paris_img1856.geojson,650,650,72848,17.24213017751479,1,train
img1143,/content/spacenet_data/AOI_3_Paris_Train/RGB-PanSharpen/RGB-PanSharpen_AOI_3_Paris_img1143.tif,/content/spacenet_data/AOI_3_Paris_Train/geojson/buildings/buildings_AOI_3_Paris_img1143.geojson,650,650,76370,18.075739644970415,1,train
img1416,/content/spacenet_data/AOI_3_Paris_Train/RGB-PanSharpen/RGB-PanSharpen_AOI_3_Paris_img1416.tif,/content/spacenet_data/AOI_3_Paris_Train/geojson/buildings/buildings_AOI_3_Paris_img1416.geojson,650,650,44082,10.433609467455621,1,train
img1723,/content/spacenet_data/AOI_3_Paris_Train/RGB-PanSharpen/RGB-PanSharpen_AOI_3_Paris_img1723.tif,/content/spacenet_data/AOI_3_Paris_Train/geojson/buildings/buildings_AOI_3_Paris_img1723.geojson,650,650,0,0.0,0,train
img1818,/content/spacenet_data/AOI_3_Paris_Train/RGB-PanSharpen/RGB-PanSharpen_AOI_3_Paris_img1818.tif,/content/spacenet_data/AOI_3_Paris_Train/geojson/buildings/buildings_AOI_3_Paris_img1818.geojson,650,650,15136,3.5824852071005915,1,train
img1104,/content/spacenet_data/AOI_3_Paris_Train/RGB-PanSharpen/RGB-PanSharpen_AOI_3_Paris_img1104.tif,/content/spacenet_data/AOI_3_Paris_Train/geojson/buildings/buildings_AOI_3_Paris_img1104.geojson,650,650,16433,3.889467455621302,1,train
img629,/content/spacenet_data/AOI_3_Paris_Train/RGB-PanSharpen/RGB-PanSharpen_AOI_3_Paris_img629.tif,/content/spacenet_data/AOI_3_Paris_Train/geojson/buildings/buildings_AOI_3_Paris_img629.geojson,650,650,8876,2.1008284023668637,1,train
img1175,/content/spacenet_data/AOI_3_Paris_Train/RGB-PanSharpen/RGB-PanSharpen_AOI_3_Paris_img1175.tif,/content/spacenet_data/AOI_3_Paris_Train/geojson/buildings/buildings_AOI_3_Paris_img1175.geojson,650,650,97699,23.124023668639055,1,train
img1309,/content/spacenet_data/AOI_3_Paris_Train/RGB-PanSharpen/RGB-PanSharpen_AOI_3_Paris_img1309.tif,/content/spacenet_data/AOI_3_Paris_Train/geojson/buildings/buildings_AOI_3_Paris_img1309.geojson,650,650,86303,20.42674556213018,1,train
img858,/content/spacenet_data/AOI_3_Paris_Train/RGB-PanSharpen/RGB-PanSharpen_AOI_3_Paris_img858.tif,/content/spacenet_data/AOI_3_Paris_Train/geojson/buildings/buildings_AOI_3_Paris_img858.geojson,650,650,0,0.0,0,train
img692,/content/spacenet_data/AOI_3_Paris_Train/RGB-PanSharpen/RGB-PanSharpen_AOI_3_Paris_img692.tif,/content/spacenet_data/AOI_3_Paris_Train/geojson/buildings/buildings_AOI_3_Paris_img692.geojson,650,650,118487,28.04426035502959,1,train
img1751,/content/spacenet_data/AOI_3_Paris_Train/RGB-PanSharpen/RGB-PanSharpen_AOI_3_Paris_img1751.tif,/content/spacenet_data/AOI_3_Paris_Train/geojson/buildings/buildings_AOI_3_Paris_img1751.geojson,650,650,0,0.0,0,train
img530,/content/spacenet_data/AOI_3_Paris_Train/RGB-PanSharpen/RGB-PanSharpen_AOI_3_Paris_img530.tif,/content/spacenet_data/AOI_3_Paris_Train/geojson/buildings/buildings_AOI_3_Paris_img530.geojson,650,650,0,0.0,0,train
img1573,/content/spacenet_data/AOI_3_Paris_Train/RGB-PanSharpen/RGB-PanSharpen_AOI_3_Paris_img1573.tif,/content/spacenet_data/AOI_3_Paris_Train/geojson/buildings/buildings_AOI_3_Paris_img1573.geojson,650,650,0,0.0,0,train
img1867,/content/spacenet_data/AOI_3_Paris_Train/RGB-PanSharpen/RGB-PanSharpen_AOI_3_Paris_img1867.tif,/content/spacenet_data/AOI_3_Paris_Train/geojson/buildings/buildings_AOI_3_Paris_img1867.geojson,650,650,8755,2.072189349112426,1,train
img277,/content/spacenet_data/AOI_3_Paris_Train/RGB-PanSharpen/RGB-PanSharpen_AOI_3_Paris_img277.tif,/content/spacenet_data/AOI_3_Paris_Train/geojson/buildings/buildings_AOI_3_Paris_img277.geojson,650,650,78407,18.557869822485205,1,train
img545,/content/spacenet_data/AOI_3_Paris_Train/RGB-PanSharpen/RGB-PanSharpen_AOI_3_Paris_img545.tif,/content/spacenet_data/AOI_3_Paris_Train/geojson/buildings/buildings_AOI_3_Paris_img545.geojson,650,650,36771,8.70319526627219,1,train
img1095,/content/spacenet_data/AOI_3_Paris_Train/RGB-PanSharpen/RGB-PanSharpen_AOI_3_Paris_img1095.tif,/content/spacenet_data/AOI_3_Paris_Train/geojson/buildings/buildings_AOI_3_Paris_img1095.geojson,650,650,78912,18.67739644970414,1,train
img699,/content/spacenet_data/AOI_3_Paris_Train/RGB-PanSharpen/RGB-PanSharpen_AOI_3_Paris_img699.tif,/content/spacenet_data/AOI_3_Paris_Train/geojson/buildings/buildings_AOI_3_Paris_img699.geojson,650,650,78936,18.68307692307692,1,train
img1414,/content/spacenet_data/AOI_3_Paris_Train/RGB-PanSharpen/RGB-PanSharpen_AOI_3_Paris_img1414.tif,/content/spacenet_data/AOI_3_Paris_Train/geojson/buildings/buildings_AOI_3_Paris_img1414.geojson,650,650,50336,11.913846153846155,1,train
img713,/content/spacenet_data/AOI_3_Paris_Train/RGB-PanSharpen/RGB-PanSharpen_AOI_3_Paris_img713.tif,/content/spacenet_data/AOI_3_Paris_Train/geojson/buildings/buildings_AOI_3_Paris_img713.geojson,650,650,0,0.0,0,train
img1501,/content/spacenet_data/AOI_3_Paris_Train/RGB-PanSharpen/RGB-PanSharpen_AOI_3_Paris_img1501.tif,/content/spacenet_data/AOI_3_Paris_Train/geojson/buildings/buildings_AOI_3_Paris_img1501.geojson,650,650,85417,20.217041420118342,1,train
img1335,/content/spacenet_data/AOI_3_Paris_Train/RGB-PanSharpen/RGB-PanSharpen_AOI_3_Paris_img1335.tif,/content/spacenet_data/AOI_3_Paris_Train/geojson/buildings/buildings_AOI_3_Paris_img1335.geojson,650,650,0,0.0,0,train
img185,/content/spacenet_data/AOI_3_Paris_Train/RGB-PanSharpen/RGB-PanSharpen_AOI_3_Paris_img185.tif,/content/spacenet_data/AOI_3_Paris_Train/geojson/buildings/buildings_AOI_3_Paris_img185.geojson,650,650,90551,21.432189349112427,1,train
img481,/content/spacenet_data/AOI_3_Paris_Train/RGB-PanSharpen/RGB-PanSharpen_AOI_3_Paris_img481.tif,/content/spacenet_data/AOI_3_Paris_Train/geojson/buildings/buildings_AOI_3_Paris_img481.geojson,650,650,56997,13.490414201183432,1,train
img1074,/content/spacenet_data/AOI_3_Paris_Train/RGB-PanSharpen/RGB-PanSharpen_AOI_3_Paris_img1074.tif,/content/spacenet_data/AOI_3_Paris_Train/geojson/buildings/buildings_AOI_3_Paris_img1074.geojson,650,650,0,0.0,0,train
img630,/content/spacenet_data/AOI_3_Paris_Train/RGB-PanSharpen/RGB-PanSharpen_AOI_3_Paris_img630.tif,/content/spacenet_data/AOI_3_Paris_Train/geojson/buildings/buildings_AOI_3_Paris_img630.geojson,650,650,0,0.0,0,train
img659,/content/spacenet_data/AOI_3_Paris_Train/RGB-PanSharpen/RGB-PanSharpen_AOI_3_Paris_img659.tif,/content/spacenet_data/AOI_3_Paris_Train/geojson/buildings/buildings_AOI_3_Paris_img659.geojson,650,650,21741,5.145798816568047,1,train
img1089,/content/spacenet_data/AOI_3_Paris_Train/RGB-PanSharpen/RGB-PanSharpen_AOI_3_Paris_img1089.tif,/content/spacenet_data/AOI_3_Paris_Train/geojson/buildings/buildings_AOI_3_Paris_img1089.geojson,650,650,56387,13.34603550295858,1,train
img1470,/content/spacenet_data/AOI_3_Paris_Train/RGB-PanSharpen/RGB-PanSharpen_AOI_3_Paris_img1470.tif,/content/spacenet_data/AOI_3_Paris_Train/geojson/buildings/buildings_AOI_3_Paris_img1470.geojson,650,650,0,0.0,0,train
img203,/content/spacenet_data/AOI_3_Paris_Train/RGB-PanSharpen/RGB-PanSharpen_AOI_3_Paris_img203.tif,/content/spacenet_data/AOI_3_Paris_Train/geojson/buildings/buildings_AOI_3_Paris_img203.geojson,650,650,124626,29.49727810650888,1,train
img952,/content/spacenet_data/AOI_3_Paris_Train/RGB-PanSharpen/RGB-PanSharpen_AOI_3_Paris_img952.tif,/content/spacenet_data/AOI_3_Paris_Train/geojson/buildings/buildings_AOI_3_Paris_img952.geojson,650,650,0,0.0,0,train
img460,/content/spacenet_data/AOI_3_Paris_Train/RGB-PanSharpen/RGB-PanSharpen_AOI_3_Paris_img460.tif,/content/spacenet_data/AOI_3_Paris_Train/geojson/buildings/buildings_AOI_3_Paris_img460.geojson,650,650,0,0.0,0,train
img822,/content/spacenet_data/AOI_3_Paris_Train/RGB-PanSharpen/RGB-PanSharpen_AOI_3_Paris_img822.tif,/content/spacenet_data/AOI_3_Paris_Train/geojson/buildings/buildings_AOI_3_Paris_img822.geojson,650,650,35469,8.395029585798817,1,train
img1649,/content/spacenet_data/AOI_3_Paris_Train/RGB-PanSharpen/RGB-PanSharpen_AOI_3_Paris_img1649.tif,/content/spacenet_data/AOI_3_Paris_Train/geojson/buildings/buildings_AOI_3_Paris_img1649.geojson,650,650,55481,13.131597633136094,1,train
img634,/content/spacenet_data/AOI_3_Paris_Train/RGB-PanSharpen/RGB-PanSharpen_AOI_3_Paris_img634.tif,/content/spacenet_data/AOI_3_Paris_Train/geojson/buildings/buildings_AOI_3_Paris_img634.geojson,650,650,5594,1.3240236686390532,1,train
img1240,/content/spacenet_data/AOI_3_Paris_Train/RGB-PanSharpen/RGB-PanSharpen_AOI_3_Paris_img1240.tif,/content/spacenet_data/AOI_3_Paris_Train/geojson/buildings/buildings_AOI_3_Paris_img1240.geojson,650,650,0,0.0,0,train
img1820,/content/spacenet_data/AOI_3_Paris_Train/RGB-PanSharpen/RGB-PanSharpen_AOI_3_Paris_img1820.tif,/content/spacenet_data/AOI_3_Paris_Train/geojson/buildings/buildings_AOI_3_Paris_img1820.geojson,650,650,55321,13.093727810650888,1,train
img1297,/content/spacenet_data/AOI_3_Paris_Train/RGB-PanSharpen/RGB-PanSharpen_AOI_3_Paris_img1297.tif,/content/spacenet_data/AOI_3_Paris_Train/geojson/buildings/buildings_AOI_3_Paris_img1297.geojson,650,650,0,0.0,0,train
img27,/content/spacenet_data/AOI_3_Paris_Train/RGB-PanSharpen/RGB-PanSharpen_AOI_3_Paris_img27.tif,/content/spacenet_data/AOI_3_Paris_Train/geojson/buildings/buildings_AOI_3_Paris_img27.geojson,650,650,62389,14.76662721893491,1,train
img473,/content/spacenet_data/AOI_3_Paris_Train/RGB-PanSharpen/RGB-PanSharpen_AOI_3_Paris_img473.tif,/content/spacenet_data/AOI_3_Paris_Train/geojson/buildings/buildings_AOI_3_Paris_img473.geojson,650,650,34047,8.058461538461538,1,train
img157,/content/spacenet_data/AOI_3_Paris_Train/RGB-PanSharpen/RGB-PanSharpen_AOI_3_Paris_img157.tif,/content/spacenet_data/AOI_3_Paris_Train/geojson/buildings/buildings_AOI_3_Paris_img157.geojson,650,650,53765,12.725443786982249,1,train
img1076,/content/spacenet_data/AOI_3_Paris_Train/RGB-PanSharpen/RGB-PanSharpen_AOI_3_Paris_img1076.tif,/content/spacenet_data/AOI_3_Paris_Train/geojson/buildings/buildings_AOI_3_Paris_img1076.geojson,650,650,0,0.0,0,train
img1103,/content/spacenet_data/AOI_3_Paris_Train/RGB-PanSharpen/RGB-PanSharpen_AOI_3_Paris_img1103.tif,/content/spacenet_data/AOI_3_Paris_Train/geojson/buildings/buildings_AOI_3_Paris_img1103.geojson,650,650,87683,20.75337278106509,1,train
img1488,/content/spacenet_data/AOI_3_Paris_Train/RGB-PanSharpen/RGB-PanSharpen_AOI_3_Paris_img1488.tif,/content/spacenet_data/AOI_3_Paris_Train/geojson/buildings/buildings_AOI_3_Paris_img1488.geojson,650,650,0,0.0,0,train
img1809,/content/spacenet_data/AOI_3_Paris_Train/RGB-PanSharpen/RGB-PanSharpen_AOI_3_Paris_img1809.tif,/content/spacenet_data/AOI_3_Paris_Train/geojson/buildings/buildings_AOI_3_Paris_img1809.geojson,650,650,15656,3.705562130177515,1,train
img211,/content/spacenet_data/AOI_3_Paris_Train/RGB-PanSharpen/RGB-PanSharpen_AOI_3_Paris_img211.tif,/content/spacenet_data/AOI_3_Paris_Train/geojson/buildings/buildings_AOI_3_Paris_img211.geojson,650,650,21530,5.0958579881656805,1,train
img924,/content/spacenet_data/AOI_3_Paris_Train/RGB-PanSharpen/RGB-PanSharpen_AOI_3_Paris_img924.tif,/content/spacenet_data/AOI_3_Paris_Train/geojson/buildings/buildings_AOI_3_Paris_img924.geojson,650,650,28565,6.76094674556213,1,train
img127,/content/spacenet_data/AOI_3_Paris_Train/RGB-PanSharpen/RGB-PanSharpen_AOI_3_Paris_img127.tif,/content/spacenet_data/AOI_3_Paris_Train/geojson/buildings/buildings_AOI_3_Paris_img127.geojson,650,650,18927,4.4797633136094674,1,train
img1893,/content/spacenet_data/AOI_3_Paris_Train/RGB-PanSharpen/RGB-PanSharpen_AOI_3_Paris_img1893.tif,/content/spacenet_data/AOI_3_Paris_Train/geojson/buildings/buildings_AOI_3_Paris_img1893.geojson,650,650,3992,0.9448520710059172,1,train
img1371,/content/spacenet_data/AOI_3_Paris_Train/RGB-PanSharpen/RGB-PanSharpen_AOI_3_Paris_img1371.tif,/content/spacenet_data/AOI_3_Paris_Train/geojson/buildings/buildings_AOI_3_Paris_img1371.geojson,650,650,47011,11.126863905325443,1,train
img1149,/content/spacenet_data/AOI_3_Paris_Train/RGB-PanSharpen/RGB-PanSharpen_AOI_3_Paris_img1149.tif,/content/spacenet_data/AOI_3_Paris_Train/geojson/buildings/buildings_AOI_3_Paris_img1149.geojson,650,650,20775,4.9171597633136095,1,train
img348,/content/spacenet_data/AOI_3_Paris_Train/RGB-PanSharpen/RGB-PanSharpen_AOI_3_Paris_img348.tif,/content/spacenet_data/AOI_3_Paris_Train/geojson/buildings/buildings_AOI_3_Paris_img348.geojson,650,650,0,0.0,0,train
img132,/content/spacenet_data/AOI_3_Paris_Train/RGB-PanSharpen/RGB-PanSharpen_AOI_3_Paris_img132.tif,/content/spacenet_data/AOI_3_Paris_Train/geojson/buildings/buildings_AOI_3_Paris_img132.geojson,650,650,0,0.0,0,train
img362,/content/spacenet_data/AOI_3_Paris_Train/RGB-PanSharpen/RGB-PanSharpen_AOI_3_Paris_img362.tif,/content/spacenet_data/AOI_3_Paris_Train/geojson/buildings/buildings_AOI_3_Paris_img362.geojson,650,650,23915,5.660355029585799,1,train
img393,/content/spacenet_data/AOI_3_Paris_Train/RGB-PanSharpen/RGB-PanSharpen_AOI_3_Paris_img393.tif,/content/spacenet_data/AOI_3_Paris_Train/geojson/buildings/buildings_AOI_3_Paris_img393.geojson,650,650,0,0.0,0,train
img813,/content/spacenet_data/AOI_3_Paris_Train/RGB-PanSharpen/RGB-PanSharpen_AOI_3_Paris_img813.tif,/content/spacenet_data/AOI_3_Paris_Train/geojson/buildings/buildings_AOI_3_Paris_img813.geojson,650,650,2867,0.6785798816568047,1,train
img1640,/content/spacenet_data/AOI_3_Paris_Train/RGB-PanSharpen/RGB-PanSharpen_AOI_3_Paris_img1640.tif,/content/spacenet_data/AOI_3_Paris_Train/geojson/buildings/buildings_AOI_3_Paris_img1640.geojson,650,650,87227,20.64544378698225,1,train
img1176,/content/spacenet_data/AOI_3_Paris_Train/RGB-PanSharpen/RGB-PanSharpen_AOI_3_Paris_img1176.tif,/content/spacenet_data/AOI_3_Paris_Train/geojson/buildings/buildings_AOI_3_Paris_img1176.geojson,650,650,63894,15.122840236686391,1,train
img5,/content/spacenet_data/AOI_3_Paris_Train/RGB-PanSharpen/RGB-PanSharpen_AOI_3_Paris_img5.tif,/content/spacenet_data/AOI_3_Paris_Train/geojson/buildings/buildings_AOI_3_Paris_img5.geojson,650,650,0,0.0,0,train
img537,/content/spacenet_data/AOI_3_Paris_Train/RGB-PanSharpen/RGB-PanSharpen_AOI_3_Paris_img537.tif,/content/spacenet_data/AOI_3_Paris_Train/geojson/buildings/buildings_AOI_3_Paris_img537.geojson,650,650,0,0.0,0,train
img1059,/content/spacenet_data/AOI_3_Paris_Train/RGB-PanSharpen/RGB-PanSharpen_AOI_3_Paris_img1059.tif,/content/spacenet_data/AOI_3_Paris_Train/geojson/buildings/buildings_AOI_3_Paris_img1059.geojson,650,650,84363,19.96757396449704,1,train
img1632,/content/spacenet_data/AOI_3_Paris_Train/RGB-PanSharpen/RGB-PanSharpen_AOI_3_Paris_img1632.tif,/content/spacenet_data/AOI_3_Paris_Train/geojson/buildings/buildings_AOI_3_Paris_img1632.geojson,650,650,0,0.0,0,train
img124,/content/spacenet_data/AOI_3_Paris_Train/RGB-PanSharpen/RGB-PanSharpen_AOI_3_Paris_img124.tif,/content/spacenet_data/AOI_3_Paris_Train/geojson/buildings/buildings_AOI_3_Paris_img124.geojson,650,650,59305,14.036686390532543,1,train
img1402,/content/spacenet_data/AOI_3_Paris_Train/RGB-PanSharpen/RGB-PanSharpen_AOI_3_Paris_img1402.tif,/content/spacenet_data/AOI_3_Paris_Train/geojson/buildings/buildings_AOI_3_Paris_img1402.geojson,650,650,98654,23.350059171597636,1,train
img1326,/content/spacenet_data/AOI_3_Paris_Train/RGB-PanSharpen/RGB-PanSharpen_AOI_3_Paris_img1326.tif,/content/spacenet_data/AOI_3_Paris_Train/geojson/buildings/buildings_AOI_3_Paris_img1326.geojson,650,650,12334,2.9192899408284023,1,train
img577,/content/spacenet_data/AOI_3_Paris_Train/RGB-PanSharpen/RGB-PanSharpen_AOI_3_Paris_img577.tif,/content/spacenet_data/AOI_3_Paris_Train/geojson/buildings/buildings_AOI_3_Paris_img577.geojson,650,650,0,0.0,0,train
img1570,/content/spacenet_data/AOI_3_Paris_Train/RGB-PanSharpen/RGB-PanSharpen_AOI_3_Paris_img1570.tif,/content/spacenet_data/AOI_3_Paris_Train/geojson/buildings/buildings_AOI_3_Paris_img1570.geojson,650,650,0,0.0,0,train
img86,/content/spacenet_data/AOI_3_Paris_Train/RGB-PanSharpen/RGB-PanSharpen_AOI_3_Paris_img86.tif,/content/spacenet_data/AOI_3_Paris_Train/geojson/buildings/buildings_AOI_3_Paris_img86.geojson,650,650,71050,16.816568047337277,1,train
img1434,/content/spacenet_data/AOI_3_Paris_Train/RGB-PanSharpen/RGB-PanSharpen_AOI_3_Paris_img1434.tif,/content/spacenet_data/AOI_3_Paris_Train/geojson/buildings/buildings_AOI_3_Paris_img1434.geojson,650,650,0,0.0,0,train
img20,/content/spacenet_data/AOI_3_Paris_Train/RGB-PanSharpen/RGB-PanSharpen_AOI_3_Paris_img20.tif,/content/spacenet_data/AOI_3_Paris_Train/geojson/buildings/buildings_AOI_3_Paris_img20.geojson,650,650,5241,1.240473372781065,1,train
img1422,/content/spacenet_data/AOI_3_Paris_Train/RGB-PanSharpen/RGB-PanSharpen_AOI_3_Paris_img1422.tif,/content/spacenet_data/AOI_3_Paris_Train/geojson/buildings/buildings_AOI_3_Paris_img1422.geojson,650,650,0,0.0,0,train
img423,/content/spacenet_data/AOI_3_Paris_Train/RGB-PanSharpen/RGB-PanSharpen_AOI_3_Paris_img423.tif,/content/spacenet_data/AOI_3_Paris_Train/geojson/buildings/buildings_AOI_3_Paris_img423.geojson,650,650,0,0.0,0,train
img377,/content/spacenet_data/AOI_3_Paris_Train/RGB-PanSharpen/RGB-PanSharpen_AOI_3_Paris_img377.tif,/content/spacenet_data/AOI_3_Paris_Train/geojson/buildings/buildings_AOI_3_Paris_img377.geojson,650,650,0,0.0,0,train
img102,/content/spacenet_data/AOI_3_Paris_Train/RGB-PanSharpen/RGB-PanSharpen_AOI_3_Paris_img102.tif,/content/spacenet_data/AOI_3_Paris_Train/geojson/buildings/buildings_AOI_3_Paris_img102.geojson,650,650,87454,20.699171597633136,1,train
img540,/content/spacenet_data/AOI_3_Paris_Train/RGB-PanSharpen/RGB-PanSharpen_AOI_3_Paris_img540.tif,/content/spacenet_data/AOI_3_Paris_Train/geojson/buildings/buildings_AOI_3_Paris_img540.geojson,650,650,0,0.0,0,train
img173,/content/spacenet_data/AOI_3_Paris_Train/RGB-PanSharpen/RGB-PanSharpen_AOI_3_Paris_img173.tif,/content/spacenet_data/AOI_3_Paris_Train/geojson/buildings/buildings_AOI_3_Paris_img173.geojson,650,650,60311,14.274792899408284,1,train
img1045,/content/spacenet_data/AOI_3_Paris_Train/RGB-PanSharpen/RGB-PanSharpen_AOI_3_Paris_img1045.tif,/content/spacenet_data/AOI_3_Paris_Train/geojson/buildings/buildings_AOI_3_Paris_img1045.geojson,650,650,62007,14.67621301775148,1,train
img685,/content/spacenet_data/AOI_3_Paris_Train/RGB-PanSharpen/RGB-PanSharpen_AOI_3_Paris_img685.tif,/content/spacenet_data/AOI_3_Paris_Train/geojson/buildings/buildings_AOI_3_Paris_img685.geojson,650,650,83011,19.64757396449704,1,train
img1455,/content/spacenet_data/AOI_3_Paris_Train/RGB-PanSharpen/RGB-PanSharpen_AOI_3_Paris_img1455.tif,/content/spacenet_data/AOI_3_Paris_Train/geojson/buildings/buildings_AOI_3_Paris_img1455.geojson,650,650,47859,11.327573964497041,1,train
img411,/content/spacenet_data/AOI_3_Paris_Train/RGB-PanSharpen/RGB-PanSharpen_AOI_3_Paris_img411.tif,/content/spacenet_data/AOI_3_Paris_Train/geojson/buildings/buildings_AOI_3_Paris_img411.geojson,650,650,71912,17.020591715976334,1,train
img1796,/content/spacenet_data/AOI_3_Paris_Train/RGB-PanSharpen/RGB-PanSharpen_AOI_3_Paris_img1796.tif,/content/spacenet_data/AOI_3_Paris_Train/geojson/buildings/buildings_AOI_3_Paris_img1796.geojson,650,650,9528,2.2551479289940826,1,train
img725,/content/spacenet_data/AOI_3_Paris_Train/RGB-PanSharpen/RGB-PanSharpen_AOI_3_Paris_img725.tif,/content/spacenet_data/AOI_3_Paris_Train/geojson/buildings/buildings_AOI_3_Paris_img725.geojson,650,650,93257,22.07266272189349,1,train
img164,/content/spacenet_data/AOI_3_Paris_Train/RGB-PanSharpen/RGB-PanSharpen_AOI_3_Paris_img164.tif,/content/spacenet_data/AOI_3_Paris_Train/geojson/buildings/buildings_AOI_3_Paris_img164.geojson,650,650,64427,15.248994082840236,1,train
img961,/content/spacenet_data/AOI_3_Paris_Train/RGB-PanSharpen/RGB-PanSharpen_AOI_3_Paris_img961.tif,/content/spacenet_data/AOI_3_Paris_Train/geojson/buildings/buildings_AOI_3_Paris_img961.geojson,650,650,71832,17.001656804733727,1,train
img466,/content/spacenet_data/AOI_3_Paris_Train/RGB-PanSharpen/RGB-PanSharpen_AOI_3_Paris_img466.tif,/content/spacenet_data/AOI_3_Paris_Train/geojson/buildings/buildings_AOI_3_Paris_img466.geojson,650,650,0,0.0,0,train
img1436,/content/spacenet_data/AOI_3_Paris_Train/RGB-PanSharpen/RGB-PanSharpen_AOI_3_Paris_img1436.tif,/content/spacenet_data/AOI_3_Paris_Train/geojson/buildings/buildings_AOI_3_Paris_img1436.geojson,650,650,0,0.0,0,train
img1489,/content/spacenet_data/AOI_3_Paris_Train/RGB-PanSharpen/RGB-PanSharpen_AOI_3_Paris_img1489.tif,/content/spacenet_data/AOI_3_Paris_Train/geojson/buildings/buildings_AOI_3_Paris_img1489.geojson,650,650,0,0.0,0,train
img1189,/content/spacenet_data/AOI_3_Paris_Train/RGB-PanSharpen/RGB-PanSharpen_AOI_3_Paris_img1189.tif,/content/spacenet_data/AOI_3_Paris_Train/geojson/buildings/buildings_AOI_3_Paris_img1189.geojson,650,650,34300,8.118343195266272,1,train
img595,/content/spacenet_data/AOI_3_Paris_Train/RGB-PanSharpen/RGB-PanSharpen_AOI_3_Paris_img595.tif,/content/spacenet_data/AOI_3_Paris_Train/geojson/buildings/buildings_AOI_3_Paris_img595.geojson,650,650,76946,18.21207100591716,1,train
img669,/content/spacenet_data/AOI_3_Paris_Train/RGB-PanSharpen/RGB-PanSharpen_AOI_3_Paris_img669.tif,/content/spacenet_data/AOI_3_Paris_Train/geojson/buildings/buildings_AOI_3_Paris_img669.geojson,650,650,0,0.0,0,train
img269,/content/spacenet_data/AOI_3_Paris_Train/RGB-PanSharpen/RGB-PanSharpen_AOI_3_Paris_img269.tif,/content/spacenet_data/AOI_3_Paris_Train/geojson/buildings/buildings_AOI_3_Paris_img269.geojson,650,650,0,0.0,0,train
img785,/content/spacenet_data/AOI_3_Paris_Train/RGB-PanSharpen/RGB-PanSharpen_AOI_3_Paris_img785.tif,/content/spacenet_data/AOI_3_Paris_Train/geojson/buildings/buildings_AOI_3_Paris_img785.geojson,650,650,92152,21.81112426035503,1,train
img727,/content/spacenet_data/AOI_3_Paris_Train/RGB-PanSharpen/RGB-PanSharpen_AOI_3_Paris_img727.tif,/content/spacenet_data/AOI_3_Paris_Train/geojson/buildings/buildings_AOI_3_Paris_img727.geojson,650,650,54584,12.919289940828401,1,train
img471,/content/spacenet_data/AOI_3_Paris_Train/RGB-PanSharpen/RGB-PanSharpen_AOI_3_Paris_img471.tif,/content/spacenet_data/AOI_3_Paris_Train/geojson/buildings/buildings_AOI_3_Paris_img471.geojson,650,650,93111,22.03810650887574,1,train
img1105,/content/spacenet_data/AOI_3_Paris_Train/RGB-PanSharpen/RGB-PanSharpen_AOI_3_Paris_img1105.tif,/content/spacenet_data/AOI_3_Paris_Train/geojson/buildings/buildings_AOI_3_Paris_img1105.geojson,650,650,0,0.0,0,train
img1123,/content/spacenet_data/AOI_3_Paris_Train/RGB-PanSharpen/RGB-PanSharpen_AOI_3_Paris_img1123.tif,/content/spacenet_data/AOI_3_Paris_Train/geojson/buildings/buildings_AOI_3_Paris_img1123.geojson,650,650,0,0.0,0,train
img805,/content/spacenet_data/AOI_3_Paris_Train/RGB-PanSharpen/RGB-PanSharpen_AOI_3_Paris_img805.tif,/content/spacenet_data/AOI_3_Paris_Train/geojson/buildings/buildings_AOI_3_Paris_img805.geojson,650,650,0,0.0,0,train
img533,/content/spacenet_data/AOI_3_Paris_Train/RGB-PanSharpen/RGB-PanSharpen_AOI_3_Paris_img533.tif,/content/spacenet_data/AOI_3_Paris_Train/geojson/buildings/buildings_AOI_3_Paris_img533.geojson,650,650,0,0.0,0,train
img1452,/content/spacenet_data/AOI_3_Paris_Train/RGB-PanSharpen/RGB-PanSharpen_AOI_3_Paris_img1452.tif,/content/spacenet_data/AOI_3_Paris_Train/geojson/buildings/buildings_AOI_3_Paris_img1452.geojson,650,650,64030,15.155029585798815,1,train
img189,/content/spacenet_data/AOI_3_Paris_Train/RGB-PanSharpen/RGB-PanSharpen_AOI_3_Paris_img189.tif,/content/spacenet_data/AOI_3_Paris_Train/geojson/buildings/buildings_AOI_3_Paris_img189.geojson,650,650,79812,18.890414201183432,1,train
img1443,/content/spacenet_data/AOI_3_Paris_Train/RGB-PanSharpen/RGB-PanSharpen_AOI_3_Paris_img1443.tif,/content/spacenet_data/AOI_3_Paris_Train/geojson/buildings/buildings_AOI_3_Paris_img1443.geojson,650,650,0,0.0,0,train
img208,/content/spacenet_data/AOI_3_Paris_Train/RGB-PanSharpen/RGB-PanSharpen_AOI_3_Paris_img208.tif,/content/spacenet_data/AOI_3_Paris_Train/geojson/buildings/buildings_AOI_3_Paris_img208.geojson,650,650,2330,0.5514792899408284,1,train
img882,/content/spacenet_data/AOI_3_Paris_Train/RGB-PanSharpen/RGB-PanSharpen_AOI_3_Paris_img882.tif,/content/spacenet_data/AOI_3_Paris_Train/geojson/buildings/buildings_AOI_3_Paris_img882.geojson,650,650,0,0.0,0,train
img599,/content/spacenet_data/AOI_3_Paris_Train/RGB-PanSharpen/RGB-PanSharpen_AOI_3_Paris_img599.tif,/content/spacenet_data/AOI_3_Paris_Train/geojson/buildings/buildings_AOI_3_Paris_img599.geojson,650,650,46993,11.122603550295858,1,train
img720,/content/spacenet_data/AOI_3_Paris_Train/RGB-PanSharpen/RGB-PanSharpen_AOI_3_Paris_img720.tif,/content/spacenet_data/AOI_3_Paris_Train/geojson/buildings/buildings_AOI_3_Paris_img720.geojson,650,650,15517,3.672662721893491,1,train
img359,/content/spacenet_data/AOI_3_Paris_Train/RGB-PanSharpen/RGB-PanSharpen_AOI_3_Paris_img359.tif,/content/spacenet_data/AOI_3_Paris_Train/geojson/buildings/buildings_AOI_3_Paris_img359.geojson,650,650,84342,19.962603550295857,1,train
img654,/content/spacenet_data/AOI_3_Paris_Train/RGB-PanSharpen/RGB-PanSharpen_AOI_3_Paris_img654.tif,/content/spacenet_data/AOI_3_Paris_Train/geojson/buildings/buildings_AOI_3_Paris_img654.geojson,650,650,96678,22.882366863905325,1,train
img948,/content/spacenet_data/AOI_3_Paris_Train/RGB-PanSharpen/RGB-PanSharpen_AOI_3_Paris_img948.tif,/content/spacenet_data/AOI_3_Paris_Train/geojson/buildings/buildings_AOI_3_Paris_img948.geojson,650,650,0,0.0,0,train
img1007,/content/spacenet_data/AOI_3_Paris_Train/RGB-PanSharpen/RGB-PanSharpen_AOI_3_Paris_img1007.tif,/content/spacenet_data/AOI_3_Paris_Train/geojson/buildings/buildings_AOI_3_Paris_img1007.geojson,650,650,71984,17.037633136094673,1,train
img1608,/content/spacenet_data/AOI_3_Paris_Train/RGB-PanSharpen/RGB-PanSharpen_AOI_3_Paris_img1608.tif,/content/spacenet_data/AOI_3_Paris_Train/geojson/buildings/buildings_AOI_3_Paris_img1608.geojson,650,650,50261,11.896094674556213,1,train
img425,/content/spacenet_data/AOI_3_Paris_Train/RGB-PanSharpen/RGB-PanSharpen_AOI_3_Paris_img425.tif,/content/spacenet_data/AOI_3_Paris_Train/geojson/buildings/buildings_AOI_3_Paris_img425.geojson,650,650,0,0.0,0,train
img1685,/content/spacenet_data/AOI_3_Paris_Train/RGB-PanSharpen/RGB-PanSharpen_AOI_3_Paris_img1685.tif,/content/spacenet_data/AOI_3_Paris_Train/geojson/buildings/buildings_AOI_3_Paris_img1685.geojson,650,650,92915,21.99171597633136,1,train
img1433,/content/spacenet_data/AOI_3_Paris_Train/RGB-PanSharpen/RGB-PanSharpen_AOI_3_Paris_img1433.tif,/content/spacenet_data/AOI_3_Paris_Train/geojson/buildings/buildings_AOI_3_Paris_img1433.geojson,650,650,0,0.0,0,train
img1120,/content/spacenet_data/AOI_3_Paris_Train/RGB-PanSharpen/RGB-PanSharpen_AOI_3_Paris_img1120.tif,/content/spacenet_data/AOI_3_Paris_Train/geojson/buildings/buildings_AOI_3_Paris_img1120.geojson,650,650,0,0.0,0,train
img1536,/content/spacenet_data/AOI_3_Paris_Train/RGB-PanSharpen/RGB-PanSharpen_AOI_3_Paris_img1536.tif,/content/spacenet_data/AOI_3_Paris_Train/geojson/buildings/buildings_AOI_3_Paris_img1536.geojson,650,650,0,0.0,0,train
img484,/content/spacenet_data/AOI_3_Paris_Train/RGB-PanSharpen/RGB-PanSharpen_AOI_3_Paris_img484.tif,/content/spacenet_data/AOI_3_Paris_Train/geojson/buildings/buildings_AOI_3_Paris_img484.geojson,650,650,104587,24.75431952662722,1,train
img282,/content/spacenet_data/AOI_3_Paris_Train/RGB-PanSharpen/RGB-PanSharpen_AOI_3_Paris_img282.tif,/content/spacenet_data/AOI_3_Paris_Train/geojson/buildings/buildings_AOI_3_Paris_img282.geojson,650,650,30919,7.318106508875739,1,train
img1336,/content/spacenet_data/AOI_3_Paris_Train/RGB-PanSharpen/RGB-PanSharpen_AOI_3_Paris_img1336.tif,/content/spacenet_data/AOI_3_Paris_Train/geojson/buildings/buildings_AOI_3_Paris_img1336.geojson,650,650,0,0.0,0,train
img1277,/content/spacenet_data/AOI_3_Paris_Train/RGB-PanSharpen/RGB-PanSharpen_AOI_3_Paris_img1277.tif,/content/spacenet_data/AOI_3_Paris_Train/geojson/buildings/buildings_AOI_3_Paris_img1277.geojson,650,650,40777,9.651360946745562,1,train
img1693,/content/spacenet_data/AOI_3_Paris_Train/RGB-PanSharpen/RGB-PanSharpen_AOI_3_Paris_img1693.tif,/content/spacenet_data/AOI_3_Paris_Train/geojson/buildings/buildings_AOI_3_Paris_img1693.geojson,650,650,94688,22.41136094674556,1,train
img1008,/content/spacenet_data/AOI_3_Paris_Train/RGB-PanSharpen/RGB-PanSharpen_AOI_3_Paris_img1008.tif,/content/spacenet_data/AOI_3_Paris_Train/geojson/buildings/buildings_AOI_3_Paris_img1008.geojson,650,650,43269,10.241183431952662,1,train
img1463,/content/spacenet_data/AOI_3_Paris_Train/RGB-PanSharpen/RGB-PanSharpen_AOI_3_Paris_img1463.tif,/content/spacenet_data/AOI_3_Paris_Train/geojson/buildings/buildings_AOI_3_Paris_img1463.geojson,650,650,73144,17.312189349112426,1,train
img1740,/content/spacenet_data/AOI_3_Paris_Train/RGB-PanSharpen/RGB-PanSharpen_AOI_3_Paris_img1740.tif,/content/spacenet_data/AOI_3_Paris_Train/geojson/buildings/buildings_AOI_3_Paris_img1740.geojson,650,650,54565,12.914792899408283,1,train
img250,/content/spacenet_data/AOI_3_Paris_Train/RGB-PanSharpen/RGB-PanSharpen_AOI_3_Paris_img250.tif,/content/spacenet_data/AOI_3_Paris_Train/geojson/buildings/buildings_AOI_3_Paris_img250.geojson,650,650,75908,17.96639053254438,1,train
img670,/content/spacenet_data/AOI_3_Paris_Train/RGB-PanSharpen/RGB-PanSharpen_AOI_3_Paris_img670.tif,/content/spacenet_data/AOI_3_Paris_Train/geojson/buildings/buildings_AOI_3_Paris_img670.geojson,650,650,0,0.0,0,train
img819,/content/spacenet_data/AOI_3_Paris_Train/RGB-PanSharpen/RGB-PanSharpen_AOI_3_Paris_img819.tif,/content/spacenet_data/AOI_3_Paris_Train/geojson/buildings/buildings_AOI_3_Paris_img819.geojson,650,650,113074,26.763076923076923,1,train
img1654,/content/spacenet_data/AOI_3_Paris_Train/RGB-PanSharpen/RGB-PanSharpen_AOI_3_Paris_img1654.tif,/content/spacenet_data/AOI_3_Paris_Train/geojson/buildings/buildings_AOI_3_Paris_img1654.geojson,650,650,43800,10.366863905325443,1,train
img1499,/content/spacenet_data/AOI_3_Paris_Train/RGB-PanSharpen/RGB-PanSharpen_AOI_3_Paris_img1499.tif,/content/spacenet_data/AOI_3_Paris_Train/geojson/buildings/buildings_AOI_3_Paris_img1499.geojson,650,650,63836,15.109112426035503,1,train
img532,/content/spacenet_data/AOI_3_Paris_Train/RGB-PanSharpen/RGB-PanSharpen_AOI_3_Paris_img532.tif,/content/spacenet_data/AOI_3_Paris_Train/geojson/buildings/buildings_AOI_3_Paris_img532.geojson,650,650,0,0.0,0,train
img1907,/content/spacenet_data/AOI_3_Paris_Train/RGB-PanSharpen/RGB-PanSharpen_AOI_3_Paris_img1907.tif,/content/spacenet_data/AOI_3_Paris_Train/geojson/buildings/buildings_AOI_3_Paris_img1907.geojson,650,650,2836,0.6712426035502959,1,train
img335,/content/spacenet_data/AOI_3_Paris_Train/RGB-PanSharpen/RGB-PanSharpen_AOI_3_Paris_img335.tif,/content/spacenet_data/AOI_3_Paris_Train/geojson/buildings/buildings_AOI_3_Paris_img335.geojson,650,650,37210,8.807100591715976,1,train
img1840,/content/spacenet_data/AOI_3_Paris_Train/RGB-PanSharpen/RGB-PanSharpen_AOI_3_Paris_img1840.tif,/content/spacenet_data/AOI_3_Paris_Train/geojson/buildings/buildings_AOI_3_Paris_img1840.geojson,650,650,0,0.0,0,train
img1312,/content/spacenet_data/AOI_3_Paris_Train/RGB-PanSharpen/RGB-PanSharpen_AOI_3_Paris_img1312.tif,/content/spacenet_data/AOI_3_Paris_Train/geojson/buildings/buildings_AOI_3_Paris_img1312.geojson,650,650,102795,24.3301775147929,1,train
img804,/content/spacenet_data/AOI_3_Paris_Train/RGB-PanSharpen/RGB-PanSharpen_AOI_3_Paris_img804.tif,/content/spacenet_data/AOI_3_Paris_Train/geojson/buildings/buildings_AOI_3_Paris_img804.geojson,650,650,0,0.0,0,train
img183,/content/spacenet_data/AOI_3_Paris_Train/RGB-PanSharpen/RGB-PanSharpen_AOI_3_Paris_img183.tif,/content/spacenet_data/AOI_3_Paris_Train/geojson/buildings/buildings_AOI_3_Paris_img183.geojson,650,650,72229,17.09562130177515,1,train
img412,/content/spacenet_data/AOI_3_Paris_Train/RGB-PanSharpen/RGB-PanSharpen_AOI_3_Paris_img412.tif,/content/spacenet_data/AOI_3_Paris_Train/geojson/buildings/buildings_AOI_3_Paris_img412.geojson,650,650,61505,14.557396449704141,1,train
img580,/content/spacenet_data/AOI_3_Paris_Train/RGB-PanSharpen/RGB-PanSharpen_AOI_3_Paris_img580.tif,/content/spacenet_data/AOI_3_Paris_Train/geojson/buildings/buildings_AOI_3_Paris_img580.geojson,650,650,0,0.0,0,train
img378,/content/spacenet_data/AOI_3_Paris_Train/RGB-PanSharpen/RGB-PanSharpen_AOI_3_Paris_img378.tif,/content/spacenet_data/AOI_3_Paris_Train/geojson/buildings/buildings_AOI_3_Paris_img378.geojson,650,650,0,0.0,0,train
img1285,/content/spacenet_data/AOI_3_Paris_Train/RGB-PanSharpen/RGB-PanSharpen_AOI_3_Paris_img1285.tif,/content/spacenet_data/AOI_3_Paris_Train/geojson/buildings/buildings_AOI_3_Paris_img1285.geojson,650,650,0,0.0,0,train
img1593,/content/spacenet_data/AOI_3_Paris_Train/RGB-PanSharpen/RGB-PanSharpen_AOI_3_Paris_img1593.tif,/content/spacenet_data/AOI_3_Paris_Train/geojson/buildings/buildings_AOI_3_Paris_img1593.geojson,650,650,98090,23.216568047337276,1,train
img181,/content/spacenet_data/AOI_3_Paris_Train/RGB-PanSharpen/RGB-PanSharpen_AOI_3_Paris_img181.tif,/content/spacenet_data/AOI_3_Paris_Train/geojson/buildings/buildings_AOI_3_Paris_img181.geojson,650,650,7376,1.7457988165680474,1,train
img1141,/content/spacenet_data/AOI_3_Paris_Train/RGB-PanSharpen/RGB-PanSharpen_AOI_3_Paris_img1141.tif,/content/spacenet_data/AOI_3_Paris_Train/geojson/buildings/buildings_AOI_3_Paris_img1141.geojson,650,650,97014,22.96189349112426,1,train
img1429,/content/spacenet_data/AOI_3_Paris_Train/RGB-PanSharpen/RGB-PanSharpen_AOI_3_Paris_img1429.tif,/content/spacenet_data/AOI_3_Paris_Train/geojson/buildings/buildings_AOI_3_Paris_img1429.geojson,650,650,0,0.0,0,train
img1795,/content/spacenet_data/AOI_3_Paris_Train/RGB-PanSharpen/RGB-PanSharpen_AOI_3_Paris_img1795.tif,/content/spacenet_data/AOI_3_Paris_Train/geojson/buildings/buildings_AOI_3_Paris_img1795.geojson,650,650,0,0.0,0,train
img368,/content/spacenet_data/AOI_3_Paris_Train/RGB-PanSharpen/RGB-PanSharpen_AOI_3_Paris_img368.tif,/content/spacenet_data/AOI_3_Paris_Train/geojson/buildings/buildings_AOI_3_Paris_img368.geojson,650,650,0,0.0,0,train
img1472,/content/spacenet_data/AOI_3_Paris_Train/RGB-PanSharpen/RGB-PanSharpen_AOI_3_Paris_img1472.tif,/content/spacenet_data/AOI_3_Paris_Train/geojson/buildings/buildings_AOI_3_Paris_img1472.geojson,650,650,0,0.0,0,train
img321,/content/spacenet_data/AOI_3_Paris_Train/RGB-PanSharpen/RGB-PanSharpen_AOI_3_Paris_img321.tif,/content/spacenet_data/AOI_3_Paris_Train/geojson/buildings/buildings_AOI_3_Paris_img321.geojson,650,650,0,0.0,0,train
img49,/content/spacenet_data/AOI_3_Paris_Train/RGB-PanSharpen/RGB-PanSharpen_AOI_3_Paris_img49.tif,/content/spacenet_data/AOI_3_Paris_Train/geojson/buildings/buildings_AOI_3_Paris_img49.geojson,650,650,0,0.0,0,train
img451,/content/spacenet_data/AOI_3_Paris_Train/RGB-PanSharpen/RGB-PanSharpen_AOI_3_Paris_img451.tif,/content/spacenet_data/AOI_3_Paris_Train/geojson/buildings/buildings_AOI_3_Paris_img451.geojson,650,650,46646,11.040473372781065,1,train
img1394,/content/spacenet_data/AOI_3_Paris_Train/RGB-PanSharpen/RGB-PanSharpen_AOI_3_Paris_img1394.tif,/content/spacenet_data/AOI_3_Paris_Train/geojson/buildings/buildings_AOI_3_Paris_img1394.geojson,650,650,0,0.0,0,train
img151,/content/spacenet_data/AOI_3_Paris_Train/RGB-PanSharpen/RGB-PanSharpen_AOI_3_Paris_img151.tif,/content/spacenet_data/AOI_3_Paris_Train/geojson/buildings/buildings_AOI_3_Paris_img151.geojson,650,650,69176,16.373017751479292,1,train
img1515,/content/spacenet_data/AOI_3_Paris_Train/RGB-PanSharpen/RGB-PanSharpen_AOI_3_Paris_img1515.tif,/content/spacenet_data/AOI_3_Paris_Train/geojson/buildings/buildings_AOI_3_Paris_img1515.geojson,650,650,0,0.0,0,train
img445,/content/spacenet_data/AOI_3_Paris_Train/RGB-PanSharpen/RGB-PanSharpen_AOI_3_Paris_img445.tif,/content/spacenet_data/AOI_3_Paris_Train/geojson/buildings/buildings_AOI_3_Paris_img445.geojson,650,650,63402,15.006390532544378,1,train
img302,/content/spacenet_data/AOI_3_Paris_Train/RGB-PanSharpen/RGB-PanSharpen_AOI_3_Paris_img302.tif,/content/spacenet_data/AOI_3_Paris_Train/geojson/buildings/buildings_AOI_3_Paris_img302.geojson,650,650,64724,15.319289940828401,1,train
img657,/content/spacenet_data/AOI_3_Paris_Train/RGB-PanSharpen/RGB-PanSharpen_AOI_3_Paris_img657.tif,/content/spacenet_data/AOI_3_Paris_Train/geojson/buildings/buildings_AOI_3_Paris_img657.geojson,650,650,50054,11.847100591715977,1,train
img864,/content/spacenet_data/AOI_3_Paris_Train/RGB-PanSharpen/RGB-PanSharpen_AOI_3_Paris_img864.tif,/content/spacenet_data/AOI_3_Paris_Train/geojson/buildings/buildings_AOI_3_Paris_img864.geojson,650,650,105026,24.858224852071007,1,train
img384,/content/spacenet_data/AOI_3_Paris_Train/RGB-PanSharpen/RGB-PanSharpen_AOI_3_Paris_img384.tif,/content/spacenet_data/AOI_3_Paris_Train/geojson/buildings/buildings_AOI_3_Paris_img384.geojson,650,650,86788,20.54153846153846,1,train
img505,/content/spacenet_data/AOI_3_Paris_Train/RGB-PanSharpen/RGB-PanSharpen_AOI_3_Paris_img505.tif,/content/spacenet_data/AOI_3_Paris_Train/geojson/buildings/buildings_AOI_3_Paris_img505.geojson,650,650,0,0.0,0,train
img1678,/content/spacenet_data/AOI_3_Paris_Train/RGB-PanSharpen/RGB-PanSharpen_AOI_3_Paris_img1678.tif,/content/spacenet_data/AOI_3_Paris_Train/geojson/buildings/buildings_AOI_3_Paris_img1678.geojson,650,650,0,0.0,0,train
img1847,/content/spacenet_data/AOI_3_Paris_Train/RGB-PanSharpen/RGB-PanSharpen_AOI_3_Paris_img1847.tif,/content/spacenet_data/AOI_3_Paris_Train/geojson/buildings/buildings_AOI_3_Paris_img1847.geojson,650,650,0,0.0,0,train
img520,/content/spacenet_data/AOI_3_Paris_Train/RGB-PanSharpen/RGB-PanSharpen_AOI_3_Paris_img520.tif,/content/spacenet_data/AOI_3_Paris_Train/geojson/buildings/buildings_AOI_3_Paris_img520.geojson,650,650,106659,25.244733727810654,1,train
img96,/content/spacenet_data/AOI_3_Paris_Train/RGB-PanSharpen/RGB-PanSharpen_AOI_3_Paris_img96.tif,/content/spacenet_data/AOI_3_Paris_Train/geojson/buildings/buildings_AOI_3_Paris_img96.geojson,650,650,38400,9.088757396449704,1,train
img517,/content/spacenet_data/AOI_3_Paris_Train/RGB-PanSharpen/RGB-PanSharpen_AOI_3_Paris_img517.tif,/content/spacenet_data/AOI_3_Paris_Train/geojson/buildings/buildings_AOI_3_Paris_img517.geojson,650,650,74798,17.703668639053255,1,train
img1397,/content/spacenet_data/AOI_3_Paris_Train/RGB-PanSharpen/RGB-PanSharpen_AOI_3_Paris_img1397.tif,/content/spacenet_data/AOI_3_Paris_Train/geojson/buildings/buildings_AOI_3_Paris_img1397.geojson,650,650,0,0.0,0,train
img1388,/content/spacenet_data/AOI_3_Paris_Train/RGB-PanSharpen/RGB-PanSharpen_AOI_3_Paris_img1388.tif,/content/spacenet_data/AOI_3_Paris_Train/geojson/buildings/buildings_AOI_3_Paris_img1388.geojson,650,650,0,0.0,0,train
img1879,/content/spacenet_data/AOI_3_Paris_Train/RGB-PanSharpen/RGB-PanSharpen_AOI_3_Paris_img1879.tif,/content/spacenet_data/AOI_3_Paris_Train/geojson/buildings/buildings_AOI_3_Paris_img1879.geojson,650,650,97393,23.051597633136094,1,train
img1001,/content/spacenet_data/AOI_3_Paris_Train/RGB-PanSharpen/RGB-PanSharpen_AOI_3_Paris_img1001.tif,/content/spacenet_data/AOI_3_Paris_Train/geojson/buildings/buildings_AOI_3_Paris_img1001.geojson,650,650,80749,19.112189349112427,1,train
img1238,/content/spacenet_data/AOI_3_Paris_Train/RGB-PanSharpen/RGB-PanSharpen_AOI_3_Paris_img1238.tif,/content/spacenet_data/AOI_3_Paris_Train/geojson/buildings/buildings_AOI_3_Paris_img1238.geojson,650,650,0,0.0,0,train
img868,/content/spacenet_data/AOI_3_Paris_Train/RGB-PanSharpen/RGB-PanSharpen_AOI_3_Paris_img868.tif,/content/spacenet_data/AOI_3_Paris_Train/geojson/buildings/buildings_AOI_3_Paris_img868.geojson,650,650,71919,17.022248520710058,1,train
img391,/content/spacenet_data/AOI_3_Paris_Train/RGB-PanSharpen/RGB-PanSharpen_AOI_3_Paris_img391.tif,/content/spacenet_data/AOI_3_Paris_Train/geojson/buildings/buildings_AOI_3_Paris_img391.geojson,650,650,38356,9.078343195266273,1,train
img1050,/content/spacenet_data/AOI_3_Paris_Train/RGB-PanSharpen/RGB-PanSharpen_AOI_3_Paris_img1050.tif,/content/spacenet_data/AOI_3_Paris_Train/geojson/buildings/buildings_AOI_3_Paris_img1050.geojson,650,650,77219,18.276686390532547,1,train
img1647,/content/spacenet_data/AOI_3_Paris_Train/RGB-PanSharpen/RGB-PanSharpen_AOI_3_Paris_img1647.tif,/content/spacenet_data/AOI_3_Paris_Train/geojson/buildings/buildings_AOI_3_Paris_img1647.geojson,650,650,96047,22.733017751479288,1,train
img499,/content/spacenet_data/AOI_3_Paris_Train/RGB-PanSharpen/RGB-PanSharpen_AOI_3_Paris_img499.tif,/content/spacenet_data/AOI_3_Paris_Train/geojson/buildings/buildings_AOI_3_Paris_img499.geojson,650,650,0,0.0,0,train
img1881,/content/spacenet_data/AOI_3_Paris_Train/RGB-PanSharpen/RGB-PanSharpen_AOI_3_Paris_img1881.tif,/content/spacenet_data/AOI_3_Paris_Train/geojson/buildings/buildings_AOI_3_Paris_img1881.geojson,650,650,0,0.0,0,train
img687,/content/spacenet_data/AOI_3_Paris_Train/RGB-PanSharpen/RGB-PanSharpen_AOI_3_Paris_img687.tif,/content/spacenet_data/AOI_3_Paris_Train/geojson/buildings/buildings_AOI_3_Paris_img687.geojson,650,650,40581,9.604970414201183,1,train
img1759,/content/spacenet_data/AOI_3_Paris_Train/RGB-PanSharpen/RGB-PanSharpen_AOI_3_Paris_img1759.tif,/content/spacenet_data/AOI_3_Paris_Train/geojson/buildings/buildings_AOI_3_Paris_img1759.geojson,650,650,0,0.0,0,train
img914,/content/spacenet_data/AOI_3_Paris_Train/RGB-PanSharpen/RGB-PanSharpen_AOI_3_Paris_img914.tif,/content/spacenet_data/AOI_3_Paris_Train/geojson/buildings/buildings_AOI_3_Paris_img914.geojson,650,650,86047,20.366153846153846,1,train
img1586,/content/spacenet_data/AOI_3_Paris_Train/RGB-PanSharpen/RGB-PanSharpen_AOI_3_Paris_img1586.tif,/content/spacenet_data/AOI_3_Paris_Train/geojson/buildings/buildings_AOI_3_Paris_img1586.geojson,650,650,68216,16.145798816568046,1,train
img903,/content/spacenet_data/AOI_3_Paris_Train/RGB-PanSharpen/RGB-PanSharpen_AOI_3_Paris_img903.tif,/content/spacenet_data/AOI_3_Paris_Train/geojson/buildings/buildings_AOI_3_Paris_img903.geojson,650,650,0,0.0,0,train
img370,/content/spacenet_data/AOI_3_Paris_Train/RGB-PanSharpen/RGB-PanSharpen_AOI_3_Paris_img370.tif,/content/spacenet_data/AOI_3_Paris_Train/geojson/buildings/buildings_AOI_3_Paris_img370.geojson,650,650,0,0.0,0,train
img852,/content/spacenet_data/AOI_3_Paris_Train/RGB-PanSharpen/RGB-PanSharpen_AOI_3_Paris_img852.tif,/content/spacenet_data/AOI_3_Paris_Train/geojson/buildings/buildings_AOI_3_Paris_img852.geojson,650,650,0,0.0,0,train
img742,/content/spacenet_data/AOI_3_Paris_Train/RGB-PanSharpen/RGB-PanSharpen_AOI_3_Paris_img742.tif,/content/spacenet_data/AOI_3_Paris_Train/geojson/buildings/buildings_AOI_3_Paris_img742.geojson,650,650,86399,20.4494674556213,1,train
img1060,/content/spacenet_data/AOI_3_Paris_Train/RGB-PanSharpen/RGB-PanSharpen_AOI_3_Paris_img1060.tif,/content/spacenet_data/AOI_3_Paris_Train/geojson/buildings/buildings_AOI_3_Paris_img1060.geojson,650,650,41600,9.846153846153847,1,train
img440,/content/spacenet_data/AOI_3_Paris_Train/RGB-PanSharpen/RGB-PanSharpen_AOI_3_Paris_img440.tif,/content/spacenet_data/AOI_3_Paris_Train/geojson/buildings/buildings_AOI_3_Paris_img440.geojson,650,650,332,0.07857988165680473,1,train
img1805,/content/spacenet_data/AOI_3_Paris_Train/RGB-PanSharpen/RGB-PanSharpen_AOI_3_Paris_img1805.tif,/content/spacenet_data/AOI_3_Paris_Train/geojson/buildings/buildings_AOI_3_Paris_img1805.geojson,650,650,0,0.0,0,train
img338,/content/spacenet_data/AOI_3_Paris_Train/RGB-PanSharpen/RGB-PanSharpen_AOI_3_Paris_img338.tif,/content/spacenet_data/AOI_3_Paris_Train/geojson/buildings/buildings_AOI_3_Paris_img338.geojson,650,650,0,0.0,0,train
img1049,/content/spacenet_data/AOI_3_Paris_Train/RGB-PanSharpen/RGB-PanSharpen_AOI_3_Paris_img1049.tif,/content/spacenet_data/AOI_3_Paris_Train/geojson/buildings/buildings_AOI_3_Paris_img1049.geojson,650,650,75446,17.857041420118343,1,train
img1811,/content/spacenet_data/AOI_3_Paris_Train/RGB-PanSharpen/RGB-PanSharpen_AOI_3_Paris_img1811.tif,/content/spacenet_data/AOI_3_Paris_Train/geojson/buildings/buildings_AOI_3_Paris_img1811.geojson,650,650,0,0.0,0,train
img1644,/content/spacenet_data/AOI_3_Paris_Train/RGB-PanSharpen/RGB-PanSharpen_AOI_3_Paris_img1644.tif,/content/spacenet_data/AOI_3_Paris_Train/geojson/buildings/buildings_AOI_3_Paris_img1644.geojson,650,650,79574,18.83408284023669,1,train
img579,/content/spacenet_data/AOI_3_Paris_Train/RGB-PanSharpen/RGB-PanSharpen_AOI_3_Paris_img579.tif,/content/spacenet_data/AOI_3_Paris_Train/geojson/buildings/buildings_AOI_3_Paris_img579.geojson,650,650,0,0.0,0,train
img966,/content/spacenet_data/AOI_3_Paris_Train/RGB-PanSharpen/RGB-PanSharpen_AOI_3_Paris_img966.tif,/content/spacenet_data/AOI_3_Paris_Train/geojson/buildings/buildings_AOI_3_Paris_img966.geojson,650,650,63807,15.10224852071006,1,train
img1146,/content/spacenet_data/AOI_3_Paris_Train/RGB-PanSharpen/RGB-PanSharpen_AOI_3_Paris_img1146.tif,/content/spacenet_data/AOI_3_Paris_Train/geojson/buildings/buildings_AOI_3_Paris_img1146.geojson,650,650,61026,14.444023668639053,1,train
img665,/content/spacenet_data/AOI_3_Paris_Train/RGB-PanSharpen/RGB-PanSharpen_AOI_3_Paris_img665.tif,/content/spacenet_data/AOI_3_Paris_Train/geojson/buildings/buildings_AOI_3_Paris_img665.geojson,650,650,0,0.0,0,train
img1849,/content/spacenet_data/AOI_3_Paris_Train/RGB-PanSharpen/RGB-PanSharpen_AOI_3_Paris_img1849.tif,/content/spacenet_data/AOI_3_Paris_Train/geojson/buildings/buildings_AOI_3_Paris_img1849.geojson,650,650,0,0.0,0,train
img738,/content/spacenet_data/AOI_3_Paris_Train/RGB-PanSharpen/RGB-PanSharpen_AOI_3_Paris_img738.tif,/content/spacenet_data/AOI_3_Paris_Train/geojson/buildings/buildings_AOI_3_Paris_img738.geojson,650,650,78422,18.561420118343193,1,train
img293,/content/spacenet_data/AOI_3_Paris_Train/RGB-PanSharpen/RGB-PanSharpen_AOI_3_Paris_img293.tif,/content/spacenet_data/AOI_3_Paris_Train/geojson/buildings/buildings_AOI_3_Paris_img293.geojson,650,650,0,0.0,0,train
img354,/content/spacenet_data/AOI_3_Paris_Train/RGB-PanSharpen/RGB-PanSharpen_AOI_3_Paris_img354.tif,/content/spacenet_data/AOI_3_Paris_Train/geojson/buildings/buildings_AOI_3_Paris_img354.geojson,650,650,68883,16.303668639053253,1,train
img1651,/content/spacenet_data/AOI_3_Paris_Train/RGB-PanSharpen/RGB-PanSharpen_AOI_3_Paris_img1651.tif,/content/spacenet_data/AOI_3_Paris_Train/geojson/buildings/buildings_AOI_3_Paris_img1651.geojson,650,650,58535,13.854437869822487,1,train
img1585,/content/spacenet_data/AOI_3_Paris_Train/RGB-PanSharpen/RGB-PanSharpen_AOI_3_Paris_img1585.tif,/content/spacenet_data/AOI_3_Paris_Train/geojson/buildings/buildings_AOI_3_Paris_img1585.geojson,650,650,0,0.0,0,train
img570,/content/spacenet_data/AOI_3_Paris_Train/RGB-PanSharpen/RGB-PanSharpen_AOI_3_Paris_img570.tif,/content/spacenet_data/AOI_3_Paris_Train/geojson/buildings/buildings_AOI_3_Paris_img570.geojson,650,650,0,0.0,0,train
img1252,/content/spacenet_data/AOI_3_Paris_Train/RGB-PanSharpen/RGB-PanSharpen_AOI_3_Paris_img1252.tif,/content/spacenet_data/AOI_3_Paris_Train/geojson/buildings/buildings_AOI_3_Paris_img1252.geojson,650,650,0,0.0,0,train
img921,/content/spacenet_data/AOI_3_Paris_Train/RGB-PanSharpen/RGB-PanSharpen_AOI_3_Paris_img921.tif,/content/spacenet_data/AOI_3_Paris_Train/geojson/buildings/buildings_AOI_3_Paris_img921.geojson,650,650,79525,18.82248520710059,1,train
img14,/content/spacenet_data/AOI_3_Paris_Train/RGB-PanSharpen/RGB-PanSharpen_AOI_3_Paris_img14.tif,/content/spacenet_data/AOI_3_Paris_Train/geojson/buildings/buildings_AOI_3_Paris_img14.geojson,650,650,0,0.0,0,train
img862,/content/spacenet_data/AOI_3_Paris_Train/RGB-PanSharpen/RGB-PanSharpen_AOI_3_Paris_img862.tif,/content/spacenet_data/AOI_3_Paris_Train/geojson/buildings/buildings_AOI_3_Paris_img862.geojson,650,650,80402,19.03005917159763,1,train
img1253,/content/spacenet_data/AOI_3_Paris_Train/RGB-PanSharpen/RGB-PanSharpen_AOI_3_Paris_img1253.tif,/content/spacenet_data/AOI_3_Paris_Train/geojson/buildings/buildings_AOI_3_Paris_img1253.geojson,650,650,0,0.0,0,train
img841,/content/spacenet_data/AOI_3_Paris_Train/RGB-PanSharpen/RGB-PanSharpen_AOI_3_Paris_img841.tif,/content/spacenet_data/AOI_3_Paris_Train/geojson/buildings/buildings_AOI_3_Paris_img841.geojson,650,650,0,0.0,0,train
img1423,/content/spacenet_data/AOI_3_Paris_Train/RGB-PanSharpen/RGB-PanSharpen_AOI_3_Paris_img1423.tif,/content/spacenet_data/AOI_3_Paris_Train/geojson/buildings/buildings_AOI_3_Paris_img1423.geojson,650,650,0,0.0,0,train
img272,/content/spacenet_data/AOI_3_Paris_Train/RGB-PanSharpen/RGB-PanSharpen_AOI_3_Paris_img272.tif,/content/spacenet_data/AOI_3_Paris_Train/geojson/buildings/buildings_AOI_3_Paris_img272.geojson,650,650,0,0.0,0,train
img876,/content/spacenet_data/AOI_3_Paris_Train/RGB-PanSharpen/RGB-PanSharpen_AOI_3_Paris_img876.tif,/content/spacenet_data/AOI_3_Paris_Train/geojson/buildings/buildings_AOI_3_Paris_img876.geojson,650,650,84853,20.08355029585799,1,train
img143,/content/spacenet_data/AOI_3_Paris_Train/RGB-PanSharpen/RGB-PanSharpen_AOI_3_Paris_img143.tif,/content/spacenet_data/AOI_3_Paris_Train/geojson/buildings/buildings_AOI_3_Paris_img143.geojson,650,650,60756,14.380118343195267,1,train
img1405,/content/spacenet_data/AOI_3_Paris_Train/RGB-PanSharpen/RGB-PanSharpen_AOI_3_Paris_img1405.tif,/content/spacenet_data/AOI_3_Paris_Train/geojson/buildings/buildings_AOI_3_Paris_img1405.geojson,650,650,82383,19.498934911242603,1,train
img971,/content/spacenet_data/AOI_3_Paris_Train/RGB-PanSharpen/RGB-PanSharpen_AOI_3_Paris_img971.tif,/content/spacenet_data/AOI_3_Paris_Train/geojson/buildings/buildings_AOI_3_Paris_img971.geojson,650,650,21318,5.045680473372781,1,train
img936,/content/spacenet_data/AOI_3_Paris_Train/RGB-PanSharpen/RGB-PanSharpen_AOI_3_Paris_img936.tif,/content/spacenet_data/AOI_3_Paris_Train/geojson/buildings/buildings_AOI_3_Paris_img936.geojson,650,650,0,0.0,0,train
img1129,/content/spacenet_data/AOI_3_Paris_Train/RGB-PanSharpen/RGB-PanSharpen_AOI_3_Paris_img1129.tif,/content/spacenet_data/AOI_3_Paris_Train/geojson/buildings/buildings_AOI_3_Paris_img1129.geojson,650,650,112969,26.738224852071006,1,train
img1314,/content/spacenet_data/AOI_3_Paris_Train/RGB-PanSharpen/RGB-PanSharpen_AOI_3_Paris_img1314.tif,/content/spacenet_data/AOI_3_Paris_Train/geojson/buildings/buildings_AOI_3_Paris_img1314.geojson,650,650,82349,19.490887573964496,1,train
img1686,/content/spacenet_data/AOI_3_Paris_Train/RGB-PanSharpen/RGB-PanSharpen_AOI_3_Paris_img1686.tif,/content/spacenet_data/AOI_3_Paris_Train/geojson/buildings/buildings_AOI_3_Paris_img1686.geojson,650,650,57221,13.543431952662722,1,train
img476,/content/spacenet_data/AOI_3_Paris_Train/RGB-PanSharpen/RGB-PanSharpen_AOI_3_Paris_img476.tif,/content/spacenet_data/AOI_3_Paris_Train/geojson/buildings/buildings_AOI_3_Paris_img476.geojson,650,650,589,0.13940828402366864,1,train
img1034,/content/spacenet_data/AOI_3_Paris_Train/RGB-PanSharpen/RGB-PanSharpen_AOI_3_Paris_img1034.tif,/content/spacenet_data/AOI_3_Paris_Train/geojson/buildings/buildings_AOI_3_Paris_img1034.geojson,650,650,0,0.0,0,train
img536,/content/spacenet_data/AOI_3_Paris_Train/RGB-PanSharpen/RGB-PanSharpen_AOI_3_Paris_img536.tif,/content/spacenet_data/AOI_3_Paris_Train/geojson/buildings/buildings_AOI_3_Paris_img536.geojson,650,650,0,0.0,0,train
img205,/content/spacenet_data/AOI_3_Paris_Train/RGB-PanSharpen/RGB-PanSharpen_AOI_3_Paris_img205.tif,/content/spacenet_data/AOI_3_Paris_Train/geojson/buildings/buildings_AOI_3_Paris_img205.geojson,650,650,5903,1.3971597633136095,1,train
img493,/content/spacenet_data/AOI_3_Paris_Train/RGB-PanSharpen/RGB-PanSharpen_AOI_3_Paris_img493.tif,/content/spacenet_data/AOI_3_Paris_Train/geojson/buildings/buildings_AOI_3_Paris_img493.geojson,650,650,0,0.0,0,train
img1869,/content/spacenet_data/AOI_3_Paris_Train/RGB-PanSharpen/RGB-PanSharpen_AOI_3_Paris_img1869.tif,/content/spacenet_data/AOI_3_Paris_Train/geojson/buildings/buildings_AOI_3_Paris_img1869.geojson,650,650,2788,0.6598816568047337,1,train
img1746,/content/spacenet_data/AOI_3_Paris_Train/RGB-PanSharpen/RGB-PanSharpen_AOI_3_Paris_img1746.tif,/content/spacenet_data/AOI_3_Paris_Train/geojson/buildings/buildings_AOI_3_Paris_img1746.geojson,650,650,0,0.0,0,train
img1824,/content/spacenet_data/AOI_3_Paris_Train/RGB-PanSharpen/RGB-PanSharpen_AOI_3_Paris_img1824.tif,/content/spacenet_data/AOI_3_Paris_Train/geojson/buildings/buildings_AOI_3_Paris_img1824.geojson,650,650,41701,9.870059171597633,1,train
img673,/content/spacenet_data/AOI_3_Paris_Train/RGB-PanSharpen/RGB-PanSharpen_AOI_3_Paris_img673.tif,/content/spacenet_data/AOI_3_Paris_Train/geojson/buildings/buildings_AOI_3_Paris_img673.geojson,650,650,0,0.0,0,train
img1766,/content/spacenet_data/AOI_3_Paris_Train/RGB-PanSharpen/RGB-PanSharpen_AOI_3_Paris_img1766.tif,/content/spacenet_data/AOI_3_Paris_Train/geojson/buildings/buildings_AOI_3_Paris_img1766.geojson,650,650,1182,0.27976331360946743,1,train
img1332,/content/spacenet_data/AOI_3_Paris_Train/RGB-PanSharpen/RGB-PanSharpen_AOI_3_Paris_img1332.tif,/content/spacenet_data/AOI_3_Paris_Train/geojson/buildings/buildings_AOI_3_Paris_img1332.geojson,650,650,6764,1.60094674556213,1,train
img1354,/content/spacenet_data/AOI_3_Paris_Train/RGB-PanSharpen/RGB-PanSharpen_AOI_3_Paris_img1354.tif,/content/spacenet_data/AOI_3_Paris_Train/geojson/buildings/buildings_AOI_3_Paris_img1354.geojson,650,650,77182,18.26792899408284,1,train
img1362,/content/spacenet_data/AOI_3_Paris_Train/RGB-PanSharpen/RGB-PanSharpen_AOI_3_Paris_img1362.tif,/content/spacenet_data/AOI_3_Paris_Train/geojson/buildings/buildings_AOI_3_Paris_img1362.geojson,650,650,68074,16.112189349112427,1,train
img1181,/content/spacenet_data/AOI_3_Paris_Train/RGB-PanSharpen/RGB-PanSharpen_AOI_3_Paris_img1181.tif,/content/spacenet_data/AOI_3_Paris_Train/geojson/buildings/buildings_AOI_3_Paris_img1181.geojson,650,650,86992,20.5898224852071,1,train
img1063,/content/spacenet_data/AOI_3_Paris_Train/RGB-PanSharpen/RGB-PanSharpen_AOI_3_Paris_img1063.tif,/content/spacenet_data/AOI_3_Paris_Train/geojson/buildings/buildings_AOI_3_Paris_img1063.geojson,650,650,0,0.0,0,train
img1822,/content/spacenet_data/AOI_3_Paris_Train/RGB-PanSharpen/RGB-PanSharpen_AOI_3_Paris_img1822.tif,/content/spacenet_data/AOI_3_Paris_Train/geojson/buildings/buildings_AOI_3_Paris_img1822.geojson,650,650,56529,13.379644970414201,1,train
img614,/content/spacenet_data/AOI_3_Paris_Train/RGB-PanSharpen/RGB-PanSharpen_AOI_3_Paris_img614.tif,/content/spacenet_data/AOI_3_Paris_Train/geojson/buildings/buildings_AOI_3_Paris_img614.geojson,650,650,17948,4.2480473372781065,1,train
img323,/content/spacenet_data/AOI_3_Paris_Train/RGB-PanSharpen/RGB-PanSharpen_AOI_3_Paris_img323.tif,/content/spacenet_data/AOI_3_Paris_Train/geojson/buildings/buildings_AOI_3_Paris_img323.geojson,650,650,0,0.0,0,train
img1022,/content/spacenet_data/AOI_3_Paris_Train/RGB-PanSharpen/RGB-PanSharpen_AOI_3_Paris_img1022.tif,/content/spacenet_data/AOI_3_Paris_Train/geojson/buildings/buildings_AOI_3_Paris_img1022.geojson,650,650,5958,1.4101775147928994,1,train
img1883,/content/spacenet_data/AOI_3_Paris_Train/RGB-PanSharpen/RGB-PanSharpen_AOI_3_Paris_img1883.tif,/content/spacenet_data/AOI_3_Paris_Train/geojson/buildings/buildings_AOI_3_Paris_img1883.geojson,650,650,0,0.0,0,train
img1717,/content/spacenet_data/AOI_3_Paris_Train/RGB-PanSharpen/RGB-PanSharpen_AOI_3_Paris_img1717.tif,/content/spacenet_data/AOI_3_Paris_Train/geojson/buildings/buildings_AOI_3_Paris_img1717.geojson,650,650,0,0.0,0,train
img722,/content/spacenet_data/AOI_3_Paris_Train/RGB-PanSharpen/RGB-PanSharpen_AOI_3_Paris_img722.tif,/content/spacenet_data/AOI_3_Paris_Train/geojson/buildings/buildings_AOI_3_Paris_img722.geojson,650,650,35881,8.492544378698225,1,train
img396,/content/spacenet_data/AOI_3_Paris_Train/RGB-PanSharpen/RGB-PanSharpen_AOI_3_Paris_img396.tif,/content/spacenet_data/AOI_3_Paris_Train/geojson/buildings/buildings_AOI_3_Paris_img396.geojson,650,650,0,0.0,0,train
img135,/content/spacenet_data/AOI_3_Paris_Train/RGB-PanSharpen/RGB-PanSharpen_AOI_3_Paris_img135.tif,/content/spacenet_data/AOI_3_Paris_Train/geojson/buildings/buildings_AOI_3_Paris_img135.geojson,650,650,68936,16.31621301775148,1,train
img649,/content/spacenet_data/AOI_3_Paris_Train/RGB-PanSharpen/RGB-PanSharpen_AOI_3_Paris_img649.tif,/content/spacenet_data/AOI_3_Paris_Train/geojson/buildings/buildings_AOI_3_Paris_img649.geojson,650,650,110479,26.14887573964497,1,train
img1485,/content/spacenet_data/AOI_3_Paris_Train/RGB-PanSharpen/RGB-PanSharpen_AOI_3_Paris_img1485.tif,/content/spacenet_data/AOI_3_Paris_Train/geojson/buildings/buildings_AOI_3_Paris_img1485.geojson,650,650,0,0.0,0,train
img680,/content/spacenet_data/AOI_3_Paris_Train/RGB-PanSharpen/RGB-PanSharpen_AOI_3_Paris_img680.tif,/content/spacenet_data/AOI_3_Paris_Train/geojson/buildings/buildings_AOI_3_Paris_img680.geojson,650,650,63763,15.091834319526628,1,train
img1564,/content/spacenet_data/AOI_3_Paris_Train/RGB-PanSharpen/RGB-PanSharpen_AOI_3_Paris_img1564.tif,/content/spacenet_data/AOI_3_Paris_Train/geojson/buildings/buildings_AOI_3_Paris_img1564.geojson,650,650,0,0.0,0,train
img901,/content/spacenet_data/AOI_3_Paris_Train/RGB-PanSharpen/RGB-PanSharpen_AOI_3_Paris_img901.tif,/content/spacenet_data/AOI_3_Paris_Train/geojson/buildings/buildings_AOI_3_Paris_img901.geojson,650,650,0,0.0,0,train
img1506,/content/spacenet_data/AOI_3_Paris_Train/RGB-PanSharpen/RGB-PanSharpen_AOI_3_Paris_img1506.tif,/content/spacenet_data/AOI_3_Paris_Train/geojson/buildings/buildings_AOI_3_Paris_img1506.geojson,650,650,42129,9.971360946745563,1,train
img32,/content/spacenet_data/AOI_3_Paris_Train/RGB-PanSharpen/RGB-PanSharpen_AOI_3_Paris_img32.tif,/content/spacenet_data/AOI_3_Paris_Train/geojson/buildings/buildings_AOI_3_Paris_img32.geojson,650,650,0,0.0,0,train
img78,/content/spacenet_data/AOI_3_Paris_Train/RGB-PanSharpen/RGB-PanSharpen_AOI_3_Paris_img78.tif,/content/spacenet_data/AOI_3_Paris_Train/geojson/buildings/buildings_AOI_3_Paris_img78.geojson,650,650,1825,0.4319526627218935,1,train
img731,/content/spacenet_data/AOI_3_Paris_Train/RGB-PanSharpen/RGB-PanSharpen_AOI_3_Paris_img731.tif,/content/spacenet_data/AOI_3_Paris_Train/geojson/buildings/buildings_AOI_3_Paris_img731.geojson,650,650,105700,25.01775147928994,1,train
img1532,/content/spacenet_data/AOI_3_Paris_Train/RGB-PanSharpen/RGB-PanSharpen_AOI_3_Paris_img1532.tif,/content/spacenet_data/AOI_3_Paris_Train/geojson/buildings/buildings_AOI_3_Paris_img1532.geojson,650,650,0,0.0,0,train
img1327,/content/spacenet_data/AOI_3_Paris_Train/RGB-PanSharpen/RGB-PanSharpen_AOI_3_Paris_img1327.tif,/content/spacenet_data/AOI_3_Paris_Train/geojson/buildings/buildings_AOI_3_Paris_img1327.geojson,650,650,33297,7.88094674556213,1,train
img1028,/content/spacenet_data/AOI_3_Paris_Train/RGB-PanSharpen/RGB-PanSharpen_AOI_3_Paris_img1028.tif,/content/spacenet_data/AOI_3_Paris_Train/geojson/buildings/buildings_AOI_3_Paris_img1028.geojson,650,650,0,0.0,0,train
img1029,/content/spacenet_data/AOI_3_Paris_Train/RGB-PanSharpen/RGB-PanSharpen_AOI_3_Paris_img1029.tif,/content/spacenet_data/AOI_3_Paris_Train/geojson/buildings/buildings_AOI_3_Paris_img1029.geojson,650,650,0,0.0,0,train
img1348,/content/spacenet_data/AOI_3_Paris_Train/RGB-PanSharpen/RGB-PanSharpen_AOI_3_Paris_img1348.tif,/content/spacenet_data/AOI_3_Paris_Train/geojson/buildings/buildings_AOI_3_Paris_img1348.geojson,650,650,0,0.0,0,train
img615,/content/spacenet_data/AOI_3_Paris_Train/RGB-PanSharpen/RGB-PanSharpen_AOI_3_Paris_img615.tif,/content/spacenet_data/AOI_3_Paris_Train/geojson/buildings/buildings_AOI_3_Paris_img615.geojson,650,650,0,0.0,0,train
img582,/content/spacenet_data/AOI_3_Paris_Train/RGB-PanSharpen/RGB-PanSharpen_AOI_3_Paris_img582.tif,/content/spacenet_data/AOI_3_Paris_Train/geojson/buildings/buildings_AOI_3_Paris_img582.geojson,650,650,0,0.0,0,train
img1168,/content/spacenet_data/AOI_3_Paris_Train/RGB-PanSharpen/RGB-PanSharpen_AOI_3_Paris_img1168.tif,/content/spacenet_data/AOI_3_Paris_Train/geojson/buildings/buildings_AOI_3_Paris_img1168.geojson,650,650,0,0.0,0,train
img597,/content/spacenet_data/AOI_3_Paris_Train/RGB-PanSharpen/RGB-PanSharpen_AOI_3_Paris_img597.tif,/content/spacenet_data/AOI_3_Paris_Train/geojson/buildings/buildings_AOI_3_Paris_img597.geojson,650,650,112971,26.73869822485207,1,train
img543,/content/spacenet_data/AOI_3_Paris_Train/RGB-PanSharpen/RGB-PanSharpen_AOI_3_Paris_img543.tif,/content/spacenet_data/AOI_3_Paris_Train/geojson/buildings/buildings_AOI_3_Paris_img543.geojson,650,650,0,0.0,0,train
img1344,/content/spacenet_data/AOI_3_Paris_Train/RGB-PanSharpen/RGB-PanSharpen_AOI_3_Paris_img1344.tif,/content/spacenet_data/AOI_3_Paris_Train/geojson/buildings/buildings_AOI_3_Paris_img1344.geojson,650,650,0,0.0,0,train
img17,/content/spacenet_data/AOI_3_Paris_Train/RGB-PanSharpen/RGB-PanSharpen_AOI_3_Paris_img17.tif,/content/spacenet_data/AOI_3_Paris_Train/geojson/buildings/buildings_AOI_3_Paris_img17.geojson,650,650,0,0.0,0,train
img1019,/content/spacenet_data/AOI_3_Paris_Train/RGB-PanSharpen/RGB-PanSharpen_AOI_3_Paris_img1019.tif,/content/spacenet_data/AOI_3_Paris_Train/geojson/buildings/buildings_AOI_3_Paris_img1019.geojson,650,650,0,0.0,0,train
img470,/content/spacenet_data/AOI_3_Paris_Train/RGB-PanSharpen/RGB-PanSharpen_AOI_3_Paris_img470.tif,/content/spacenet_data/AOI_3_Paris_Train/geojson/buildings/buildings_AOI_3_Paris_img470.geojson,650,650,0,0.0,0,train
img1395,/content/spacenet_data/AOI_3_Paris_Train/RGB-PanSharpen/RGB-PanSharpen_AOI_3_Paris_img1395.tif,/content/spacenet_data/AOI_3_Paris_Train/geojson/buildings/buildings_AOI_3_Paris_img1395.geojson,650,650,0,0.0,0,train
img1656,/content/spacenet_data/AOI_3_Paris_Train/RGB-PanSharpen/RGB-PanSharpen_AOI_3_Paris_img1656.tif,/content/spacenet_data/AOI_3_Paris_Train/geojson/buildings/buildings_AOI_3_Paris_img1656.geojson,650,650,62675,14.834319526627219,1,train
img1779,/content/spacenet_data/AOI_3_Paris_Train/RGB-PanSharpen/RGB-PanSharpen_AOI_3_Paris_img1779.tif,/content/spacenet_data/AOI_3_Paris_Train/geojson/buildings/buildings_AOI_3_Paris_img1779.geojson,650,650,97618,23.10485207100592,1,train
img306,/content/spacenet_data/AOI_3_Paris_Train/RGB-PanSharpen/RGB-PanSharpen_AOI_3_Paris_img306.tif,/content/spacenet_data/AOI_3_Paris_Train/geojson/buildings/buildings_AOI_3_Paris_img306.geojson,650,650,103304,24.450650887573964,1,train
img1078,/content/spacenet_data/AOI_3_Paris_Train/RGB-PanSharpen/RGB-PanSharpen_AOI_3_Paris_img1078.tif,/content/spacenet_data/AOI_3_Paris_Train/geojson/buildings/buildings_AOI_3_Paris_img1078.geojson,650,650,0,0.0,0,train
img1487,/content/spacenet_data/AOI_3_Paris_Train/RGB-PanSharpen/RGB-PanSharpen_AOI_3_Paris_img1487.tif,/content/spacenet_data/AOI_3_Paris_Train/geojson/buildings/buildings_AOI_3_Paris_img1487.geojson,650,650,0,0.0,0,train
img379,/content/spacenet_data/AOI_3_Paris_Train/RGB-PanSharpen/RGB-PanSharpen_AOI_3_Paris_img379.tif,/content/spacenet_data/AOI_3_Paris_Train/geojson/buildings/buildings_AOI_3_Paris_img379.geojson,650,650,0,0.0,0,train
img689,/content/spacenet_data/AOI_3_Paris_Train/RGB-PanSharpen/RGB-PanSharpen_AOI_3_Paris_img689.tif,/content/spacenet_data/AOI_3_Paris_Train/geojson/buildings/buildings_AOI_3_Paris_img689.geojson,650,650,76794,18.17609467455621,1,train
img1130,/content/spacenet_data/AOI_3_Paris_Train/RGB-PanSharpen/RGB-PanSharpen_AOI_3_Paris_img1130.tif,/content/spacenet_data/AOI_3_Paris_Train/geojson/buildings/buildings_AOI_3_Paris_img1130.geojson,650,650,111977,26.50343195266272,1,train
img482,/content/spacenet_data/AOI_3_Paris_Train/RGB-PanSharpen/RGB-PanSharpen_AOI_3_Paris_img482.tif,/content/spacenet_data/AOI_3_Paris_Train/geojson/buildings/buildings_AOI_3_Paris_img482.geojson,650,650,98710,23.363313609467458,1,train
img1622,/content/spacenet_data/AOI_3_Paris_Train/RGB-PanSharpen/RGB-PanSharpen_AOI_3_Paris_img1622.tif,/content/spacenet_data/AOI_3_Paris_Train/geojson/buildings/buildings_AOI_3_Paris_img1622.geojson,650,650,0,0.0,0,train
img1450,/content/spacenet_data/AOI_3_Paris_Train/RGB-PanSharpen/RGB-PanSharpen_AOI_3_Paris_img1450.tif,/content/spacenet_data/AOI_3_Paris_Train/geojson/buildings/buildings_AOI_3_Paris_img1450.geojson,650,650,93292,22.08094674556213,1,train
img774,/content/spacenet_data/AOI_3_Paris_Train/RGB-PanSharpen/RGB-PanSharpen_AOI_3_Paris_img774.tif,/content/spacenet_data/AOI_3_Paris_Train/geojson/buildings/buildings_AOI_3_Paris_img774.geojson,650,650,74052,17.52710059171598,1,train
img1219,/content/spacenet_data/AOI_3_Paris_Train/RGB-PanSharpen/RGB-PanSharpen_AOI_3_Paris_img1219.tif,/content/spacenet_data/AOI_3_Paris_Train/geojson/buildings/buildings_AOI_3_Paris_img1219.geojson,650,650,59164,14.003313609467455,1,train
img1357,/content/spacenet_data/AOI_3_Paris_Train/RGB-PanSharpen/RGB-PanSharpen_AOI_3_Paris_img1357.tif,/content/spacenet_data/AOI_3_Paris_Train/geojson/buildings/buildings_AOI_3_Paris_img1357.geojson,650,650,90279,21.367810650887574,1,train
img991,/content/spacenet_data/AOI_3_Paris_Train/RGB-PanSharpen/RGB-PanSharpen_AOI_3_Paris_img991.tif,/content/spacenet_data/AOI_3_Paris_Train/geojson/buildings/buildings_AOI_3_Paris_img991.geojson,650,650,0,0.0,0,train
img552,/content/spacenet_data/AOI_3_Paris_Train/RGB-PanSharpen/RGB-PanSharpen_AOI_3_Paris_img552.tif,/content/spacenet_data/AOI_3_Paris_Train/geojson/buildings/buildings_AOI_3_Paris_img552.geojson,650,650,55627,13.166153846153847,1,train
img1826,/content/spacenet_data/AOI_3_Paris_Train/RGB-PanSharpen/RGB-PanSharpen_AOI_3_Paris_img1826.tif,/content/spacenet_data/AOI_3_Paris_Train/geojson/buildings/buildings_AOI_3_Paris_img1826.geojson,650,650,11294,2.673136094674556,1,train
img1294,/content/spacenet_data/AOI_3_Paris_Train/RGB-PanSharpen/RGB-PanSharpen_AOI_3_Paris_img1294.tif,/content/spacenet_data/AOI_3_Paris_Train/geojson/buildings/buildings_AOI_3_Paris_img1294.geojson,650,650,0,0.0,0,train
img1261,/content/spacenet_data/AOI_3_Paris_Train/RGB-PanSharpen/RGB-PanSharpen_AOI_3_Paris_img1261.tif,/content/spacenet_data/AOI_3_Paris_Train/geojson/buildings/buildings_AOI_3_Paris_img1261.geojson,650,650,0,0.0,0,train
img1430,/content/spacenet_data/AOI_3_Paris_Train/RGB-PanSharpen/RGB-PanSharpen_AOI_3_Paris_img1430.tif,/content/spacenet_data/AOI_3_Paris_Train/geojson/buildings/buildings_AOI_3_Paris_img1430.geojson,650,650,0,0.0,0,train
img1207,/content/spacenet_data/AOI_3_Paris_Train/RGB-PanSharpen/RGB-PanSharpen_AOI_3_Paris_img1207.tif,/content/spacenet_data/AOI_3_Paris_Train/geojson/buildings/buildings_AOI_3_Paris_img1207.geojson,650,650,0,0.0,0,train
img1517,/content/spacenet_data/AOI_3_Paris_Train/RGB-PanSharpen/RGB-PanSharpen_AOI_3_Paris_img1517.tif,/content/spacenet_data/AOI_3_Paris_Train/geojson/buildings/buildings_AOI_3_Paris_img1517.geojson,650,650,0,0.0,0,train
img1464,/content/spacenet_data/AOI_3_Paris_Train/RGB-PanSharpen/RGB-PanSharpen_AOI_3_Paris_img1464.tif,/content/spacenet_data/AOI_3_Paris_Train/geojson/buildings/buildings_AOI_3_Paris_img1464.geojson,650,650,56712,13.422958579881659,1,train
img773,/content/spacenet_data/AOI_3_Paris_Train/RGB-PanSharpen/RGB-PanSharpen_AOI_3_Paris_img773.tif,/content/spacenet_data/AOI_3_Paris_Train/geojson/buildings/buildings_AOI_3_Paris_img773.geojson,650,650,76030,17.99526627218935,1,train
img1373,/content/spacenet_data/AOI_3_Paris_Train/RGB-PanSharpen/RGB-PanSharpen_AOI_3_Paris_img1373.tif,/content/spacenet_data/AOI_3_Paris_Train/geojson/buildings/buildings_AOI_3_Paris_img1373.geojson,650,650,25727,6.089230769230769,1,train
img142,/content/spacenet_data/AOI_3_Paris_Train/RGB-PanSharpen/RGB-PanSharpen_AOI_3_Paris_img142.tif,/content/spacenet_data/AOI_3_Paris_Train/geojson/buildings/buildings_AOI_3_Paris_img142.geojson,650,650,60599,14.342958579881657,1,train
img44,/content/spacenet_data/AOI_3_Paris_Train/RGB-PanSharpen/RGB-PanSharpen_AOI_3_Paris_img44.tif,/content/spacenet_data/AOI_3_Paris_Train/geojson/buildings/buildings_AOI_3_Paris_img44.geojson,650,650,1702,0.4028402366863905,1,train
img122,/content/spacenet_data/AOI_3_Paris_Train/RGB-PanSharpen/RGB-PanSharpen_AOI_3_Paris_img122.tif,/content/spacenet_data/AOI_3_Paris_Train/geojson/buildings/buildings_AOI_3_Paris_img122.geojson,650,650,78163,18.500118343195265,1,train
img1127,/content/spacenet_data/AOI_3_Paris_Train/RGB-PanSharpen/RGB-PanSharpen_AOI_3_Paris_img1127.tif,/content/spacenet_data/AOI_3_Paris_Train/geojson/buildings/buildings_AOI_3_Paris_img1127.geojson,650,650,0,0.0,0,train
img1474,/content/spacenet_data/AOI_3_Paris_Train/RGB-PanSharpen/RGB-PanSharpen_AOI_3_Paris_img1474.tif,/content/spacenet_data/AOI_3_Paris_Train/geojson/buildings/buildings_AOI_3_Paris_img1474.geojson,650,650,0,0.0,0,train
img1909,/content/spacenet_data/AOI_3_Paris_Train/RGB-PanSharpen/RGB-PanSharpen_AOI_3_Paris_img1909.tif,/content/spacenet_data/AOI_3_Paris_Train/geojson/buildings/buildings_AOI_3_Paris_img1909.geojson,650,650,10268,2.4302958579881655,1,train
img95,/content/spacenet_data/AOI_3_Paris_Train/RGB-PanSharpen/RGB-PanSharpen_AOI_3_Paris_img95.tif,/content/spacenet_data/AOI_3_Paris_Train/geojson/buildings/buildings_AOI_3_Paris_img95.geojson,650,650,0,0.0,0,train
img1611,/content/spacenet_data/AOI_3_Paris_Train/RGB-PanSharpen/RGB-PanSharpen_AOI_3_Paris_img1611.tif,/content/spacenet_data/AOI_3_Paris_Train/geojson/buildings/buildings_AOI_3_Paris_img1611.geojson,650,650,0,0.0,0,train
img837,/content/spacenet_data/AOI_3_Paris_Train/RGB-PanSharpen/RGB-PanSharpen_AOI_3_Paris_img837.tif,/content/spacenet_data/AOI_3_Paris_Train/geojson/buildings/buildings_AOI_3_Paris_img837.geojson,650,650,8748,2.070532544378698,1,train
img1417,/content/spacenet_data/AOI_3_Paris_Train/RGB-PanSharpen/RGB-PanSharpen_AOI_3_Paris_img1417.tif,/content/spacenet_data/AOI_3_Paris_Train/geojson/buildings/buildings_AOI_3_Paris_img1417.geojson,650,650,37787,8.943668639053254,1,train
img859,/content/spacenet_data/AOI_3_Paris_Train/RGB-PanSharpen/RGB-PanSharpen_AOI_3_Paris_img859.tif,/content/spacenet_data/AOI_3_Paris_Train/geojson/buildings/buildings_AOI_3_Paris_img859.geojson,650,650,39226,9.284260355029586,1,train
img1630,/content/spacenet_data/AOI_3_Paris_Train/RGB-PanSharpen/RGB-PanSharpen_AOI_3_Paris_img1630.tif,/content/spacenet_data/AOI_3_Paris_Train/geojson/buildings/buildings_AOI_3_Paris_img1630.geojson,650,650,4338,1.0267455621301775,1,train
img513,/content/spacenet_data/AOI_3_Paris_Train/RGB-PanSharpen/RGB-PanSharpen_AOI_3_Paris_img513.tif,/content/spacenet_data/AOI_3_Paris_Train/geojson/buildings/buildings_AOI_3_Paris_img513.geojson,650,650,0,0.0,0,train
img765,/content/spacenet_data/AOI_3_Paris_Train/RGB-PanSharpen/RGB-PanSharpen_AOI_3_Paris_img765.tif,/content/spacenet_data/AOI_3_Paris_Train/geojson/buildings/buildings_AOI_3_Paris_img765.geojson,650,650,0,0.0,0,train
img1113,/content/spacenet_data/AOI_3_Paris_Train/RGB-PanSharpen/RGB-PanSharpen_AOI_3_Paris_img1113.tif,/content/spacenet_data/AOI_3_Paris_Train/geojson/buildings/buildings_AOI_3_Paris_img1113.geojson,650,650,0,0.0,0,train
img1767,/content/spacenet_data/AOI_3_Paris_Train/RGB-PanSharpen/RGB-PanSharpen_AOI_3_Paris_img1767.tif,/content/spacenet_data/AOI_3_Paris_Train/geojson/buildings/buildings_AOI_3_Paris_img1767.geojson,650,650,2380,0.5633136094674556,1,train
img28,/content/spacenet_data/AOI_3_Paris_Train/RGB-PanSharpen/RGB-PanSharpen_AOI_3_Paris_img28.tif,/content/spacenet_data/AOI_3_Paris_Train/geojson/buildings/buildings_AOI_3_Paris_img28.geojson,650,650,15360,3.6355029585798815,1,train
img263,/content/spacenet_data/AOI_3_Paris_Train/RGB-PanSharpen/RGB-PanSharpen_AOI_3_Paris_img263.tif,/content/spacenet_data/AOI_3_Paris_Train/geojson/buildings/buildings_AOI_3_Paris_img263.geojson,650,650,0,0.0,0,train
img1193,/content/spacenet_data/AOI_3_Paris_Train/RGB-PanSharpen/RGB-PanSharpen_AOI_3_Paris_img1193.tif,/content/spacenet_data/AOI_3_Paris_Train/geojson/buildings/buildings_AOI_3_Paris_img1193.geojson,650,650,16062,3.801656804733728,1,train
img1017,/content/spacenet_data/AOI_3_Paris_Train/RGB-PanSharpen/RGB-PanSharpen_AOI_3_Paris_img1017.tif,/content/spacenet_data/AOI_3_Paris_Train/geojson/buildings/buildings_AOI_3_Paris_img1017.geojson,650,650,529,0.12520710059171597,1,train
img59,/content/spacenet_data/AOI_3_Paris_Train/RGB-PanSharpen/RGB-PanSharpen_AOI_3_Paris_img59.tif,/content/spacenet_data/AOI_3_Paris_Train/geojson/buildings/buildings_AOI_3_Paris_img59.geojson,650,650,0,0.0,0,train
img358,/content/spacenet_data/AOI_3_Paris_Train/RGB-PanSharpen/RGB-PanSharpen_AOI_3_Paris_img358.tif,/content/spacenet_data/AOI_3_Paris_Train/geojson/buildings/buildings_AOI_3_Paris_img358.geojson,650,650,68129,16.125207100591716,1,train
img1280,/content/spacenet_data/AOI_3_Paris_Train/RGB-PanSharpen/RGB-PanSharpen_AOI_3_Paris_img1280.tif,/content/spacenet_data/AOI_3_Paris_Train/geojson/buildings/buildings_AOI_3_Paris_img1280.geojson,650,650,10445,2.4721893491124263,1,train
img581,/content/spacenet_data/AOI_3_Paris_Train/RGB-PanSharpen/RGB-PanSharpen_AOI_3_Paris_img581.tif,/content/spacenet_data/AOI_3_Paris_Train/geojson/buildings/buildings_AOI_3_Paris_img581.geojson,650,650,0,0.0,0,train
img1188,/content/spacenet_data/AOI_3_Paris_Train/RGB-PanSharpen/RGB-PanSharpen_AOI_3_Paris_img1188.tif,/content/spacenet_data/AOI_3_Paris_Train/geojson/buildings/buildings_AOI_3_Paris_img1188.geojson,650,650,69872,16.53775147928994,1,train
img1352,/content/spacenet_data/AOI_3_Paris_Train/RGB-PanSharpen/RGB-PanSharpen_AOI_3_Paris_img1352.tif,/content/spacenet_data/AOI_3_Paris_Train/geojson/buildings/buildings_AOI_3_Paris_img1352.geojson,650,650,0,0.0,0,train
img334,/content/spacenet_data/AOI_3_Paris_Train/RGB-PanSharpen/RGB-PanSharpen_AOI_3_Paris_img334.tif,/content/spacenet_data/AOI_3_Paris_Train/geojson/buildings/buildings_AOI_3_Paris_img334.geojson,650,650,39164,9.269585798816568,1,train
img714,/content/spacenet_data/AOI_3_Paris_Train/RGB-PanSharpen/RGB-PanSharpen_AOI_3_Paris_img714.tif,/content/spacenet_data/AOI_3_Paris_Train/geojson/buildings/buildings_AOI_3_Paris_img714.geojson,650,650,0,0.0,0,train
img977,/content/spacenet_data/AOI_3_Paris_Train/RGB-PanSharpen/RGB-PanSharpen_AOI_3_Paris_img977.tif,/content/spacenet_data/AOI_3_Paris_Train/geojson/buildings/buildings_AOI_3_Paris_img977.geojson,650,650,0,0.0,0,train
img542,/content/spacenet_data/AOI_3_Paris_Train/RGB-PanSharpen/RGB-PanSharpen_AOI_3_Paris_img542.tif,/content/spacenet_data/AOI_3_Paris_Train/geojson/buildings/buildings_AOI_3_Paris_img542.geojson,650,650,0,0.0,0,train
img712,/content/spacenet_data/AOI_3_Paris_Train/RGB-PanSharpen/RGB-PanSharpen_AOI_3_Paris_img712.tif,/content/spacenet_data/AOI_3_Paris_Train/geojson/buildings/buildings_AOI_3_Paris_img712.geojson,650,650,0,0.0,0,train
img1208,/content/spacenet_data/AOI_3_Paris_Train/RGB-PanSharpen/RGB-PanSharpen_AOI_3_Paris_img1208.tif,/content/spacenet_data/AOI_3_Paris_Train/geojson/buildings/buildings_AOI_3_Paris_img1208.geojson,650,650,0,0.0,0,train
img115,/content/spacenet_data/AOI_3_Paris_Train/RGB-PanSharpen/RGB-PanSharpen_AOI_3_Paris_img115.tif,/content/spacenet_data/AOI_3_Paris_Train/geojson/buildings/buildings_AOI_3_Paris_img115.geojson,650,650,4861,1.1505325443786982,1,train
img1156,/content/spacenet_data/AOI_3_Paris_Train/RGB-PanSharpen/RGB-PanSharpen_AOI_3_Paris_img1156.tif,/content/spacenet_data/AOI_3_Paris_Train/geojson/buildings/buildings_AOI_3_Paris_img1156.geojson,650,650,0,0.0,0,train
img1478,/content/spacenet_data/AOI_3_Paris_Train/RGB-PanSharpen/RGB-PanSharpen_AOI_3_Paris_img1478.tif,/content/spacenet_data/AOI_3_Paris_Train/geojson/buildings/buildings_AOI_3_Paris_img1478.geojson,650,650,0,0.0,0,train
img1404,/content/spacenet_data/AOI_3_Paris_Train/RGB-PanSharpen/RGB-PanSharpen_AOI_3_Paris_img1404.tif,/content/spacenet_data/AOI_3_Paris_Train/geojson/buildings/buildings_AOI_3_Paris_img1404.geojson,650,650,98625,23.34319526627219,1,train
img1090,/content/spacenet_data/AOI_3_Paris_Train/RGB-PanSharpen/RGB-PanSharpen_AOI_3_Paris_img1090.tif,/content/spacenet_data/AOI_3_Paris_Train/geojson/buildings/buildings_AOI_3_Paris_img1090.geojson,650,650,68701,16.26059171597633,1,train
img574,/content/spacenet_data/AOI_3_Paris_Train/RGB-PanSharpen/RGB-PanSharpen_AOI_3_Paris_img574.tif,/content/spacenet_data/AOI_3_Paris_Train/geojson/buildings/buildings_AOI_3_Paris_img574.geojson,650,650,0,0.0,0,train
img1062,/content/spacenet_data/AOI_3_Paris_Train/RGB-PanSharpen/RGB-PanSharpen_AOI_3_Paris_img1062.tif,/content/spacenet_data/AOI_3_Paris_Train/geojson/buildings/buildings_AOI_3_Paris_img1062.geojson,650,650,0,0.0,0,train
img1315,/content/spacenet_data/AOI_3_Paris_Train/RGB-PanSharpen/RGB-PanSharpen_AOI_3_Paris_img1315.tif,/content/spacenet_data/AOI_3_Paris_Train/geojson/buildings/buildings_AOI_3_Paris_img1315.geojson,650,650,112828,26.70485207100592,1,train
img1442,/content/spacenet_data/AOI_3_Paris_Train/RGB-PanSharpen/RGB-PanSharpen_AOI_3_Paris_img1442.tif,/content/spacenet_data/AOI_3_Paris_Train/geojson/buildings/buildings_AOI_3_Paris_img1442.geojson,650,650,0,0.0,0,train
img1339,/content/spacenet_data/AOI_3_Paris_Train/RGB-PanSharpen/RGB-PanSharpen_AOI_3_Paris_img1339.tif,/content/spacenet_data/AOI_3_Paris_Train/geojson/buildings/buildings_AOI_3_Paris_img1339.geojson,650,650,0,0.0,0,train
img1038,/content/spacenet_data/AOI_3_Paris_Train/RGB-PanSharpen/RGB-PanSharpen_AOI_3_Paris_img1038.tif,/content/spacenet_data/AOI_3_Paris_Train/geojson/buildings/buildings_AOI_3_Paris_img1038.geojson,650,650,16237,3.8430769230769233,1,train
img766,/content/spacenet_data/AOI_3_Paris_Train/RGB-PanSharpen/RGB-PanSharpen_AOI_3_Paris_img766.tif,/content/spacenet_data/AOI_3_Paris_Train/geojson/buildings/buildings_AOI_3_Paris_img766.geojson,650,650,11573,2.739171597633136,1,train
img851,/content/spacenet_data/AOI_3_Paris_Train/RGB-PanSharpen/RGB-PanSharpen_AOI_3_Paris_img851.tif,/content/spacenet_data/AOI_3_Paris_Train/geojson/buildings/buildings_AOI_3_Paris_img851.geojson,650,650,0,0.0,0,train
img830,/content/spacenet_data/AOI_3_Paris_Train/RGB-PanSharpen/RGB-PanSharpen_AOI_3_Paris_img830.tif,/content/spacenet_data/AOI_3_Paris_Train/geojson/buildings/buildings_AOI_3_Paris_img830.geojson,650,650,92224,21.828165680473372,1,train
img492,/content/spacenet_data/AOI_3_Paris_Train/RGB-PanSharpen/RGB-PanSharpen_AOI_3_Paris_img492.tif,/content/spacenet_data/AOI_3_Paris_Train/geojson/buildings/buildings_AOI_3_Paris_img492.geojson,650,650,0,0.0,0,train
img353,/content/spacenet_data/AOI_3_Paris_Train/RGB-PanSharpen/RGB-PanSharpen_AOI_3_Paris_img353.tif,/content/spacenet_data/AOI_3_Paris_Train/geojson/buildings/buildings_AOI_3_Paris_img353.geojson,650,650,76231,18.04284023668639,1,train
img866,/content/spacenet_data/AOI_3_Paris_Train/RGB-PanSharpen/RGB-PanSharpen_AOI_3_Paris_img866.tif,/content/spacenet_data/AOI_3_Paris_Train/geojson/buildings/buildings_AOI_3_Paris_img866.geojson,650,650,70515,16.689940828402367,1,train
img1121,/content/spacenet_data/AOI_3_Paris_Train/RGB-PanSharpen/RGB-PanSharpen_AOI_3_Paris_img1121.tif,/content/spacenet_data/AOI_3_Paris_Train/geojson/buildings/buildings_AOI_3_Paris_img1121.geojson,650,650,0,0.0,0,train
img37,/content/spacenet_data/AOI_3_Paris_Train/RGB-PanSharpen/RGB-PanSharpen_AOI_3_Paris_img37.tif,/content/spacenet_data/AOI_3_Paris_Train/geojson/buildings/buildings_AOI_3_Paris_img37.geojson,650,650,33954,8.036449704142012,1,train
img893,/content/spacenet_data/AOI_3_Paris_Train/RGB-PanSharpen/RGB-PanSharpen_AOI_3_Paris_img893.tif,/content/spacenet_data/AOI_3_Paris_Train/geojson/buildings/buildings_AOI_3_Paris_img893.geojson,650,650,0,0.0,0,train
img602,/content/spacenet_data/AOI_3_Paris_Train/RGB-PanSharpen/RGB-PanSharpen_AOI_3_Paris_img602.tif,/content/spacenet_data/AOI_3_Paris_Train/geojson/buildings/buildings_AOI_3_Paris_img602.geojson,650,650,92571,21.910295857988167,1,train
img697,/content/spacenet_data/AOI_3_Paris_Train/RGB-PanSharpen/RGB-PanSharpen_AOI_3_Paris_img697.tif,/content/spacenet_data/AOI_3_Paris_Train/geojson/buildings/buildings_AOI_3_Paris_img697.geojson,650,650,76583,18.126153846153848,1,train
img1679,/content/spacenet_data/AOI_3_Paris_Train/RGB-PanSharpen/RGB-PanSharpen_AOI_3_Paris_img1679.tif,/content/spacenet_data/AOI_3_Paris_Train/geojson/buildings/buildings_AOI_3_Paris_img1679.geojson,650,650,9343,2.2113609467455624,1,train
img1041,/content/spacenet_data/AOI_3_Paris_Train/RGB-PanSharpen/RGB-PanSharpen_AOI_3_Paris_img1041.tif,/content/spacenet_data/AOI_3_Paris_Train/geojson/buildings/buildings_AOI_3_Paris_img1041.geojson,650,650,80373,19.02319526627219,1,train
img340,/content/spacenet_data/AOI_3_Paris_Train/RGB-PanSharpen/RGB-PanSharpen_AOI_3_Paris_img340.tif,/content/spacenet_data/AOI_3_Paris_Train/geojson/buildings/buildings_AOI_3_Paris_img340.geojson,650,650,0,0.0,0,train
img942,/content/spacenet_data/AOI_3_Paris_Train/RGB-PanSharpen/RGB-PanSharpen_AOI_3_Paris_img942.tif,/content/spacenet_data/AOI_3_Paris_Train/geojson/buildings/buildings_AOI_3_Paris_img942.geojson,650,650,0,0.0,0,train
img1560,/content/spacenet_data/AOI_3_Paris_Train/RGB-PanSharpen/RGB-PanSharpen_AOI_3_Paris_img1560.tif,/content/spacenet_data/AOI_3_Paris_Train/geojson/buildings/buildings_AOI_3_Paris_img1560.geojson,650,650,58858,13.930887573964498,1,train
img757,/content/spacenet_data/AOI_3_Paris_Train/RGB-PanSharpen/RGB-PanSharpen_AOI_3_Paris_img757.tif,/content/spacenet_data/AOI_3_Paris_Train/geojson/buildings/buildings_AOI_3_Paris_img757.geojson,650,650,0,0.0,0,train
img585,/content/spacenet_data/AOI_3_Paris_Train/RGB-PanSharpen/RGB-PanSharpen_AOI_3_Paris_img585.tif,/content/spacenet_data/AOI_3_Paris_Train/geojson/buildings/buildings_AOI_3_Paris_img585.geojson,650,650,0,0.0,0,train
img1273,/content/spacenet_data/AOI_3_Paris_Train/RGB-PanSharpen/RGB-PanSharpen_AOI_3_Paris_img1273.tif,/content/spacenet_data/AOI_3_Paris_Train/geojson/buildings/buildings_AOI_3_Paris_img1273.geojson,650,650,38389,9.086153846153847,1,train
img1251,/content/spacenet_data/AOI_3_Paris_Train/RGB-PanSharpen/RGB-PanSharpen_AOI_3_Paris_img1251.tif,/content/spacenet_data/AOI_3_Paris_Train/geojson/buildings/buildings_AOI_3_Paris_img1251.geojson,650,650,0,0.0,0,train
img1714,/content/spacenet_data/AOI_3_Paris_Train/RGB-PanSharpen/RGB-PanSharpen_AOI_3_Paris_img1714.tif,/content/spacenet_data/AOI_3_Paris_Train/geojson/buildings/buildings_AOI_3_Paris_img1714.geojson,650,650,0,0.0,0,train
img1262,/content/spacenet_data/AOI_3_Paris_Train/RGB-PanSharpen/RGB-PanSharpen_AOI_3_Paris_img1262.tif,/content/spacenet_data/AOI_3_Paris_Train/geojson/buildings/buildings_AOI_3_Paris_img1262.geojson,650,650,0,0.0,0,train
img619,/content/spacenet_data/AOI_3_Paris_Train/RGB-PanSharpen/RGB-PanSharpen_AOI_3_Paris_img619.tif,/content/spacenet_data/AOI_3_Paris_Train/geojson/buildings/buildings_AOI_3_Paris_img619.geojson,650,650,0,0.0,0,train
img1255,/content/spacenet_data/AOI_3_Paris_Train/RGB-PanSharpen/RGB-PanSharpen_AOI_3_Paris_img1255.tif,/content/spacenet_data/AOI_3_Paris_Train/geojson/buildings/buildings_AOI_3_Paris_img1255.geojson,650,650,0,0.0,0,train
img788,/content/spacenet_data/AOI_3_Paris_Train/RGB-PanSharpen/RGB-PanSharpen_AOI_3_Paris_img788.tif,/content/spacenet_data/AOI_3_Paris_Train/geojson/buildings/buildings_AOI_3_Paris_img788.geojson,650,650,50236,11.8901775147929,1,train
img1072,/content/spacenet_data/AOI_3_Paris_Train/RGB-PanSharpen/RGB-PanSharpen_AOI_3_Paris_img1072.tif,/content/spacenet_data/AOI_3_Paris_Train/geojson/buildings/buildings_AOI_3_Paris_img1072.geojson,650,650,0,0.0,0,train
img1535,/content/spacenet_data/AOI_3_Paris_Train/RGB-PanSharpen/RGB-PanSharpen_AOI_3_Paris_img1535.tif,/content/spacenet_data/AOI_3_Paris_Train/geojson/buildings/buildings_AOI_3_Paris_img1535.geojson,650,650,0,0.0,0,train
img344,/content/spacenet_data/AOI_3_Paris_Train/RGB-PanSharpen/RGB-PanSharpen_AOI_3_Paris_img344.tif,/content/spacenet_data/AOI_3_Paris_Train/geojson/buildings/buildings_AOI_3_Paris_img344.geojson,650,650,19779,4.681420118343195,1,train
img951,/content/spacenet_data/AOI_3_Paris_Train/RGB-PanSharpen/RGB-PanSharpen_AOI_3_Paris_img951.tif,/content/spacenet_data/AOI_3_Paris_Train/geojson/buildings/buildings_AOI_3_Paris_img951.geojson,650,650,238,0.05633136094674556,1,train
img486,/content/spacenet_data/AOI_3_Paris_Train/RGB-PanSharpen/RGB-PanSharpen_AOI_3_Paris_img486.tif,/content/spacenet_data/AOI_3_Paris_Train/geojson/buildings/buildings_AOI_3_Paris_img486.geojson,650,650,63296,14.981301775147928,1,train
img1471,/content/spacenet_data/AOI_3_Paris_Train/RGB-PanSharpen/RGB-PanSharpen_AOI_3_Paris_img1471.tif,/content/spacenet_data/AOI_3_Paris_Train/geojson/buildings/buildings_AOI_3_Paris_img1471.geojson,650,650,0,0.0,0,train
img472,/content/spacenet_data/AOI_3_Paris_Train/RGB-PanSharpen/RGB-PanSharpen_AOI_3_Paris_img472.tif,/content/spacenet_data/AOI_3_Paris_Train/geojson/buildings/buildings_AOI_3_Paris_img472.geojson,650,650,45603,10.79360946745562,1,train
img159,/content/spacenet_data/AOI_3_Paris_Train/RGB-PanSharpen/RGB-PanSharpen_AOI_3_Paris_img159.tif,/content/spacenet_data/AOI_3_Paris_Train/geojson/buildings/buildings_AOI_3_Paris_img159.geojson,650,650,2419,0.5725443786982248,1,train
img636,/content/spacenet_data/AOI_3_Paris_Train/RGB-PanSharpen/RGB-PanSharpen_AOI_3_Paris_img636.tif,/content/spacenet_data/AOI_3_Paris_Train/geojson/buildings/buildings_AOI_3_Paris_img636.geojson,650,650,65118,15.412544378698225,1,train
img778,/content/spacenet_data/AOI_3_Paris_Train/RGB-PanSharpen/RGB-PanSharpen_AOI_3_Paris_img778.tif,/content/spacenet_data/AOI_3_Paris_Train/geojson/buildings/buildings_AOI_3_Paris_img778.geojson,650,650,87820,20.785798816568047,1,train
img898,/content/spacenet_data/AOI_3_Paris_Train/RGB-PanSharpen/RGB-PanSharpen_AOI_3_Paris_img898.tif,/content/spacenet_data/AOI_3_Paris_Train/geojson/buildings/buildings_AOI_3_Paris_img898.geojson,650,650,0,0.0,0,train
img1232,/content/spacenet_data/AOI_3_Paris_Train/RGB-PanSharpen/RGB-PanSharpen_AOI_3_Paris_img1232.tif,/content/spacenet_data/AOI_3_Paris_Train/geojson/buildings/buildings_AOI_3_Paris_img1232.geojson,650,650,11461,2.712662721893491,1,train
img825,/content/spacenet_data/AOI_3_Paris_Train/RGB-PanSharpen/RGB-PanSharpen_AOI_3_Paris_img825.tif,/content/spacenet_data/AOI_3_Paris_Train/geojson/buildings/buildings_AOI_3_Paris_img825.geojson,650,650,61295,14.507692307692308,1,train
img578,/content/spacenet_data/AOI_3_Paris_Train/RGB-PanSharpen/RGB-PanSharpen_AOI_3_Paris_img578.tif,/content/spacenet_data/AOI_3_Paris_Train/geojson/buildings/buildings_AOI_3_Paris_img578.geojson,650,650,0,0.0,0,train
img1003,/content/spacenet_data/AOI_3_Paris_Train/RGB-PanSharpen/RGB-PanSharpen_AOI_3_Paris_img1003.tif,/content/spacenet_data/AOI_3_Paris_Train/geojson/buildings/buildings_AOI_3_Paris_img1003.geojson,650,650,86387,20.446627218934914,1,train
img1669,/content/spacenet_data/AOI_3_Paris_Train/RGB-PanSharpen/RGB-PanSharpen_AOI_3_Paris_img1669.tif,/content/spacenet_data/AOI_3_Paris_Train/geojson/buildings/buildings_AOI_3_Paris_img1669.geojson,650,650,0,0.0,0,train
img843,/content/spacenet_data/AOI_3_Paris_Train/RGB-PanSharpen/RGB-PanSharpen_AOI_3_Paris_img843.tif,/content/spacenet_data/AOI_3_Paris_Train/geojson/buildings/buildings_AOI_3_Paris_img843.geojson,650,650,0,0.0,0,train
img1825,/content/spacenet_data/AOI_3_Paris_Train/RGB-PanSharpen/RGB-PanSharpen_AOI_3_Paris_img1825.tif,/content/spacenet_data/AOI_3_Paris_Train/geojson/buildings/buildings_AOI_3_Paris_img1825.geojson,650,650,33428,7.911952662721894,1,train
img1707,/content/spacenet_data/AOI_3_Paris_Train/RGB-PanSharpen/RGB-PanSharpen_AOI_3_Paris_img1707.tif,/content/spacenet_data/AOI_3_Paris_Train/geojson/buildings/buildings_AOI_3_Paris_img1707.geojson,650,650,0,0.0,0,train
img676,/content/spacenet_data/AOI_3_Paris_Train/RGB-PanSharpen/RGB-PanSharpen_AOI_3_Paris_img676.tif,/content/spacenet_data/AOI_3_Paris_Train/geojson/buildings/buildings_AOI_3_Paris_img676.geojson,650,650,43454,10.284970414201183,1,train
img755,/content/spacenet_data/AOI_3_Paris_Train/RGB-PanSharpen/RGB-PanSharpen_AOI_3_Paris_img755.tif,/content/spacenet_data/AOI_3_Paris_Train/geojson/buildings/buildings_AOI_3_Paris_img755.geojson,650,650,0,0.0,0,train
img728,/content/spacenet_data/AOI_3_Paris_Train/RGB-PanSharpen/RGB-PanSharpen_AOI_3_Paris_img728.tif,/content/spacenet_data/AOI_3_Paris_Train/geojson/buildings/buildings_AOI_3_Paris_img728.geojson,650,650,72748,17.21846153846154,1,train
img1778,/content/spacenet_data/AOI_3_Paris_Train/RGB-PanSharpen/RGB-PanSharpen_AOI_3_Paris_img1778.tif,/content/spacenet_data/AOI_3_Paris_Train/geojson/buildings/buildings_AOI_3_Paris_img1778.geojson,650,650,92100,21.79881656804734,1,train
img252,/content/spacenet_data/AOI_3_Paris_Train/RGB-PanSharpen/RGB-PanSharpen_AOI_3_Paris_img252.tif,/content/spacenet_data/AOI_3_Paris_Train/geojson/buildings/buildings_AOI_3_Paris_img252.geojson,650,650,4177,0.9886390532544378,1,train
img12,/content/spacenet_data/AOI_3_Paris_Train/RGB-PanSharpen/RGB-PanSharpen_AOI_3_Paris_img12.tif,/content/spacenet_data/AOI_3_Paris_Train/geojson/buildings/buildings_AOI_3_Paris_img12.geojson,650,650,0,0.0,0,train
img1803,/content/spacenet_data/AOI_3_Paris_Train/RGB-PanSharpen/RGB-PanSharpen_AOI_3_Paris_img1803.tif,/content/spacenet_data/AOI_3_Paris_Train/geojson/buildings/buildings_AOI_3_Paris_img1803.geojson,650,650,0,0.0,0,train
img794,/content/spacenet_data/AOI_3_Paris_Train/RGB-PanSharpen/RGB-PanSharpen_AOI_3_Paris_img794.tif,/content/spacenet_data/AOI_3_Paris_Train/geojson/buildings/buildings_AOI_3_Paris_img794.geojson,650,650,835,0.19763313609467456,1,train
img1224,/content/spacenet_data/AOI_3_Paris_Train/RGB-PanSharpen/RGB-PanSharpen_AOI_3_Paris_img1224.tif,/content/spacenet_data/AOI_3_Paris_Train/geojson/buildings/buildings_AOI_3_Paris_img1224.geojson,650,650,93611,22.156449704142013,1,train
img1174,/content/spacenet_data/AOI_3_Paris_Train/RGB-PanSharpen/RGB-PanSharpen_AOI_3_Paris_img1174.tif,/content/spacenet_data/AOI_3_Paris_Train/geojson/buildings/buildings_AOI_3_Paris_img1174.geojson,650,650,101090,23.92662721893491,1,train
img200,/content/spacenet_data/AOI_3_Paris_Train/RGB-PanSharpen/RGB-PanSharpen_AOI_3_Paris_img200.tif,/content/spacenet_data/AOI_3_Paris_Train/geojson/buildings/buildings_AOI_3_Paris_img200.geojson,650,650,93709,22.1796449704142,1,train
img1124,/content/spacenet_data/AOI_3_Paris_Train/RGB-PanSharpen/RGB-PanSharpen_AOI_3_Paris_img1124.tif,/content/spacenet_data/AOI_3_Paris_Train/geojson/buildings/buildings_AOI_3_Paris_img1124.geojson,650,650,1021,0.24165680473372783,1,train
img554,/content/spacenet_data/AOI_3_Paris_Train/RGB-PanSharpen/RGB-PanSharpen_AOI_3_Paris_img554.tif,/content/spacenet_data/AOI_3_Paris_Train/geojson/buildings/buildings_AOI_3_Paris_img554.geojson,650,650,98,0.023195266272189347,1,train
img1533,/content/spacenet_data/AOI_3_Paris_Train/RGB-PanSharpen/RGB-PanSharpen_AOI_3_Paris_img1533.tif,/content/spacenet_data/AOI_3_Paris_Train/geojson/buildings/buildings_AOI_3_Paris_img1533.geojson,650,650,0,0.0,0,train
img452,/content/spacenet_data/AOI_3_Paris_Train/RGB-PanSharpen/RGB-PanSharpen_AOI_3_Paris_img452.tif,/content/spacenet_data/AOI_3_Paris_Train/geojson/buildings/buildings_AOI_3_Paris_img452.geojson,650,650,17504,4.142958579881657,1,train
img879,/content/spacenet_data/AOI_3_Paris_Train/RGB-PanSharpen/RGB-PanSharpen_AOI_3_Paris_img879.tif,/content/spacenet_data/AOI_3_Paris_Train/geojson/buildings/buildings_AOI_3_Paris_img879.geojson,650,650,8608,2.037396449704142,1,train
img1613,/content/spacenet_data/AOI_3_Paris_Train/RGB-PanSharpen/RGB-PanSharpen_AOI_3_Paris_img1613.tif,/content/spacenet_data/AOI_3_Paris_Train/geojson/buildings/buildings_AOI_3_Paris_img1613.geojson,650,650,0,0.0,0,train
img1154,/content/spacenet_data/AOI_3_Paris_Train/RGB-PanSharpen/RGB-PanSharpen_AOI_3_Paris_img1154.tif,/content/spacenet_data/AOI_3_Paris_Train/geojson/buildings/buildings_AOI_3_Paris_img1154.geojson,650,650,0,0.0,0,train
img1182,/content/spacenet_data/AOI_3_Paris_Train/RGB-PanSharpen/RGB-PanSharpen_AOI_3_Paris_img1182.tif,/content/spacenet_data/AOI_3_Paris_Train/geojson/buildings/buildings_AOI_3_Paris_img1182.geojson,650,650,73745,17.454437869822485,1,train
img817,/content/spacenet_data/AOI_3_Paris_Train/RGB-PanSharpen/RGB-PanSharpen_AOI_3_Paris_img817.tif,/content/spacenet_data/AOI_3_Paris_Train/geojson/buildings/buildings_AOI_3_Paris_img817.geojson,650,650,74740,17.689940828402367,1,train
img408,/content/spacenet_data/AOI_3_Paris_Train/RGB-PanSharpen/RGB-PanSharpen_AOI_3_Paris_img408.tif,/content/spacenet_data/AOI_3_Paris_Train/geojson/buildings/buildings_AOI_3_Paris_img408.geojson,650,650,0,0.0,0,train
img809,/content/spacenet_data/AOI_3_Paris_Train/RGB-PanSharpen/RGB-PanSharpen_AOI_3_Paris_img809.tif,/content/spacenet_data/AOI_3_Paris_Train/geojson/buildings/buildings_AOI_3_Paris_img809.geojson,650,650,0,0.0,0,train
img1528,/content/spacenet_data/AOI_3_Paris_Train/RGB-PanSharpen/RGB-PanSharpen_AOI_3_Paris_img1528.tif,/content/spacenet_data/AOI_3_Paris_Train/geojson/buildings/buildings_AOI_3_Paris_img1528.geojson,650,650,0,0.0,0,train
img909,/content/spacenet_data/AOI_3_Paris_Train/RGB-PanSharpen/RGB-PanSharpen_AOI_3_Paris_img909.tif,/content/spacenet_data/AOI_3_Paris_Train/geojson/buildings/buildings_AOI_3_Paris_img909.geojson,650,650,106356,25.173017751479286,1,train
img1301,/content/spacenet_data/AOI_3_Paris_Train/RGB-PanSharpen/RGB-PanSharpen_AOI_3_Paris_img1301.tif,/content/spacenet_data/AOI_3_Paris_Train/geojson/buildings/buildings_AOI_3_Paris_img1301.geojson,650,650,0,0.0,0,train
img136,/content/spacenet_data/AOI_3_Paris_Train/RGB-PanSharpen/RGB-PanSharpen_AOI_3_Paris_img136.tif,/content/spacenet_data/AOI_3_Paris_Train/geojson/buildings/buildings_AOI_3_Paris_img136.geojson,650,650,69941,16.554082840236685,1,train
img605,/content/spacenet_data/AOI_3_Paris_Train/RGB-PanSharpen/RGB-PanSharpen_AOI_3_Paris_img605.tif,/content/spacenet_data/AOI_3_Paris_Train/geojson/buildings/buildings_AOI_3_Paris_img605.geojson,650,650,92160,21.81301775147929,1,train
img485,/content/spacenet_data/AOI_3_Paris_Train/RGB-PanSharpen/RGB-PanSharpen_AOI_3_Paris_img485.tif,/content/spacenet_data/AOI_3_Paris_Train/geojson/buildings/buildings_AOI_3_Paris_img485.geojson,650,650,58325,13.80473372781065,1,train
img1667,/content/spacenet_data/AOI_3_Paris_Train/RGB-PanSharpen/RGB-PanSharpen_AOI_3_Paris_img1667.tif,/content/spacenet_data/AOI_3_Paris_Train/geojson/buildings/buildings_AOI_3_Paris_img1667.geojson,650,650,0,0.0,0,train
img925,/content/spacenet_data/AOI_3_Paris_Train/RGB-PanSharpen/RGB-PanSharpen_AOI_3_Paris_img925.tif,/content/spacenet_data/AOI_3_Paris_Train/geojson/buildings/buildings_AOI_3_Paris_img925.geojson,650,650,23600,5.585798816568047,1,train
img1392,/content/spacenet_data/AOI_3_Paris_Train/RGB-PanSharpen/RGB-PanSharpen_AOI_3_Paris_img1392.tif,/content/spacenet_data/AOI_3_Paris_Train/geojson/buildings/buildings_AOI_3_Paris_img1392.geojson,650,650,0,0.0,0,train
img1706,/content/spacenet_data/AOI_3_Paris_Train/RGB-PanSharpen/RGB-PanSharpen_AOI_3_Paris_img1706.tif,/content/spacenet_data/AOI_3_Paris_Train/geojson/buildings/buildings_AOI_3_Paris_img1706.geojson,650,650,0,0.0,0,train
img155,/content/spacenet_data/AOI_3_Paris_Train/RGB-PanSharpen/RGB-PanSharpen_AOI_3_Paris_img155.tif,/content/spacenet_data/AOI_3_Paris_Train/geojson/buildings/buildings_AOI_3_Paris_img155.geojson,650,650,68773,16.277633136094675,1,train
img1043,/content/spacenet_data/AOI_3_Paris_Train/RGB-PanSharpen/RGB-PanSharpen_AOI_3_Paris_img1043.tif,/content/spacenet_data/AOI_3_Paris_Train/geojson/buildings/buildings_AOI_3_Paris_img1043.geojson,650,650,77889,18.43526627218935,1,train
img70,/content/spacenet_data/AOI_3_Paris_Train/RGB-PanSharpen/RGB-PanSharpen_AOI_3_Paris_img70.tif,/content/spacenet_data/AOI_3_Paris_Train/geojson/buildings/buildings_AOI_3_Paris_img70.geojson,650,650,0,0.0,0,train
img1834,/content/spacenet_data/AOI_3_Paris_Train/RGB-PanSharpen/RGB-PanSharpen_AOI_3_Paris_img1834.tif,/content/spacenet_data/AOI_3_Paris_Train/geojson/buildings/buildings_AOI_3_Paris_img1834.geojson,650,650,0,0.0,0,train
img1048,/content/spacenet_data/AOI_3_Paris_Train/RGB-PanSharpen/RGB-PanSharpen_AOI_3_Paris_img1048.tif,/content/spacenet_data/AOI_3_Paris_Train/geojson/buildings/buildings_AOI_3_Paris_img1048.geojson,650,650,82570,19.54319526627219,1,train
img931,/content/spacenet_data/AOI_3_Paris_Train/RGB-PanSharpen/RGB-PanSharpen_AOI_3_Paris_img931.tif,/content/spacenet_data/AOI_3_Paris_Train/geojson/buildings/buildings_AOI_3_Paris_img931.geojson,650,650,0,0.0,0,train
img284,/content/spacenet_data/AOI_3_Paris_Train/RGB-PanSharpen/RGB-PanSharpen_AOI_3_Paris_img284.tif,/content/spacenet_data/AOI_3_Paris_Train/geojson/buildings/buildings_AOI_3_Paris_img284.geojson,650,650,11258,2.664615384615385,1,train
img1368,/content/spacenet_data/AOI_3_Paris_Train/RGB-PanSharpen/RGB-PanSharpen_AOI_3_Paris_img1368.tif,/content/spacenet_data/AOI_3_Paris_Train/geojson/buildings/buildings_AOI_3_Paris_img1368.geojson,650,650,12327,2.9176331360946746,1,train
img896,/content/spacenet_data/AOI_3_Paris_Train/RGB-PanSharpen/RGB-PanSharpen_AOI_3_Paris_img896.tif,/content/spacenet_data/AOI_3_Paris_Train/geojson/buildings/buildings_AOI_3_Paris_img896.geojson,650,650,0,0.0,0,train
img1408,/content/spacenet_data/AOI_3_Paris_Train/RGB-PanSharpen/RGB-PanSharpen_AOI_3_Paris_img1408.tif,/content/spacenet_data/AOI_3_Paris_Train/geojson/buildings/buildings_AOI_3_Paris_img1408.geojson,650,650,79404,18.793846153846154,1,train
img1850,/content/spacenet_data/AOI_3_Paris_Train/RGB-PanSharpen/RGB-PanSharpen_AOI_3_Paris_img1850.tif,/content/spacenet_data/AOI_3_Paris_Train/geojson/buildings/buildings_AOI_3_Paris_img1850.geojson,650,650,0,0.0,0,train
img1839,/content/spacenet_data/AOI_3_Paris_Train/RGB-PanSharpen/RGB-PanSharpen_AOI_3_Paris_img1839.tif,/content/spacenet_data/AOI_3_Paris_Train/geojson/buildings/buildings_AOI_3_Paris_img1839.geojson,650,650,0,0.0,0,train
img1341,/content/spacenet_data/AOI_3_Paris_Train/RGB-PanSharpen/RGB-PanSharpen_AOI_3_Paris_img1341.tif,/content/spacenet_data/AOI_3_Paris_Train/geojson/buildings/buildings_AOI_3_Paris_img1341.geojson,650,650,0,0.0,0,train
img214,/content/spacenet_data/AOI_3_Paris_Train/RGB-PanSharpen/RGB-PanSharpen_AOI_3_Paris_img214.tif,/content/spacenet_data/AOI_3_Paris_Train/geojson/buildings/buildings_AOI_3_Paris_img214.geojson,650,650,98040,23.204733727810652,1,train
img954,/content/spacenet_data/AOI_3_Paris_Train/RGB-PanSharpen/RGB-PanSharpen_AOI_3_Paris_img954.tif,/content/spacenet_data/AOI_3_Paris_Train/geojson/buildings/buildings_AOI_3_Paris_img954.geojson,650,650,113685,26.90769230769231,1,train
img449,/content/spacenet_data/AOI_3_Paris_Train/RGB-PanSharpen/RGB-PanSharpen_AOI_3_Paris_img449.tif,/content/spacenet_data/AOI_3_Paris_Train/geojson/buildings/buildings_AOI_3_Paris_img449.geojson,650,650,108087,25.582721893491122,1,train
img1284,/content/spacenet_data/AOI_3_Paris_Train/RGB-PanSharpen/RGB-PanSharpen_AOI_3_Paris_img1284.tif,/content/spacenet_data/AOI_3_Paris_Train/geojson/buildings/buildings_AOI_3_Paris_img1284.geojson,650,650,0,0.0,0,train
img1748,/content/spacenet_data/AOI_3_Paris_Train/RGB-PanSharpen/RGB-PanSharpen_AOI_3_Paris_img1748.tif,/content/spacenet_data/AOI_3_Paris_Train/geojson/buildings/buildings_AOI_3_Paris_img1748.geojson,650,650,9722,2.3010650887573965,1,train
img947,/content/spacenet_data/AOI_3_Paris_Train/RGB-PanSharpen/RGB-PanSharpen_AOI_3_Paris_img947.tif,/content/spacenet_data/AOI_3_Paris_Train/geojson/buildings/buildings_AOI_3_Paris_img947.geojson,650,650,0,0.0,0,train
img1718,/content/spacenet_data/AOI_3_Paris_Train/RGB-PanSharpen/RGB-PanSharpen_AOI_3_Paris_img1718.tif,/content/spacenet_data/AOI_3_Paris_Train/geojson/buildings/buildings_AOI_3_Paris_img1718.geojson,650,650,0,0.0,0,train
img154,/content/spacenet_data/AOI_3_Paris_Train/RGB-PanSharpen/RGB-PanSharpen_AOI_3_Paris_img154.tif,/content/spacenet_data/AOI_3_Paris_Train/geojson/buildings/buildings_AOI_3_Paris_img154.geojson,650,650,67808,16.049230769230768,1,train
img1218,/content/spacenet_data/AOI_3_Paris_Train/RGB-PanSharpen/RGB-PanSharpen_AOI_3_Paris_img1218.tif,/content/spacenet_data/AOI_3_Paris_Train/geojson/buildings/buildings_AOI_3_Paris_img1218.geojson,650,650,8474,2.0056804733727813,1,train
img1276,/content/spacenet_data/AOI_3_Paris_Train/RGB-PanSharpen/RGB-PanSharpen_AOI_3_Paris_img1276.tif,/content/spacenet_data/AOI_3_Paris_Train/geojson/buildings/buildings_AOI_3_Paris_img1276.geojson,650,650,50608,11.978224852071005,1,train
img1263,/content/spacenet_data/AOI_3_Paris_Train/RGB-PanSharpen/RGB-PanSharpen_AOI_3_Paris_img1263.tif,/content/spacenet_data/AOI_3_Paris_Train/geojson/buildings/buildings_AOI_3_Paris_img1263.geojson,650,650,14218,3.365207100591716,1,train
img613,/content/spacenet_data/AOI_3_Paris_Train/RGB-PanSharpen/RGB-PanSharpen_AOI_3_Paris_img613.tif,/content/spacenet_data/AOI_3_Paris_Train/geojson/buildings/buildings_AOI_3_Paris_img613.geojson,650,650,36845,8.720710059171598,1,train
img1831,/content/spacenet_data/AOI_3_Paris_Train/RGB-PanSharpen/RGB-PanSharpen_AOI_3_Paris_img1831.tif,/content/spacenet_data/AOI_3_Paris_Train/geojson/buildings/buildings_AOI_3_Paris_img1831.geojson,650,650,61262,14.499881656804734,1,train
img946,/content/spacenet_data/AOI_3_Paris_Train/RGB-PanSharpen/RGB-PanSharpen_AOI_3_Paris_img946.tif,/content/spacenet_data/AOI_3_Paris_Train/geojson/buildings/buildings_AOI_3_Paris_img946.geojson,650,650,0,0.0,0,train
img1663,/content/spacenet_data/AOI_3_Paris_Train/RGB-PanSharpen/RGB-PanSharpen_AOI_3_Paris_img1663.tif,/content/spacenet_data/AOI_3_Paris_Train/geojson/buildings/buildings_AOI_3_Paris_img1663.geojson,650,650,0,0.0,0,train
img23,/content/spacenet_data/AOI_3_Paris_Train/RGB-PanSharpen/RGB-PanSharpen_AOI_3_Paris_img23.tif,/content/spacenet_data/AOI_3_Paris_Train/geojson/buildings/buildings_AOI_3_Paris_img23.geojson,650,650,0,0.0,0,train
img1801,/content/spacenet_data/AOI_3_Paris_Train/RGB-PanSharpen/RGB-PanSharpen_AOI_3_Paris_img1801.tif,/content/spacenet_data/AOI_3_Paris_Train/geojson/buildings/buildings_AOI_3_Paris_img1801.geojson,650,650,0,0.0,0,train
img1553,/content/spacenet_data/AOI_3_Paris_Train/RGB-PanSharpen/RGB-PanSharpen_AOI_3_Paris_img1553.tif,/content/spacenet_data/AOI_3_Paris_Train/geojson/buildings/buildings_AOI_3_Paris_img1553.geojson,650,650,75392,17.844260355029586,1,train
img1268,/content/spacenet_data/AOI_3_Paris_Train/RGB-PanSharpen/RGB-PanSharpen_AOI_3_Paris_img1268.tif,/content/spacenet_data/AOI_3_Paris_Train/geojson/buildings/buildings_AOI_3_Paris_img1268.geojson,650,650,97593,23.0989349112426,1,train
img1467,/content/spacenet_data/AOI_3_Paris_Train/RGB-PanSharpen/RGB-PanSharpen_AOI_3_Paris_img1467.tif,/content/spacenet_data/AOI_3_Paris_Train/geojson/buildings/buildings_AOI_3_Paris_img1467.geojson,650,650,41310,9.777514792899408,1,train
img1784,/content/spacenet_data/AOI_3_Paris_Train/RGB-PanSharpen/RGB-PanSharpen_AOI_3_Paris_img1784.tif,/content/spacenet_data/AOI_3_Paris_Train/geojson/buildings/buildings_AOI_3_Paris_img1784.geojson,650,650,70284,16.63526627218935,1,train
img986,/content/spacenet_data/AOI_3_Paris_Train/RGB-PanSharpen/RGB-PanSharpen_AOI_3_Paris_img986.tif,/content/spacenet_data/AOI_3_Paris_Train/geojson/buildings/buildings_AOI_3_Paris_img986.geojson,650,650,0,0.0,0,train
img855,/content/spacenet_data/AOI_3_Paris_Train/RGB-PanSharpen/RGB-PanSharpen_AOI_3_Paris_img855.tif,/content/spacenet_data/AOI_3_Paris_Train/geojson/buildings/buildings_AOI_3_Paris_img855.geojson,650,650,0,0.0,0,train
img1466,/content/spacenet_data/AOI_3_Paris_Train/RGB-PanSharpen/RGB-PanSharpen_AOI_3_Paris_img1466.tif,/content/spacenet_data/AOI_3_Paris_Train/geojson/buildings/buildings_AOI_3_Paris_img1466.geojson,650,650,8887,2.103431952662722,1,train
img701,/content/spacenet_data/AOI_3_Paris_Train/RGB-PanSharpen/RGB-PanSharpen_AOI_3_Paris_img701.tif,/content/spacenet_data/AOI_3_Paris_Train/geojson/buildings/buildings_AOI_3_Paris_img701.geojson,650,650,40802,9.657278106508876,1,train
img314,/content/spacenet_data/AOI_3_Paris_Train/RGB-PanSharpen/RGB-PanSharpen_AOI_3_Paris_img314.tif,/content/spacenet_data/AOI_3_Paris_Train/geojson/buildings/buildings_AOI_3_Paris_img314.geojson,650,650,0,0.0,0,train
img480,/content/spacenet_data/AOI_3_Paris_Train/RGB-PanSharpen/RGB-PanSharpen_AOI_3_Paris_img480.tif,/content/spacenet_data/AOI_3_Paris_Train/geojson/buildings/buildings_AOI_3_Paris_img480.geojson,650,650,72269,17.10508875739645,1,train
img216,/content/spacenet_data/AOI_3_Paris_Train/RGB-PanSharpen/RGB-PanSharpen_AOI_3_Paris_img216.tif,/content/spacenet_data/AOI_3_Paris_Train/geojson/buildings/buildings_AOI_3_Paris_img216.geojson,650,650,114493,27.098934911242605,1,train
img461,/content/spacenet_data/AOI_3_Paris_Train/RGB-PanSharpen/RGB-PanSharpen_AOI_3_Paris_img461.tif,/content/spacenet_data/AOI_3_Paris_Train/geojson/buildings/buildings_AOI_3_Paris_img461.geojson,650,650,0,0.0,0,train
img696,/content/spacenet_data/AOI_3_Paris_Train/RGB-PanSharpen/RGB-PanSharpen_AOI_3_Paris_img696.tif,/content/spacenet_data/AOI_3_Paris_Train/geojson/buildings/buildings_AOI_3_Paris_img696.geojson,650,650,70967,16.796923076923076,1,train
img892,/content/spacenet_data/AOI_3_Paris_Train/RGB-PanSharpen/RGB-PanSharpen_AOI_3_Paris_img892.tif,/content/spacenet_data/AOI_3_Paris_Train/geojson/buildings/buildings_AOI_3_Paris_img892.geojson,650,650,0,0.0,0,train
img103,/content/spacenet_data/AOI_3_Paris_Train/RGB-PanSharpen/RGB-PanSharpen_AOI_3_Paris_img103.tif,/content/spacenet_data/AOI_3_Paris_Train/geojson/buildings/buildings_AOI_3_Paris_img103.geojson,650,650,30153,7.1368047337278115,1,train
img978,/content/spacenet_data/AOI_3_Paris_Train/RGB-PanSharpen/RGB-PanSharpen_AOI_3_Paris_img978.tif,/content/spacenet_data/AOI_3_Paris_Train/geojson/buildings/buildings_AOI_3_Paris_img978.geojson,650,650,0,0.0,0,train
img178,/content/spacenet_data/AOI_3_Paris_Train/RGB-PanSharpen/RGB-PanSharpen_AOI_3_Paris_img178.tif,/content/spacenet_data/AOI_3_Paris_Train/geojson/buildings/buildings_AOI_3_Paris_img178.geojson,650,650,2415,0.5715976331360947,1,train
img113,/content/spacenet_data/AOI_3_Paris_Train/RGB-PanSharpen/RGB-PanSharpen_AOI_3_Paris_img113.tif,/content/spacenet_data/AOI_3_Paris_Train/geojson/buildings/buildings_AOI_3_Paris_img113.geojson,650,650,71471,16.91621301775148,1,train
img4,/content/spacenet_data/AOI_3_Paris_Train/RGB-PanSharpen/RGB-PanSharpen_AOI_3_Paris_img4.tif,/content/spacenet_data/AOI_3_Paris_Train/geojson/buildings/buildings_AOI_3_Paris_img4.geojson,650,650,0,0.0,0,train
img26,/content/spacenet_data/AOI_3_Paris_Train/RGB-PanSharpen/RGB-PanSharpen_AOI_3_Paris_img26.tif,/content/spacenet_data/AOI_3_Paris_Train/geojson/buildings/buildings_AOI_3_Paris_img26.geojson,650,650,22653,5.361656804733728,1,train
img1691,/content/spacenet_data/AOI_3_Paris_Train/RGB-PanSharpen/RGB-PanSharpen_AOI_3_Paris_img1691.tif,/content/spacenet_data/AOI_3_Paris_Train/geojson/buildings/buildings_AOI_3_Paris_img1691.geojson,650,650,83445,19.750295857988164,1,train
img1082,/content/spacenet_data/AOI_3_Paris_Train/RGB-PanSharpen/RGB-PanSharpen_AOI_3_Paris_img1082.tif,/content/spacenet_data/AOI_3_Paris_Train/geojson/buildings/buildings_AOI_3_Paris_img1082.geojson,650,650,44231,10.46887573964497,1,train
img1378,/content/spacenet_data/AOI_3_Paris_Train/RGB-PanSharpen/RGB-PanSharpen_AOI_3_Paris_img1378.tif,/content/spacenet_data/AOI_3_Paris_Train/geojson/buildings/buildings_AOI_3_Paris_img1378.geojson,650,650,0,0.0,0,train
img1555,/content/spacenet_data/AOI_3_Paris_Train/RGB-PanSharpen/RGB-PanSharpen_AOI_3_Paris_img1555.tif,/content/spacenet_data/AOI_3_Paris_Train/geojson/buildings/buildings_AOI_3_Paris_img1555.geojson,650,650,70402,16.66319526627219,1,train
img1773,/content/spacenet_data/AOI_3_Paris_Train/RGB-PanSharpen/RGB-PanSharpen_AOI_3_Paris_img1773.tif,/content/spacenet_data/AOI_3_Paris_Train/geojson/buildings/buildings_AOI_3_Paris_img1773.geojson,650,650,87497,20.709349112426032,1,train
img870,/content/spacenet_data/AOI_3_Paris_Train/RGB-PanSharpen/RGB-PanSharpen_AOI_3_Paris_img870.tif,/content/spacenet_data/AOI_3_Paris_Train/geojson/buildings/buildings_AOI_3_Paris_img870.geojson,650,650,96164,22.7607100591716,1,train
img941,/content/spacenet_data/AOI_3_Paris_Train/RGB-PanSharpen/RGB-PanSharpen_AOI_3_Paris_img941.tif,/content/spacenet_data/AOI_3_Paris_Train/geojson/buildings/buildings_AOI_3_Paris_img941.geojson,650,650,0,0.0,0,train
img1389,/content/spacenet_data/AOI_3_Paris_Train/RGB-PanSharpen/RGB-PanSharpen_AOI_3_Paris_img1389.tif,/content/spacenet_data/AOI_3_Paris_Train/geojson/buildings/buildings_AOI_3_Paris_img1389.geojson,650,650,0,0.0,0,train
img1118,/content/spacenet_data/AOI_3_Paris_Train/RGB-PanSharpen/RGB-PanSharpen_AOI_3_Paris_img1118.tif,/content/spacenet_data/AOI_3_Paris_Train/geojson/buildings/buildings_AOI_3_Paris_img1118.geojson,650,650,0,0.0,0,train
img1696,/content/spacenet_data/AOI_3_Paris_Train/RGB-PanSharpen/RGB-PanSharpen_AOI_3_Paris_img1696.tif,/content/spacenet_data/AOI_3_Paris_Train/geojson/buildings/buildings_AOI_3_Paris_img1696.geojson,650,650,1306,0.30911242603550293,1,train
img193,/content/spacenet_data/AOI_3_Paris_Train/RGB-PanSharpen/RGB-PanSharpen_AOI_3_Paris_img193.tif,/content/spacenet_data/AOI_3_Paris_Train/geojson/buildings/buildings_AOI_3_Paris_img193.geojson,650,650,7088,1.6776331360946746,1,train
img41,/content/spacenet_data/AOI_3_Paris_Train/RGB-PanSharpen/RGB-PanSharpen_AOI_3_Paris_img41.tif,/content/spacenet_data/AOI_3_Paris_Train/geojson/buildings/buildings_AOI_3_Paris_img41.geojson,650,650,0,0.0,0,train
img244,/content/spacenet_data/AOI_3_Paris_Train/RGB-PanSharpen/RGB-PanSharpen_AOI_3_Paris_img244.tif,/content/spacenet_data/AOI_3_Paris_Train/geojson/buildings/buildings_AOI_3_Paris_img244.geojson,650,650,0,0.0,0,train
img111,/content/spacenet_data/AOI_3_Paris_Train/RGB-PanSharpen/RGB-PanSharpen_AOI_3_Paris_img111.tif,/content/spacenet_data/AOI_3_Paris_Train/geojson/buildings/buildings_AOI_3_Paris_img111.geojson,650,650,76098,18.01136094674556,1,train
img98,/content/spacenet_data/AOI_3_Paris_Train/RGB-PanSharpen/RGB-PanSharpen_AOI_3_Paris_img98.tif,/content/spacenet_data/AOI_3_Paris_Train/geojson/buildings/buildings_AOI_3_Paris_img98.geojson,650,650,0,0.0,0,train
img509,/content/spacenet_data/AOI_3_Paris_Train/RGB-PanSharpen/RGB-PanSharpen_AOI_3_Paris_img509.tif,/content/spacenet_data/AOI_3_Paris_Train/geojson/buildings/buildings_AOI_3_Paris_img509.geojson,650,650,136947,32.41349112426036,1,train
img706,/content/spacenet_data/AOI_3_Paris_Train/RGB-PanSharpen/RGB-PanSharpen_AOI_3_Paris_img706.tif,/content/spacenet_data/AOI_3_Paris_Train/geojson/buildings/buildings_AOI_3_Paris_img706.geojson,650,650,0,0.0,0,train
img1184,/content/spacenet_data/AOI_3_Paris_Train/RGB-PanSharpen/RGB-PanSharpen_AOI_3_Paris_img1184.tif,/content/spacenet_data/AOI_3_Paris_Train/geojson/buildings/buildings_AOI_3_Paris_img1184.geojson,650,650,71819,16.998579881656806,1,train
img1009,/content/spacenet_data/AOI_3_Paris_Train/RGB-PanSharpen/RGB-PanSharpen_AOI_3_Paris_img1009.tif,/content/spacenet_data/AOI_3_Paris_Train/geojson/buildings/buildings_AOI_3_Paris_img1009.geojson,650,650,98526,23.319763313609467,1,train
img1562,/content/spacenet_data/AOI_3_Paris_Train/RGB-PanSharpen/RGB-PanSharpen_AOI_3_Paris_img1562.tif,/content/spacenet_data/AOI_3_Paris_Train/geojson/buildings/buildings_AOI_3_Paris_img1562.geojson,650,650,2711,0.6416568047337279,1,train
img1810,/content/spacenet_data/AOI_3_Paris_Train/RGB-PanSharpen/RGB-PanSharpen_AOI_3_Paris_img1810.tif,/content/spacenet_data/AOI_3_Paris_Train/geojson/buildings/buildings_AOI_3_Paris_img1810.geojson,650,650,57160,13.528994082840237,1,train
img820,/content/spacenet_data/AOI_3_Paris_Train/RGB-PanSharpen/RGB-PanSharpen_AOI_3_Paris_img820.tif,/content/spacenet_data/AOI_3_Paris_Train/geojson/buildings/buildings_AOI_3_Paris_img820.geojson,650,650,87431,20.693727810650888,1,train
img621,/content/spacenet_data/AOI_3_Paris_Train/RGB-PanSharpen/RGB-PanSharpen_AOI_3_Paris_img621.tif,/content/spacenet_data/AOI_3_Paris_Train/geojson/buildings/buildings_AOI_3_Paris_img621.geojson,650,650,0,0.0,0,train
img1749,/content/spacenet_data/AOI_3_Paris_Train/RGB-PanSharpen/RGB-PanSharpen_AOI_3_Paris_img1749.tif,/content/spacenet_data/AOI_3_Paris_Train/geojson/buildings/buildings_AOI_3_Paris_img1749.geojson,650,650,10879,2.5749112426035503,1,train
img1596,/content/spacenet_data/AOI_3_Paris_Train/RGB-PanSharpen/RGB-PanSharpen_AOI_3_Paris_img1596.tif,/content/spacenet_data/AOI_3_Paris_Train/geojson/buildings/buildings_AOI_3_Paris_img1596.geojson,650,650,70967,16.796923076923076,1,train
img663,/content/spacenet_data/AOI_3_Paris_Train/RGB-PanSharpen/RGB-PanSharpen_AOI_3_Paris_img663.tif,/content/spacenet_data/AOI_3_Paris_Train/geojson/buildings/buildings_AOI_3_Paris_img663.geojson,650,650,0,0.0,0,train
img1527,/content/spacenet_data/AOI_3_Paris_Train/RGB-PanSharpen/RGB-PanSharpen_AOI_3_Paris_img1527.tif,/content/spacenet_data/AOI_3_Paris_Train/geojson/buildings/buildings_AOI_3_Paris_img1527.geojson,650,650,0,0.0,0,train
img225,/content/spacenet_data/AOI_3_Paris_Train/RGB-PanSharpen/RGB-PanSharpen_AOI_3_Paris_img225.tif,/content/spacenet_data/AOI_3_Paris_Train/geojson/buildings/buildings_AOI_3_Paris_img225.geojson,650,650,56419,13.353609467455621,1,train
img1281,/content/spacenet_data/AOI_3_Paris_Train/RGB-PanSharpen/RGB-PanSharpen_AOI_3_Paris_img1281.tif,/content/spacenet_data/AOI_3_Paris_Train/geojson/buildings/buildings_AOI_3_Paris_img1281.geojson,650,650,8392,1.9862721893491124,1,train
img1743,/content/spacenet_data/AOI_3_Paris_Train/RGB-PanSharpen/RGB-PanSharpen_AOI_3_Paris_img1743.tif,/content/spacenet_data/AOI_3_Paris_Train/geojson/buildings/buildings_AOI_3_Paris_img1743.geojson,650,650,0,0.0,0,train
img1226,/content/spacenet_data/AOI_3_Paris_Train/RGB-PanSharpen/RGB-PanSharpen_AOI_3_Paris_img1226.tif,/content/spacenet_data/AOI_3_Paris_Train/geojson/buildings/buildings_AOI_3_Paris_img1226.geojson,650,650,85962,20.34603550295858,1,train
img1322,/content/spacenet_data/AOI_3_Paris_Train/RGB-PanSharpen/RGB-PanSharpen_AOI_3_Paris_img1322.tif,/content/spacenet_data/AOI_3_Paris_Train/geojson/buildings/buildings_AOI_3_Paris_img1322.geojson,650,650,36035,8.528994082840237,1,train
img514,/content/spacenet_data/AOI_3_Paris_Train/RGB-PanSharpen/RGB-PanSharpen_AOI_3_Paris_img514.tif,/content/spacenet_data/AOI_3_Paris_Train/geojson/buildings/buildings_AOI_3_Paris_img514.geojson,650,650,0,0.0,0,train
img515,/content/spacenet_data/AOI_3_Paris_Train/RGB-PanSharpen/RGB-PanSharpen_AOI_3_Paris_img515.tif,/content/spacenet_data/AOI_3_Paris_Train/geojson/buildings/buildings_AOI_3_Paris_img515.geojson,650,650,33417,7.909349112426035,1,train
img617,/content/spacenet_data/AOI_3_Paris_Train/RGB-PanSharpen/RGB-PanSharpen_AOI_3_Paris_img617.tif,/content/spacenet_data/AOI_3_Paris_Train/geojson/buildings/buildings_AOI_3_Paris_img617.geojson,650,650,0,0.0,0,train
img435,/content/spacenet_data/AOI_3_Paris_Train/RGB-PanSharpen/RGB-PanSharpen_AOI_3_Paris_img435.tif,/content/spacenet_data/AOI_3_Paris_Train/geojson/buildings/buildings_AOI_3_Paris_img435.geojson,650,650,0,0.0,0,train
img1597,/content/spacenet_data/AOI_3_Paris_Train/RGB-PanSharpen/RGB-PanSharpen_AOI_3_Paris_img1597.tif,/content/spacenet_data/AOI_3_Paris_Train/geojson/buildings/buildings_AOI_3_Paris_img1597.geojson,650,650,73259,17.33940828402367,1,train
img1077,/content/spacenet_data/AOI_3_Paris_Train/RGB-PanSharpen/RGB-PanSharpen_AOI_3_Paris_img1077.tif,/content/spacenet_data/AOI_3_Paris_Train/geojson/buildings/buildings_AOI_3_Paris_img1077.geojson,650,650,0,0.0,0,train
img108,/content/spacenet_data/AOI_3_Paris_Train/RGB-PanSharpen/RGB-PanSharpen_AOI_3_Paris_img108.tif,/content/spacenet_data/AOI_3_Paris_Train/geojson/buildings/buildings_AOI_3_Paris_img108.geojson,650,650,0,0.0,0,train
img336,/content/spacenet_data/AOI_3_Paris_Train/RGB-PanSharpen/RGB-PanSharpen_AOI_3_Paris_img336.tif,/content/spacenet_data/AOI_3_Paris_Train/geojson/buildings/buildings_AOI_3_Paris_img336.geojson,650,650,0,0.0,0,train
img1898,/content/spacenet_data/AOI_3_Paris_Train/RGB-PanSharpen/RGB-PanSharpen_AOI_3_Paris_img1898.tif,/content/spacenet_data/AOI_3_Paris_Train/geojson/buildings/buildings_AOI_3_Paris_img1898.geojson,650,650,0,0.0,0,train
img230,/content/spacenet_data/AOI_3_Paris_Train/RGB-PanSharpen/RGB-PanSharpen_AOI_3_Paris_img230.tif,/content/spacenet_data/AOI_3_Paris_Train/geojson/buildings/buildings_AOI_3_Paris_img230.geojson,650,650,28308,6.700118343195266,1,train
img534,/content/spacenet_data/AOI_3_Paris_Train/RGB-PanSharpen/RGB-PanSharpen_AOI_3_Paris_img534.tif,/content/spacenet_data/AOI_3_Paris_Train/geojson/buildings/buildings_AOI_3_Paris_img534.geojson,650,650,0,0.0,0,train
img1246,/content/spacenet_data/AOI_3_Paris_Train/RGB-PanSharpen/RGB-PanSharpen_AOI_3_Paris_img1246.tif,/content/spacenet_data/AOI_3_Paris_Train/geojson/buildings/buildings_AOI_3_Paris_img1246.geojson,650,650,0,0.0,0,train
img1012,/content/spacenet_data/AOI_3_Paris_Train/RGB-PanSharpen/RGB-PanSharpen_AOI_3_Paris_img1012.tif,/content/spacenet_data/AOI_3_Paris_Train/geojson/buildings/buildings_AOI_3_Paris_img1012.geojson,650,650,23199,5.490887573964497,1,train
img217,/content/spacenet_data/AOI_3_Paris_Train/RGB-PanSharpen/RGB-PanSharpen_AOI_3_Paris_img217.tif,/content/spacenet_data/AOI_3_Paris_Train/geojson/buildings/buildings_AOI_3_Paris_img217.geojson,650,650,126159,29.860118343195268,1,train
img1701,/content/spacenet_data/AOI_3_Paris_Train/RGB-PanSharpen/RGB-PanSharpen_AOI_3_Paris_img1701.tif,/content/spacenet_data/AOI_3_Paris_Train/geojson/buildings/buildings_AOI_3_Paris_img1701.geojson,650,650,16984,4.019881656804734,1,train
img1254,/content/spacenet_data/AOI_3_Paris_Train/RGB-PanSharpen/RGB-PanSharpen_AOI_3_Paris_img1254.tif,/content/spacenet_data/AOI_3_Paris_Train/geojson/buildings/buildings_AOI_3_Paris_img1254.geojson,650,650,0,0.0,0,train
img1456,/content/spacenet_data/AOI_3_Paris_Train/RGB-PanSharpen/RGB-PanSharpen_AOI_3_Paris_img1456.tif,/content/spacenet_data/AOI_3_Paris_Train/geojson/buildings/buildings_AOI_3_Paris_img1456.geojson,650,650,88779,21.012781065088756,1,train
img999,/content/spacenet_data/AOI_3_Paris_Train/RGB-PanSharpen/RGB-PanSharpen_AOI_3_Paris_img999.tif,/content/spacenet_data/AOI_3_Paris_Train/geojson/buildings/buildings_AOI_3_Paris_img999.geojson,650,650,72616,17.187218934911243,1,train
img1615,/content/spacenet_data/AOI_3_Paris_Train/RGB-PanSharpen/RGB-PanSharpen_AOI_3_Paris_img1615.tif,/content/spacenet_data/AOI_3_Paris_Train/geojson/buildings/buildings_AOI_3_Paris_img1615.geojson,650,650,0,0.0,0,train
img1202,/content/spacenet_data/AOI_3_Paris_Train/RGB-PanSharpen/RGB-PanSharpen_AOI_3_Paris_img1202.tif,/content/spacenet_data/AOI_3_Paris_Train/geojson/buildings/buildings_AOI_3_Paris_img1202.geojson,650,650,0,0.0,0,train
img802,/content/spacenet_data/AOI_3_Paris_Train/RGB-PanSharpen/RGB-PanSharpen_AOI_3_Paris_img802.tif,/content/spacenet_data/AOI_3_Paris_Train/geojson/buildings/buildings_AOI_3_Paris_img802.geojson,650,650,0,0.0,0,train
img926,/content/spacenet_data/AOI_3_Paris_Train/RGB-PanSharpen/RGB-PanSharpen_AOI_3_Paris_img926.tif,/content/spacenet_data/AOI_3_Paris_Train/geojson/buildings/buildings_AOI_3_Paris_img926.geojson,650,650,13554,3.208047337278107,1,train
img1381,/content/spacenet_data/AOI_3_Paris_Train/RGB-PanSharpen/RGB-PanSharpen_AOI_3_Paris_img1381.tif,/content/spacenet_data/AOI_3_Paris_Train/geojson/buildings/buildings_AOI_3_Paris_img1381.geojson,650,650,0,0.0,0,train
img1704,/content/spacenet_data/AOI_3_Paris_Train/RGB-PanSharpen/RGB-PanSharpen_AOI_3_Paris_img1704.tif,/content/spacenet_data/AOI_3_Paris_Train/geojson/buildings/buildings_AOI_3_Paris_img1704.geojson,650,650,28022,6.6324260355029585,1,train
img958,/content/spacenet_data/AOI_3_Paris_Train/RGB-PanSharpen/RGB-PanSharpen_AOI_3_Paris_img958.tif,/content/spacenet_data/AOI_3_Paris_Train/geojson/buildings/buildings_AOI_3_Paris_img958.geojson,650,650,41435,9.807100591715976,1,train
img1265,/content/spacenet_data/AOI_3_Paris_Train/RGB-PanSharpen/RGB-PanSharpen_AOI_3_Paris_img1265.tif,/content/spacenet_data/AOI_3_Paris_Train/geojson/buildings/buildings_AOI_3_Paris_img1265.geojson,650,650,70901,16.781301775147927,1,train
img1733,/content/spacenet_data/AOI_3_Paris_Train/RGB-PanSharpen/RGB-PanSharpen_AOI_3_Paris_img1733.tif,/content/spacenet_data/AOI_3_Paris_Train/geojson/buildings/buildings_AOI_3_Paris_img1733.geojson,650,650,136827,32.38508875739645,1,train
img1780,/content/spacenet_data/AOI_3_Paris_Train/RGB-PanSharpen/RGB-PanSharpen_AOI_3_Paris_img1780.tif,/content/spacenet_data/AOI_3_Paris_Train/geojson/buildings/buildings_AOI_3_Paris_img1780.geojson,650,650,40345,9.549112426035503,1,train
img1579,/content/spacenet_data/AOI_3_Paris_Train/RGB-PanSharpen/RGB-PanSharpen_AOI_3_Paris_img1579.tif,/content/spacenet_data/AOI_3_Paris_Train/geojson/buildings/buildings_AOI_3_Paris_img1579.geojson,650,650,0,0.0,0,train
img871,/content/spacenet_data/AOI_3_Paris_Train/RGB-PanSharpen/RGB-PanSharpen_AOI_3_Paris_img871.tif,/content/spacenet_data/AOI_3_Paris_Train/geojson/buildings/buildings_AOI_3_Paris_img871.geojson,650,650,89994,21.3003550295858,1,train
img1859,/content/spacenet_data/AOI_3_Paris_Train/RGB-PanSharpen/RGB-PanSharpen_AOI_3_Paris_img1859.tif,/content/spacenet_data/AOI_3_Paris_Train/geojson/buildings/buildings_AOI_3_Paris_img1859.geojson,650,650,0,0.0,0,train
img1804,/content/spacenet_data/AOI_3_Paris_Train/RGB-PanSharpen/RGB-PanSharpen_AOI_3_Paris_img1804.tif,/content/spacenet_data/AOI_3_Paris_Train/geojson/buildings/buildings_AOI_3_Paris_img1804.geojson,650,650,0,0.0,0,train
img292,/content/spacenet_data/AOI_3_Paris_Train/RGB-PanSharpen/RGB-PanSharpen_AOI_3_Paris_img292.tif,/content/spacenet_data/AOI_3_Paris_Train/geojson/buildings/buildings_AOI_3_Paris_img292.geojson,650,650,3650,0.863905325443787,1,train
img146,/content/spacenet_data/AOI_3_Paris_Train/RGB-PanSharpen/RGB-PanSharpen_AOI_3_Paris_img146.tif,/content/spacenet_data/AOI_3_Paris_Train/geojson/buildings/buildings_AOI_3_Paris_img146.geojson,650,650,12129,2.870769230769231,1,train
img500,/content/spacenet_data/AOI_3_Paris_Train/RGB-PanSharpen/RGB-PanSharpen_AOI_3_Paris_img500.tif,/content/spacenet_data/AOI_3_Paris_Train/geojson/buildings/buildings_AOI_3_Paris_img500.geojson,650,650,0,0.0,0,train
img666,/content/spacenet_data/AOI_3_Paris_Train/RGB-PanSharpen/RGB-PanSharpen_AOI_3_Paris_img666.tif,/content/spacenet_data/AOI_3_Paris_Train/geojson/buildings/buildings_AOI_3_Paris_img666.geojson,650,650,0,0.0,0,train
img1658,/content/spacenet_data/AOI_3_Paris_Train/RGB-PanSharpen/RGB-PanSharpen_AOI_3_Paris_img1658.tif,/content/spacenet_data/AOI_3_Paris_Train/geojson/buildings/buildings_AOI_3_Paris_img1658.geojson,650,650,0,0.0,0,train
img357,/content/spacenet_data/AOI_3_Paris_Train/RGB-PanSharpen/RGB-PanSharpen_AOI_3_Paris_img357.tif,/content/spacenet_data/AOI_3_Paris_Train/geojson/buildings/buildings_AOI_3_Paris_img357.geojson,650,650,71481,16.918579881656804,1,train
img1566,/content/spacenet_data/AOI_3_Paris_Train/RGB-PanSharpen/RGB-PanSharpen_AOI_3_Paris_img1566.tif,/content/spacenet_data/AOI_3_Paris_Train/geojson/buildings/buildings_AOI_3_Paris_img1566.geojson,650,650,0,0.0,0,train
img1108,/content/spacenet_data/AOI_3_Paris_Train/RGB-PanSharpen/RGB-PanSharpen_AOI_3_Paris_img1108.tif,/content/spacenet_data/AOI_3_Paris_Train/geojson/buildings/buildings_AOI_3_Paris_img1108.geojson,650,650,0,0.0,0,train
img431,/content/spacenet_data/AOI_3_Paris_Train/RGB-PanSharpen/RGB-PanSharpen_AOI_3_Paris_img431.tif,/content/spacenet_data/AOI_3_Paris_Train/geojson/buildings/buildings_AOI_3_Paris_img431.geojson,650,650,11574,2.7394082840236686,1,train
img959,/content/spacenet_data/AOI_3_Paris_Train/RGB-PanSharpen/RGB-PanSharpen_AOI_3_Paris_img959.tif,/content/spacenet_data/AOI_3_Paris_Train/geojson/buildings/buildings_AOI_3_Paris_img959.geojson,650,650,88008,20.830295857988165,1,train
img661,/content/spacenet_data/AOI_3_Paris_Train/RGB-PanSharpen/RGB-PanSharpen_AOI_3_Paris_img661.tif,/content/spacenet_data/AOI_3_Paris_Train/geojson/buildings/buildings_AOI_3_Paris_img661.geojson,650,650,0,0.0,0,train
img280,/content/spacenet_data/AOI_3_Paris_Train/RGB-PanSharpen/RGB-PanSharpen_AOI_3_Paris_img280.tif,/content/spacenet_data/AOI_3_Paris_Train/geojson/buildings/buildings_AOI_3_Paris_img280.geojson,650,650,84705,20.048520710059172,1,train
img940,/content/spacenet_data/AOI_3_Paris_Train/RGB-PanSharpen/RGB-PanSharpen_AOI_3_Paris_img940.tif,/content/spacenet_data/AOI_3_Paris_Train/geojson/buildings/buildings_AOI_3_Paris_img940.geojson,650,650,0,0.0,0,train
img107,/content/spacenet_data/AOI_3_Paris_Train/RGB-PanSharpen/RGB-PanSharpen_AOI_3_Paris_img107.tif,/content/spacenet_data/AOI_3_Paris_Train/geojson/buildings/buildings_AOI_3_Paris_img107.geojson,650,650,39962,9.458461538461538,1,validation
img875,/content/spacenet_data/AOI_3_Paris_Train/RGB-PanSharpen/RGB-PanSharpen_AOI_3_Paris_img875.tif,/content/spacenet_data/AOI_3_Paris_Train/geojson/buildings/buildings_AOI_3_Paris_img875.geojson,650,650,70623,16.71550295857988,1,validation
img1390,/content/spacenet_data/AOI_3_Paris_Train/RGB-PanSharpen/RGB-PanSharpen_AOI_3_Paris_img1390.tif,/content/spacenet_data/AOI_3_Paris_Train/geojson/buildings/buildings_AOI_3_Paris_img1390.geojson,650,650,0,0.0,0,validation
img1788,/content/spacenet_data/AOI_3_Paris_Train/RGB-PanSharpen/RGB-PanSharpen_AOI_3_Paris_img1788.tif,/content/spacenet_data/AOI_3_Paris_Train/geojson/buildings/buildings_AOI_3_Paris_img1788.geojson,650,650,0,0.0,0,validation
img441,/content/spacenet_data/AOI_3_Paris_Train/RGB-PanSharpen/RGB-PanSharpen_AOI_3_Paris_img441.tif,/content/spacenet_data/AOI_3_Paris_Train/geojson/buildings/buildings_AOI_3_Paris_img441.geojson,650,650,0,0.0,0,validation
img119,/content/spacenet_data/AOI_3_Paris_Train/RGB-PanSharpen/RGB-PanSharpen_AOI_3_Paris_img119.tif,/content/spacenet_data/AOI_3_Paris_Train/geojson/buildings/buildings_AOI_3_Paris_img119.geojson,650,650,0,0.0,0,validation
img1136,/content/spacenet_data/AOI_3_Paris_Train/RGB-PanSharpen/RGB-PanSharpen_AOI_3_Paris_img1136.tif,/content/spacenet_data/AOI_3_Paris_Train/geojson/buildings/buildings_AOI_3_Paris_img1136.geojson,650,650,47219,11.176094674556213,1,validation
img202,/content/spacenet_data/AOI_3_Paris_Train/RGB-PanSharpen/RGB-PanSharpen_AOI_3_Paris_img202.tif,/content/spacenet_data/AOI_3_Paris_Train/geojson/buildings/buildings_AOI_3_Paris_img202.geojson,650,650,89713,21.23384615384615,1,validation
img1266,/content/spacenet_data/AOI_3_Paris_Train/RGB-PanSharpen/RGB-PanSharpen_AOI_3_Paris_img1266.tif,/content/spacenet_data/AOI_3_Paris_Train/geojson/buildings/buildings_AOI_3_Paris_img1266.geojson,650,650,77477,18.337751479289942,1,validation
img437,/content/spacenet_data/AOI_3_Paris_Train/RGB-PanSharpen/RGB-PanSharpen_AOI_3_Paris_img437.tif,/content/spacenet_data/AOI_3_Paris_Train/geojson/buildings/buildings_AOI_3_Paris_img437.geojson,650,650,0,0.0,0,validation
img301,/content/spacenet_data/AOI_3_Paris_Train/RGB-PanSharpen/RGB-PanSharpen_AOI_3_Paris_img301.tif,/content/spacenet_data/AOI_3_Paris_Train/geojson/buildings/buildings_AOI_3_Paris_img301.geojson,650,650,72896,17.253491124260357,1,validation
img287,/content/spacenet_data/AOI_3_Paris_Train/RGB-PanSharpen/RGB-PanSharpen_AOI_3_Paris_img287.tif,/content/spacenet_data/AOI_3_Paris_Train/geojson/buildings/buildings_AOI_3_Paris_img287.geojson,650,650,0,0.0,0,validation
img746,/content/spacenet_data/AOI_3_Paris_Train/RGB-PanSharpen/RGB-PanSharpen_AOI_3_Paris_img746.tif,/content/spacenet_data/AOI_3_Paris_Train/geojson/buildings/buildings_AOI_3_Paris_img746.geojson,650,650,49329,11.675502958579882,1,validation
img166,/content/spacenet_data/AOI_3_Paris_Train/RGB-PanSharpen/RGB-PanSharpen_AOI_3_Paris_img166.tif,/content/spacenet_data/AOI_3_Paris_Train/geojson/buildings/buildings_AOI_3_Paris_img166.geojson,650,650,47772,11.30698224852071,1,validation
img121,/content/spacenet_data/AOI_3_Paris_Train/RGB-PanSharpen/RGB-PanSharpen_AOI_3_Paris_img121.tif,/content/spacenet_data/AOI_3_Paris_Train/geojson/buildings/buildings_AOI_3_Paris_img121.geojson,650,650,56990,13.488757396449705,1,validation
img832,/content/spacenet_data/AOI_3_Paris_Train/RGB-PanSharpen/RGB-PanSharpen_AOI_3_Paris_img832.tif,/content/spacenet_data/AOI_3_Paris_Train/geojson/buildings/buildings_AOI_3_Paris_img832.geojson,650,650,60743,14.377041420118344,1,validation
img428,/content/spacenet_data/AOI_3_Paris_Train/RGB-PanSharpen/RGB-PanSharpen_AOI_3_Paris_img428.tif,/content/spacenet_data/AOI_3_Paris_Train/geojson/buildings/buildings_AOI_3_Paris_img428.geojson,650,650,0,0.0,0,validation
img576,/content/spacenet_data/AOI_3_Paris_Train/RGB-PanSharpen/RGB-PanSharpen_AOI_3_Paris_img576.tif,/content/spacenet_data/AOI_3_Paris_Train/geojson/buildings/buildings_AOI_3_Paris_img576.geojson,650,650,0,0.0,0,validation
img724,/content/spacenet_data/AOI_3_Paris_Train/RGB-PanSharpen/RGB-PanSharpen_AOI_3_Paris_img724.tif,/content/spacenet_data/AOI_3_Paris_Train/geojson/buildings/buildings_AOI_3_Paris_img724.geojson,650,650,18021,4.265325443786983,1,validation
img741,/content/spacenet_data/AOI_3_Paris_Train/RGB-PanSharpen/RGB-PanSharpen_AOI_3_Paris_img741.tif,/content/spacenet_data/AOI_3_Paris_Train/geojson/buildings/buildings_AOI_3_Paris_img741.geojson,650,650,87464,20.701538461538462,1,validation
img930,/content/spacenet_data/AOI_3_Paris_Train/RGB-PanSharpen/RGB-PanSharpen_AOI_3_Paris_img930.tif,/content/spacenet_data/AOI_3_Paris_Train/geojson/buildings/buildings_AOI_3_Paris_img930.geojson,650,650,0,0.0,0,validation
img228,/content/spacenet_data/AOI_3_Paris_Train/RGB-PanSharpen/RGB-PanSharpen_AOI_3_Paris_img228.tif,/content/spacenet_data/AOI_3_Paris_Train/geojson/buildings/buildings_AOI_3_Paris_img228.geojson,650,650,66812,15.813491124260354,1,validation
img1150,/content/spacenet_data/AOI_3_Paris_Train/RGB-PanSharpen/RGB-PanSharpen_AOI_3_Paris_img1150.tif,/content/spacenet_data/AOI_3_Paris_Train/geojson/buildings/buildings_AOI_3_Paris_img1150.geojson,650,650,0,0.0,0,validation
img1079,/content/spacenet_data/AOI_3_Paris_Train/RGB-PanSharpen/RGB-PanSharpen_AOI_3_Paris_img1079.tif,/content/spacenet_data/AOI_3_Paris_Train/geojson/buildings/buildings_AOI_3_Paris_img1079.geojson,650,650,5105,1.208284023668639,1,validation
img1760,/content/spacenet_data/AOI_3_Paris_Train/RGB-PanSharpen/RGB-PanSharpen_AOI_3_Paris_img1760.tif,/content/spacenet_data/AOI_3_Paris_Train/geojson/buildings/buildings_AOI_3_Paris_img1760.geojson,650,650,0,0.0,0,validation
img1814,/content/spacenet_data/AOI_3_Paris_Train/RGB-PanSharpen/RGB-PanSharpen_AOI_3_Paris_img1814.tif,/content/spacenet_data/AOI_3_Paris_Train/geojson/buildings/buildings_AOI_3_Paris_img1814.geojson,650,650,0,0.0,0,validation
img873,/content/spacenet_data/AOI_3_Paris_Train/RGB-PanSharpen/RGB-PanSharpen_AOI_3_Paris_img873.tif,/content/spacenet_data/AOI_3_Paris_Train/geojson/buildings/buildings_AOI_3_Paris_img873.geojson,650,650,61907,14.652544378698225,1,validation
img1415,/content/spacenet_data/AOI_3_Paris_Train/RGB-PanSharpen/RGB-PanSharpen_AOI_3_Paris_img1415.tif,/content/spacenet_data/AOI_3_Paris_Train/geojson/buildings/buildings_AOI_3_Paris_img1415.geojson,650,650,57642,13.643076923076924,1,validation
img1860,/content/spacenet_data/AOI_3_Paris_Train/RGB-PanSharpen/RGB-PanSharpen_AOI_3_Paris_img1860.tif,/content/spacenet_data/AOI_3_Paris_Train/geojson/buildings/buildings_AOI_3_Paris_img1860.geojson,650,650,0,0.0,0,validation
img1614,/content/spacenet_data/AOI_3_Paris_Train/RGB-PanSharpen/RGB-PanSharpen_AOI_3_Paris_img1614.tif,/content/spacenet_data/AOI_3_Paris_Train/geojson/buildings/buildings_AOI_3_Paris_img1614.geojson,650,650,0,0.0,0,validation
img186,/content/spacenet_data/AOI_3_Paris_Train/RGB-PanSharpen/RGB-PanSharpen_AOI_3_Paris_img186.tif,/content/spacenet_data/AOI_3_Paris_Train/geojson/buildings/buildings_AOI_3_Paris_img186.geojson,650,650,78272,18.525917159763313,1,validation
img1844,/content/spacenet_data/AOI_3_Paris_Train/RGB-PanSharpen/RGB-PanSharpen_AOI_3_Paris_img1844.tif,/content/spacenet_data/AOI_3_Paris_Train/geojson/buildings/buildings_AOI_3_Paris_img1844.geojson,650,650,0,0.0,0,validation
img775,/content/spacenet_data/AOI_3_Paris_Train/RGB-PanSharpen/RGB-PanSharpen_AOI_3_Paris_img775.tif,/content/spacenet_data/AOI_3_Paris_Train/geojson/buildings/buildings_AOI_3_Paris_img775.geojson,650,650,57336,13.570650887573965,1,validation
img895,/content/spacenet_data/AOI_3_Paris_Train/RGB-PanSharpen/RGB-PanSharpen_AOI_3_Paris_img895.tif,/content/spacenet_data/AOI_3_Paris_Train/geojson/buildings/buildings_AOI_3_Paris_img895.geojson,650,650,0,0.0,0,validation
img1888,/content/spacenet_data/AOI_3_Paris_Train/RGB-PanSharpen/RGB-PanSharpen_AOI_3_Paris_img1888.tif,/content/spacenet_data/AOI_3_Paris_Train/geojson/buildings/buildings_AOI_3_Paris_img1888.geojson,650,650,0,0.0,0,validation
img337,/content/spacenet_data/AOI_3_Paris_Train/RGB-PanSharpen/RGB-PanSharpen_AOI_3_Paris_img337.tif,/content/spacenet_data/AOI_3_Paris_Train/geojson/buildings/buildings_AOI_3_Paris_img337.geojson,650,650,0,0.0,0,validation
img300,/content/spacenet_data/AOI_3_Paris_Train/RGB-PanSharpen/RGB-PanSharpen_AOI_3_Paris_img300.tif,/content/spacenet_data/AOI_3_Paris_Train/geojson/buildings/buildings_AOI_3_Paris_img300.geojson,650,650,63480,15.024852071005917,1,validation
img1122,/content/spacenet_data/AOI_3_Paris_Train/RGB-PanSharpen/RGB-PanSharpen_AOI_3_Paris_img1122.tif,/content/spacenet_data/AOI_3_Paris_Train/geojson/buildings/buildings_AOI_3_Paris_img1122.geojson,650,650,0,0.0,0,validation
img134,/content/spacenet_data/AOI_3_Paris_Train/RGB-PanSharpen/RGB-PanSharpen_AOI_3_Paris_img134.tif,/content/spacenet_data/AOI_3_Paris_Train/geojson/buildings/buildings_AOI_3_Paris_img134.geojson,650,650,67018,15.86224852071006,1,validation
img1410,/content/spacenet_data/AOI_3_Paris_Train/RGB-PanSharpen/RGB-PanSharpen_AOI_3_Paris_img1410.tif,/content/spacenet_data/AOI_3_Paris_Train/geojson/buildings/buildings_AOI_3_Paris_img1410.geojson,650,650,64646,15.300828402366864,1,validation
img1684,/content/spacenet_data/AOI_3_Paris_Train/RGB-PanSharpen/RGB-PanSharpen_AOI_3_Paris_img1684.tif,/content/spacenet_data/AOI_3_Paris_Train/geojson/buildings/buildings_AOI_3_Paris_img1684.geojson,650,650,82891,19.619171597633137,1,validation
img1350,/content/spacenet_data/AOI_3_Paris_Train/RGB-PanSharpen/RGB-PanSharpen_AOI_3_Paris_img1350.tif,/content/spacenet_data/AOI_3_Paris_Train/geojson/buildings/buildings_AOI_3_Paris_img1350.geojson,650,650,0,0.0,0,validation
img299,/content/spacenet_data/AOI_3_Paris_Train/RGB-PanSharpen/RGB-PanSharpen_AOI_3_Paris_img299.tif,/content/spacenet_data/AOI_3_Paris_Train/geojson/buildings/buildings_AOI_3_Paris_img299.geojson,650,650,26886,6.363550295857988,1,validation
img511,/content/spacenet_data/AOI_3_Paris_Train/RGB-PanSharpen/RGB-PanSharpen_AOI_3_Paris_img511.tif,/content/spacenet_data/AOI_3_Paris_Train/geojson/buildings/buildings_AOI_3_Paris_img511.geojson,650,650,49762,11.777988165680474,1,validation
img1866,/content/spacenet_data/AOI_3_Paris_Train/RGB-PanSharpen/RGB-PanSharpen_AOI_3_Paris_img1866.tif,/content/spacenet_data/AOI_3_Paris_Train/geojson/buildings/buildings_AOI_3_Paris_img1866.geojson,650,650,2333,0.552189349112426,1,validation
img62,/content/spacenet_data/AOI_3_Paris_Train/RGB-PanSharpen/RGB-PanSharpen_AOI_3_Paris_img62.tif,/content/spacenet_data/AOI_3_Paris_Train/geojson/buildings/buildings_AOI_3_Paris_img62.geojson,650,650,0,0.0,0,validation
img1607,/content/spacenet_data/AOI_3_Paris_Train/RGB-PanSharpen/RGB-PanSharpen_AOI_3_Paris_img1607.tif,/content/spacenet_data/AOI_3_Paris_Train/geojson/buildings/buildings_AOI_3_Paris_img1607.geojson,650,650,55582,13.155502958579882,1,validation
img270,/content/spacenet_data/AOI_3_Paris_Train/RGB-PanSharpen/RGB-PanSharpen_AOI_3_Paris_img270.tif,/content/spacenet_data/AOI_3_Paris_Train/geojson/buildings/buildings_AOI_3_Paris_img270.geojson,650,650,0,0.0,0,validation
img987,/content/spacenet_data/AOI_3_Paris_Train/RGB-PanSharpen/RGB-PanSharpen_AOI_3_Paris_img987.tif,/content/spacenet_data/AOI_3_Paris_Train/geojson/buildings/buildings_AOI_3_Paris_img987.geojson,650,650,0,0.0,0,validation
img464,/content/spacenet_data/AOI_3_Paris_Train/RGB-PanSharpen/RGB-PanSharpen_AOI_3_Paris_img464.tif,/content/spacenet_data/AOI_3_Paris_Train/geojson/buildings/buildings_AOI_3_Paris_img464.geojson,650,650,7114,1.6837869822485207,1,validation
img1347,/content/spacenet_data/AOI_3_Paris_Train/RGB-PanSharpen/RGB-PanSharpen_AOI_3_Paris_img1347.tif,/content/spacenet_data/AOI_3_Paris_Train/geojson/buildings/buildings_AOI_3_Paris_img1347.geojson,650,650,0,0.0,0,validation
img528,/content/spacenet_data/AOI_3_Paris_Train/RGB-PanSharpen/RGB-PanSharpen_AOI_3_Paris_img528.tif,/content/spacenet_data/AOI_3_Paris_Train/geojson/buildings/buildings_AOI_3_Paris_img528.geojson,650,650,0,0.0,0,validation
img642,/content/spacenet_data/AOI_3_Paris_Train/RGB-PanSharpen/RGB-PanSharpen_AOI_3_Paris_img642.tif,/content/spacenet_data/AOI_3_Paris_Train/geojson/buildings/buildings_AOI_3_Paris_img642.geojson,650,650,66484,15.73585798816568,1,validation
img19,/content/spacenet_data/AOI_3_Paris_Train/RGB-PanSharpen/RGB-PanSharpen_AOI_3_Paris_img19.tif,/content/spacenet_data/AOI_3_Paris_Train/geojson/buildings/buildings_AOI_3_Paris_img19.geojson,650,650,249,0.05893491124260355,1,validation
img997,/content/spacenet_data/AOI_3_Paris_Train/RGB-PanSharpen/RGB-PanSharpen_AOI_3_Paris_img997.tif,/content/spacenet_data/AOI_3_Paris_Train/geojson/buildings/buildings_AOI_3_Paris_img997.geojson,650,650,82970,19.637869822485207,1,validation
img1741,/content/spacenet_data/AOI_3_Paris_Train/RGB-PanSharpen/RGB-PanSharpen_AOI_3_Paris_img1741.tif,/content/spacenet_data/AOI_3_Paris_Train/geojson/buildings/buildings_AOI_3_Paris_img1741.geojson,650,650,12885,3.049704142011834,1,validation
img1431,/content/spacenet_data/AOI_3_Paris_Train/RGB-PanSharpen/RGB-PanSharpen_AOI_3_Paris_img1431.tif,/content/spacenet_data/AOI_3_Paris_Train/geojson/buildings/buildings_AOI_3_Paris_img1431.geojson,650,650,0,0.0,0,validation
img815,/content/spacenet_data/AOI_3_Paris_Train/RGB-PanSharpen/RGB-PanSharpen_AOI_3_Paris_img815.tif,/content/spacenet_data/AOI_3_Paris_Train/geojson/buildings/buildings_AOI_3_Paris_img815.geojson,650,650,58956,13.954082840236687,1,validation
img416,/content/spacenet_data/AOI_3_Paris_Train/RGB-PanSharpen/RGB-PanSharpen_AOI_3_Paris_img416.tif,/content/spacenet_data/AOI_3_Paris_Train/geojson/buildings/buildings_AOI_3_Paris_img416.geojson,650,650,68962,16.322366863905323,1,validation
img563,/content/spacenet_data/AOI_3_Paris_Train/RGB-PanSharpen/RGB-PanSharpen_AOI_3_Paris_img563.tif,/content/spacenet_data/AOI_3_Paris_Train/geojson/buildings/buildings_AOI_3_Paris_img563.geojson,650,650,22281,5.273609467455621,1,validation
img715,/content/spacenet_data/AOI_3_Paris_Train/RGB-PanSharpen/RGB-PanSharpen_AOI_3_Paris_img715.tif,/content/spacenet_data/AOI_3_Paris_Train/geojson/buildings/buildings_AOI_3_Paris_img715.geojson,650,650,0,0.0,0,validation
img319,/content/spacenet_data/AOI_3_Paris_Train/RGB-PanSharpen/RGB-PanSharpen_AOI_3_Paris_img319.tif,/content/spacenet_data/AOI_3_Paris_Train/geojson/buildings/buildings_AOI_3_Paris_img319.geojson,650,650,0,0.0,0,validation
img827,/content/spacenet_data/AOI_3_Paris_Train/RGB-PanSharpen/RGB-PanSharpen_AOI_3_Paris_img827.tif,/content/spacenet_data/AOI_3_Paris_Train/geojson/buildings/buildings_AOI_3_Paris_img827.geojson,650,650,89041,21.074792899408283,1,validation
img1868,/content/spacenet_data/AOI_3_Paris_Train/RGB-PanSharpen/RGB-PanSharpen_AOI_3_Paris_img1868.tif,/content/spacenet_data/AOI_3_Paris_Train/geojson/buildings/buildings_AOI_3_Paris_img1868.geojson,650,650,22344,5.288520710059172,1,validation
img1618,/content/spacenet_data/AOI_3_Paris_Train/RGB-PanSharpen/RGB-PanSharpen_AOI_3_Paris_img1618.tif,/content/spacenet_data/AOI_3_Paris_Train/geojson/buildings/buildings_AOI_3_Paris_img1618.geojson,650,650,0,0.0,0,validation
img410,/content/spacenet_data/AOI_3_Paris_Train/RGB-PanSharpen/RGB-PanSharpen_AOI_3_Paris_img410.tif,/content/spacenet_data/AOI_3_Paris_Train/geojson/buildings/buildings_AOI_3_Paris_img410.geojson,650,650,28891,6.83810650887574,1,validation
img551,/content/spacenet_data/AOI_3_Paris_Train/RGB-PanSharpen/RGB-PanSharpen_AOI_3_Paris_img551.tif,/content/spacenet_data/AOI_3_Paris_Train/geojson/buildings/buildings_AOI_3_Paris_img551.geojson,650,650,83538,19.77230769230769,1,validation
img1152,/content/spacenet_data/AOI_3_Paris_Train/RGB-PanSharpen/RGB-PanSharpen_AOI_3_Paris_img1152.tif,/content/spacenet_data/AOI_3_Paris_Train/geojson/buildings/buildings_AOI_3_Paris_img1152.geojson,650,650,0,0.0,0,validation
img730,/content/spacenet_data/AOI_3_Paris_Train/RGB-PanSharpen/RGB-PanSharpen_AOI_3_Paris_img730.tif,/content/spacenet_data/AOI_3_Paris_Train/geojson/buildings/buildings_AOI_3_Paris_img730.geojson,650,650,89837,21.263195266272188,1,validation
img1204,/content/spacenet_data/AOI_3_Paris_Train/RGB-PanSharpen/RGB-PanSharpen_AOI_3_Paris_img1204.tif,/content/spacenet_data/AOI_3_Paris_Train/geojson/buildings/buildings_AOI_3_Paris_img1204.geojson,650,650,0,0.0,0,validation
img1712,/content/spacenet_data/AOI_3_Paris_Train/RGB-PanSharpen/RGB-PanSharpen_AOI_3_Paris_img1712.tif,/content/spacenet_data/AOI_3_Paris_Train/geojson/buildings/buildings_AOI_3_Paris_img1712.geojson,650,650,0,0.0,0,validation
img1523,/content/spacenet_data/AOI_3_Paris_Train/RGB-PanSharpen/RGB-PanSharpen_AOI_3_Paris_img1523.tif,/content/spacenet_data/AOI_3_Paris_Train/geojson/buildings/buildings_AOI_3_Paris_img1523.geojson,650,650,0,0.0,0,validation
img626,/content/spacenet_data/AOI_3_Paris_Train/RGB-PanSharpen/RGB-PanSharpen_AOI_3_Paris_img626.tif,/content/spacenet_data/AOI_3_Paris_Train/geojson/buildings/buildings_AOI_3_Paris_img626.geojson,650,650,0,0.0,0,validation
img303,/content/spacenet_data/AOI_3_Paris_Train/RGB-PanSharpen/RGB-PanSharpen_AOI_3_Paris_img303.tif,/content/spacenet_data/AOI_3_Paris_Train/geojson/buildings/buildings_AOI_3_Paris_img303.geojson,650,650,54188,12.825562130177515,1,validation
img1147,/content/spacenet_data/AOI_3_Paris_Train/RGB-PanSharpen/RGB-PanSharpen_AOI_3_Paris_img1147.tif,/content/spacenet_data/AOI_3_Paris_Train/geojson/buildings/buildings_AOI_3_Paris_img1147.geojson,650,650,41758,9.883550295857988,1,validation
img125,/content/spacenet_data/AOI_3_Paris_Train/RGB-PanSharpen/RGB-PanSharpen_AOI_3_Paris_img125.tif,/content/spacenet_data/AOI_3_Paris_Train/geojson/buildings/buildings_AOI_3_Paris_img125.geojson,650,650,89453,21.172307692307694,1,validation
img1546,/content/spacenet_data/AOI_3_Paris_Train/RGB-PanSharpen/RGB-PanSharpen_AOI_3_Paris_img1546.tif,/content/spacenet_data/AOI_3_Paris_Train/geojson/buildings/buildings_AOI_3_Paris_img1546.geojson,650,650,99639,23.583195266272188,1,validation
img1343,/content/spacenet_data/AOI_3_Paris_Train/RGB-PanSharpen/RGB-PanSharpen_AOI_3_Paris_img1343.tif,/content/spacenet_data/AOI_3_Paris_Train/geojson/buildings/buildings_AOI_3_Paris_img1343.geojson,650,650,0,0.0,0,validation
img1305,/content/spacenet_data/AOI_3_Paris_Train/RGB-PanSharpen/RGB-PanSharpen_AOI_3_Paris_img1305.tif,/content/spacenet_data/AOI_3_Paris_Train/geojson/buildings/buildings_AOI_3_Paris_img1305.geojson,650,650,0,0.0,0,validation
img694,/content/spacenet_data/AOI_3_Paris_Train/RGB-PanSharpen/RGB-PanSharpen_AOI_3_Paris_img694.tif,/content/spacenet_data/AOI_3_Paris_Train/geojson/buildings/buildings_AOI_3_Paris_img694.geojson,650,650,76951,18.21325443786982,1,validation
img240,/content/spacenet_data/AOI_3_Paris_Train/RGB-PanSharpen/RGB-PanSharpen_AOI_3_Paris_img240.tif,/content/spacenet_data/AOI_3_Paris_Train/geojson/buildings/buildings_AOI_3_Paris_img240.geojson,650,650,65722,15.555502958579881,1,validation
img894,/content/spacenet_data/AOI_3_Paris_Train/RGB-PanSharpen/RGB-PanSharpen_AOI_3_Paris_img894.tif,/content/spacenet_data/AOI_3_Paris_Train/geojson/buildings/buildings_AOI_3_Paris_img894.geojson,650,650,0,0.0,0,validation
img204,/content/spacenet_data/AOI_3_Paris_Train/RGB-PanSharpen/RGB-PanSharpen_AOI_3_Paris_img204.tif,/content/spacenet_data/AOI_3_Paris_Train/geojson/buildings/buildings_AOI_3_Paris_img204.geojson,650,650,1348,0.3190532544378698,1,validation
img1069,/content/spacenet_data/AOI_3_Paris_Train/RGB-PanSharpen/RGB-PanSharpen_AOI_3_Paris_img1069.tif,/content/spacenet_data/AOI_3_Paris_Train/geojson/buildings/buildings_AOI_3_Paris_img1069.geojson,650,650,0,0.0,0,validation
img627,/content/spacenet_data/AOI_3_Paris_Train/RGB-PanSharpen/RGB-PanSharpen_AOI_3_Paris_img627.tif,/content/spacenet_data/AOI_3_Paris_Train/geojson/buildings/buildings_AOI_3_Paris_img627.geojson,650,650,0,0.0,0,validation
img564,/content/spacenet_data/AOI_3_Paris_Train/RGB-PanSharpen/RGB-PanSharpen_AOI_3_Paris_img564.tif,/content/spacenet_data/AOI_3_Paris_Train/geojson/buildings/buildings_AOI_3_Paris_img564.geojson,650,650,67544,15.986745562130178,1,validation
img1318,/content/spacenet_data/AOI_3_Paris_Train/RGB-PanSharpen/RGB-PanSharpen_AOI_3_Paris_img1318.tif,/content/spacenet_data/AOI_3_Paris_Train/geojson/buildings/buildings_AOI_3_Paris_img1318.geojson,650,650,67951,16.083076923076923,1,validation
img584,/content/spacenet_data/AOI_3_Paris_Train/RGB-PanSharpen/RGB-PanSharpen_AOI_3_Paris_img584.tif,/content/spacenet_data/AOI_3_Paris_Train/geojson/buildings/buildings_AOI_3_Paris_img584.geojson,650,650,0,0.0,0,validation
img953,/content/spacenet_data/AOI_3_Paris_Train/RGB-PanSharpen/RGB-PanSharpen_AOI_3_Paris_img953.tif,/content/spacenet_data/AOI_3_Paris_Train/geojson/buildings/buildings_AOI_3_Paris_img953.geojson,650,650,72025,17.047337278106507,1,validation
img1668,/content/spacenet_data/AOI_3_Paris_Train/RGB-PanSharpen/RGB-PanSharpen_AOI_3_Paris_img1668.tif,/content/spacenet_data/AOI_3_Paris_Train/geojson/buildings/buildings_AOI_3_Paris_img1668.geojson,650,650,0,0.0,0,validation
img643,/content/spacenet_data/AOI_3_Paris_Train/RGB-PanSharpen/RGB-PanSharpen_AOI_3_Paris_img643.tif,/content/spacenet_data/AOI_3_Paris_Train/geojson/buildings/buildings_AOI_3_Paris_img643.geojson,650,650,8262,1.9555029585798818,1,validation
img506,/content/spacenet_data/AOI_3_Paris_Train/RGB-PanSharpen/RGB-PanSharpen_AOI_3_Paris_img506.tif,/content/spacenet_data/AOI_3_Paris_Train/geojson/buildings/buildings_AOI_3_Paris_img506.geojson,650,650,6644,1.572544378698225,1,validation
img1244,/content/spacenet_data/AOI_3_Paris_Train/RGB-PanSharpen/RGB-PanSharpen_AOI_3_Paris_img1244.tif,/content/spacenet_data/AOI_3_Paris_Train/geojson/buildings/buildings_AOI_3_Paris_img1244.geojson,650,650,0,0.0,0,validation
img561,/content/spacenet_data/AOI_3_Paris_Train/RGB-PanSharpen/RGB-PanSharpen_AOI_3_Paris_img561.tif,/content/spacenet_data/AOI_3_Paris_Train/geojson/buildings/buildings_AOI_3_Paris_img561.geojson,650,650,82281,19.474792899408282,1,validation
img1304,/content/spacenet_data/AOI_3_Paris_Train/RGB-PanSharpen/RGB-PanSharpen_AOI_3_Paris_img1304.tif,/content/spacenet_data/AOI_3_Paris_Train/geojson/buildings/buildings_AOI_3_Paris_img1304.geojson,650,650,0,0.0,0,validation
img949,/content/spacenet_data/AOI_3_Paris_Train/RGB-PanSharpen/RGB-PanSharpen_AOI_3_Paris_img949.tif,/content/spacenet_data/AOI_3_Paris_Train/geojson/buildings/buildings_AOI_3_Paris_img949.geojson,650,650,0,0.0,0,validation
img156,/content/spacenet_data/AOI_3_Paris_Train/RGB-PanSharpen/RGB-PanSharpen_AOI_3_Paris_img156.tif,/content/spacenet_data/AOI_3_Paris_Train/geojson/buildings/buildings_AOI_3_Paris_img156.geojson,650,650,69885,16.540828402366863,1,validation
img1449,/content/spacenet_data/AOI_3_Paris_Train/RGB-PanSharpen/RGB-PanSharpen_AOI_3_Paris_img1449.tif,/content/spacenet_data/AOI_3_Paris_Train/geojson/buildings/buildings_AOI_3_Paris_img1449.geojson,650,650,64514,15.269585798816568,1,validation
img1480,/content/spacenet_data/AOI_3_Paris_Train/RGB-PanSharpen/RGB-PanSharpen_AOI_3_Paris_img1480.tif,/content/spacenet_data/AOI_3_Paris_Train/geojson/buildings/buildings_AOI_3_Paris_img1480.geojson,650,650,0,0.0,0,validation
img650,/content/spacenet_data/AOI_3_Paris_Train/RGB-PanSharpen/RGB-PanSharpen_AOI_3_Paris_img650.tif,/content/spacenet_data/AOI_3_Paris_Train/geojson/buildings/buildings_AOI_3_Paris_img650.geojson,650,650,69091,16.352899408284024,1,validation
img1703,/content/spacenet_data/AOI_3_Paris_Train/RGB-PanSharpen/RGB-PanSharpen_AOI_3_Paris_img1703.tif,/content/spacenet_data/AOI_3_Paris_Train/geojson/buildings/buildings_AOI_3_Paris_img1703.geojson,650,650,43588,10.316686390532544,1,validation
img1855,/content/spacenet_data/AOI_3_Paris_Train/RGB-PanSharpen/RGB-PanSharpen_AOI_3_Paris_img1855.tif,/content/spacenet_data/AOI_3_Paris_Train/geojson/buildings/buildings_AOI_3_Paris_img1855.geojson,650,650,62795,14.862721893491123,1,validation
img74,/content/spacenet_data/AOI_3_Paris_Train/RGB-PanSharpen/RGB-PanSharpen_AOI_3_Paris_img74.tif,/content/spacenet_data/AOI_3_Paris_Train/geojson/buildings/buildings_AOI_3_Paris_img74.geojson,650,650,0,0.0,0,validation
img128,/content/spacenet_data/AOI_3_Paris_Train/RGB-PanSharpen/RGB-PanSharpen_AOI_3_Paris_img128.tif,/content/spacenet_data/AOI_3_Paris_Train/geojson/buildings/buildings_AOI_3_Paris_img128.geojson,650,650,33023,7.816094674556213,1,validation
img99,/content/spacenet_data/AOI_3_Paris_Train/RGB-PanSharpen/RGB-PanSharpen_AOI_3_Paris_img99.tif,/content/spacenet_data/AOI_3_Paris_Train/geojson/buildings/buildings_AOI_3_Paris_img99.geojson,650,650,7878,1.8646153846153848,1,validation
img6,/content/spacenet_data/AOI_3_Paris_Train/RGB-PanSharpen/RGB-PanSharpen_AOI_3_Paris_img6.tif,/content/spacenet_data/AOI_3_Paris_Train/geojson/buildings/buildings_AOI_3_Paris_img6.geojson,650,650,2724,0.644733727810651,1,validation
img709,/content/spacenet_data/AOI_3_Paris_Train/RGB-PanSharpen/RGB-PanSharpen_AOI_3_Paris_img709.tif,/content/spacenet_data/AOI_3_Paris_Train/geojson/buildings/buildings_AOI_3_Paris_img709.geojson,650,650,0,0.0,0,validation
img1857,/content/spacenet_data/AOI_3_Paris_Train/RGB-PanSharpen/RGB-PanSharpen_AOI_3_Paris_img1857.tif,/content/spacenet_data/AOI_3_Paris_Train/geojson/buildings/buildings_AOI_3_Paris_img1857.geojson,650,650,0,0.0,0,validation
img196,/content/spacenet_data/AOI_3_Paris_Train/RGB-PanSharpen/RGB-PanSharpen_AOI_3_Paris_img196.tif,/content/spacenet_data/AOI_3_Paris_Train/geojson/buildings/buildings_AOI_3_Paris_img196.geojson,650,650,26631,6.30319526627219,1,validation
img789,/content/spacenet_data/AOI_3_Paris_Train/RGB-PanSharpen/RGB-PanSharpen_AOI_3_Paris_img789.tif,/content/spacenet_data/AOI_3_Paris_Train/geojson/buildings/buildings_AOI_3_Paris_img789.geojson,650,650,55317,13.092781065088758,1,validation
img1902,/content/spacenet_data/AOI_3_Paris_Train/RGB-PanSharpen/RGB-PanSharpen_AOI_3_Paris_img1902.tif,/content/spacenet_data/AOI_3_Paris_Train/geojson/buildings/buildings_AOI_3_Paris_img1902.geojson,650,650,0,0.0,0,validation
img63,/content/spacenet_data/AOI_3_Paris_Train/RGB-PanSharpen/RGB-PanSharpen_AOI_3_Paris_img63.tif,/content/spacenet_data/AOI_3_Paris_Train/geojson/buildings/buildings_AOI_3_Paris_img63.geojson,650,650,0,0.0,0,validation
img1843,/content/spacenet_data/AOI_3_Paris_Train/RGB-PanSharpen/RGB-PanSharpen_AOI_3_Paris_img1843.tif,/content/spacenet_data/AOI_3_Paris_Train/geojson/buildings/buildings_AOI_3_Paris_img1843.geojson,650,650,0,0.0,0,validation
img923,/content/spacenet_data/AOI_3_Paris_Train/RGB-PanSharpen/RGB-PanSharpen_AOI_3_Paris_img923.tif,/content/spacenet_data/AOI_3_Paris_Train/geojson/buildings/buildings_AOI_3_Paris_img923.geojson,650,650,69969,16.560710059171598,1,validation
img1846,/content/spacenet_data/AOI_3_Paris_Train/RGB-PanSharpen/RGB-PanSharpen_AOI_3_Paris_img1846.tif,/content/spacenet_data/AOI_3_Paris_Train/geojson/buildings/buildings_AOI_3_Paris_img1846.geojson,650,650,0,0.0,0,validation
img1599,/content/spacenet_data/AOI_3_Paris_Train/RGB-PanSharpen/RGB-PanSharpen_AOI_3_Paris_img1599.tif,/content/spacenet_data/AOI_3_Paris_Train/geojson/buildings/buildings_AOI_3_Paris_img1599.geojson,650,650,30598,7.242130177514793,1,validation
img491,/content/spacenet_data/AOI_3_Paris_Train/RGB-PanSharpen/RGB-PanSharpen_AOI_3_Paris_img491.tif,/content/spacenet_data/AOI_3_Paris_Train/geojson/buildings/buildings_AOI_3_Paris_img491.geojson,650,650,0,0.0,0,validation
img182,/content/spacenet_data/AOI_3_Paris_Train/RGB-PanSharpen/RGB-PanSharpen_AOI_3_Paris_img182.tif,/content/spacenet_data/AOI_3_Paris_Train/geojson/buildings/buildings_AOI_3_Paris_img182.geojson,650,650,45110,10.676923076923076,1,validation
img24,/content/spacenet_data/AOI_3_Paris_Train/RGB-PanSharpen/RGB-PanSharpen_AOI_3_Paris_img24.tif,/content/spacenet_data/AOI_3_Paris_Train/geojson/buildings/buildings_AOI_3_Paris_img24.geojson,650,650,0,0.0,0,validation
img356,/content/spacenet_data/AOI_3_Paris_Train/RGB-PanSharpen/RGB-PanSharpen_AOI_3_Paris_img356.tif,/content/spacenet_data/AOI_3_Paris_Train/geojson/buildings/buildings_AOI_3_Paris_img356.geojson,650,650,58001,13.728047337278108,1,validation
img1648,/content/spacenet_data/AOI_3_Paris_Train/RGB-PanSharpen/RGB-PanSharpen_AOI_3_Paris_img1648.tif,/content/spacenet_data/AOI_3_Paris_Train/geojson/buildings/buildings_AOI_3_Paris_img1648.geojson,650,650,75993,17.986508875739645,1,validation
img427,/content/spacenet_data/AOI_3_Paris_Train/RGB-PanSharpen/RGB-PanSharpen_AOI_3_Paris_img427.tif,/content/spacenet_data/AOI_3_Paris_Train/geojson/buildings/buildings_AOI_3_Paris_img427.geojson,650,650,0,0.0,0,validation
img8,/content/spacenet_data/AOI_3_Paris_Train/RGB-PanSharpen/RGB-PanSharpen_AOI_3_Paris_img8.tif,/content/spacenet_data/AOI_3_Paris_Train/geojson/buildings/buildings_AOI_3_Paris_img8.geojson,650,650,0,0.0,0,validation
img1016,/content/spacenet_data/AOI_3_Paris_Train/RGB-PanSharpen/RGB-PanSharpen_AOI_3_Paris_img1016.tif,/content/spacenet_data/AOI_3_Paris_Train/geojson/buildings/buildings_AOI_3_Paris_img1016.geojson,650,650,36380,8.610650887573964,1,validation
img1491,/content/spacenet_data/AOI_3_Paris_Train/RGB-PanSharpen/RGB-PanSharpen_AOI_3_Paris_img1491.tif,/content/spacenet_data/AOI_3_Paris_Train/geojson/buildings/buildings_AOI_3_Paris_img1491.geojson,650,650,0,0.0,0,validation
img897,/content/spacenet_data/AOI_3_Paris_Train/RGB-PanSharpen/RGB-PanSharpen_AOI_3_Paris_img897.tif,/content/spacenet_data/AOI_3_Paris_Train/geojson/buildings/buildings_AOI_3_Paris_img897.geojson,650,650,0,0.0,0,validation
img1763,/content/spacenet_data/AOI_3_Paris_Train/RGB-PanSharpen/RGB-PanSharpen_AOI_3_Paris_img1763.tif,/content/spacenet_data/AOI_3_Paris_Train/geojson/buildings/buildings_AOI_3_Paris_img1763.geojson,650,650,0,0.0,0,validation
img209,/content/spacenet_data/AOI_3_Paris_Train/RGB-PanSharpen/RGB-PanSharpen_AOI_3_Paris_img209.tif,/content/spacenet_data/AOI_3_Paris_Train/geojson/buildings/buildings_AOI_3_Paris_img209.geojson,650,650,182,0.043076923076923075,1,validation
img289,/content/spacenet_data/AOI_3_Paris_Train/RGB-PanSharpen/RGB-PanSharpen_AOI_3_Paris_img289.tif,/content/spacenet_data/AOI_3_Paris_Train/geojson/buildings/buildings_AOI_3_Paris_img289.geojson,650,650,0,0.0,0,validation
img1889,/content/spacenet_data/AOI_3_Paris_Train/RGB-PanSharpen/RGB-PanSharpen_AOI_3_Paris_img1889.tif,/content/spacenet_data/AOI_3_Paris_Train/geojson/buildings/buildings_AOI_3_Paris_img1889.geojson,650,650,4414,1.044733727810651,1,validation
img298,/content/spacenet_data/AOI_3_Paris_Train/RGB-PanSharpen/RGB-PanSharpen_AOI_3_Paris_img298.tif,/content/spacenet_data/AOI_3_Paris_Train/geojson/buildings/buildings_AOI_3_Paris_img298.geojson,650,650,1973,0.4669822485207101,1,validation
img495,/content/spacenet_data/AOI_3_Paris_Train/RGB-PanSharpen/RGB-PanSharpen_AOI_3_Paris_img495.tif,/content/spacenet_data/AOI_3_Paris_Train/geojson/buildings/buildings_AOI_3_Paris_img495.geojson,650,650,0,0.0,0,validation
img1770,/content/spacenet_data/AOI_3_Paris_Train/RGB-PanSharpen/RGB-PanSharpen_AOI_3_Paris_img1770.tif,/content/spacenet_data/AOI_3_Paris_Train/geojson/buildings/buildings_AOI_3_Paris_img1770.geojson,650,650,1637,0.38745562130177513,1,validation
img1885,/content/spacenet_data/AOI_3_Paris_Train/RGB-PanSharpen/RGB-PanSharpen_AOI_3_Paris_img1885.tif,/content/spacenet_data/AOI_3_Paris_Train/geojson/buildings/buildings_AOI_3_Paris_img1885.geojson,650,650,0,0.0,0,validation
img1021,/content/spacenet_data/AOI_3_Paris_Train/RGB-PanSharpen/RGB-PanSharpen_AOI_3_Paris_img1021.tif,/content/spacenet_data/AOI_3_Paris_Train/geojson/buildings/buildings_AOI_3_Paris_img1021.geojson,650,650,0,0.0,0,validation
img1000,/content/spacenet_data/AOI_3_Paris_Train/RGB-PanSharpen/RGB-PanSharpen_AOI_3_Paris_img1000.tif,/content/spacenet_data/AOI_3_Paris_Train/geojson/buildings/buildings_AOI_3_Paris_img1000.geojson,650,650,75074,17.768994082840237,1,validation
img160,/content/spacenet_data/AOI_3_Paris_Train/RGB-PanSharpen/RGB-PanSharpen_AOI_3_Paris_img160.tif,/content/spacenet_data/AOI_3_Paris_Train/geojson/buildings/buildings_AOI_3_Paris_img160.geojson,650,650,9831,2.3268639053254434,1,validation
img310,/content/spacenet_data/AOI_3_Paris_Train/RGB-PanSharpen/RGB-PanSharpen_AOI_3_Paris_img310.tif,/content/spacenet_data/AOI_3_Paris_Train/geojson/buildings/buildings_AOI_3_Paris_img310.geojson,650,650,0,0.0,0,validation
img1577,/content/spacenet_data/AOI_3_Paris_Train/RGB-PanSharpen/RGB-PanSharpen_AOI_3_Paris_img1577.tif,/content/spacenet_data/AOI_3_Paris_Train/geojson/buildings/buildings_AOI_3_Paris_img1577.geojson,650,650,0,0.0,0,validation
img1772,/content/spacenet_data/AOI_3_Paris_Train/RGB-PanSharpen/RGB-PanSharpen_AOI_3_Paris_img1772.tif,/content/spacenet_data/AOI_3_Paris_Train/geojson/buildings/buildings_AOI_3_Paris_img1772.geojson,650,650,1807,0.42769230769230765,1,validation
img838,/content/spacenet_data/AOI_3_Paris_Train/RGB-PanSharpen/RGB-PanSharpen_AOI_3_Paris_img838.tif,/content/spacenet_data/AOI_3_Paris_Train/geojson/buildings/buildings_AOI_3_Paris_img838.geojson,650,650,2867,0.6785798816568047,1,validation
img92,/content/spacenet_data/AOI_3_Paris_Train/RGB-PanSharpen/RGB-PanSharpen_AOI_3_Paris_img92.tif,/content/spacenet_data/AOI_3_Paris_Train/geojson/buildings/buildings_AOI_3_Paris_img92.geojson,650,650,4836,1.1446153846153846,1,validation
img322,/content/spacenet_data/AOI_3_Paris_Train/RGB-PanSharpen/RGB-PanSharpen_AOI_3_Paris_img322.tif,/content/spacenet_data/AOI_3_Paris_Train/geojson/buildings/buildings_AOI_3_Paris_img322.geojson,650,650,0,0.0,0,validation
img1457,/content/spacenet_data/AOI_3_Paris_Train/RGB-PanSharpen/RGB-PanSharpen_AOI_3_Paris_img1457.tif,/content/spacenet_data/AOI_3_Paris_Train/geojson/buildings/buildings_AOI_3_Paris_img1457.geojson,650,650,27827,6.5862721893491125,1,validation
img1307,/content/spacenet_data/AOI_3_Paris_Train/RGB-PanSharpen/RGB-PanSharpen_AOI_3_Paris_img1307.tif,/content/spacenet_data/AOI_3_Paris_Train/geojson/buildings/buildings_AOI_3_Paris_img1307.geojson,650,650,0,0.0,0,validation
img73,/content/spacenet_data/AOI_3_Paris_Train/RGB-PanSharpen/RGB-PanSharpen_AOI_3_Paris_img73.tif,/content/spacenet_data/AOI_3_Paris_Train/geojson/buildings/buildings_AOI_3_Paris_img73.geojson,650,650,0,0.0,0,validation
img343,/content/spacenet_data/AOI_3_Paris_Train/RGB-PanSharpen/RGB-PanSharpen_AOI_3_Paris_img343.tif,/content/spacenet_data/AOI_3_Paris_Train/geojson/buildings/buildings_AOI_3_Paris_img343.geojson,650,650,949,0.2246153846153846,1,validation
img133,/content/spacenet_data/AOI_3_Paris_Train/RGB-PanSharpen/RGB-PanSharpen_AOI_3_Paris_img133.tif,/content/spacenet_data/AOI_3_Paris_Train/geojson/buildings/buildings_AOI_3_Paris_img133.geojson,650,650,39344,9.312189349112426,1,validation
img743,/content/spacenet_data/AOI_3_Paris_Train/RGB-PanSharpen/RGB-PanSharpen_AOI_3_Paris_img743.tif,/content/spacenet_data/AOI_3_Paris_Train/geojson/buildings/buildings_AOI_3_Paris_img743.geojson,650,650,61151,14.473609467455622,1,validation
img365,/content/spacenet_data/AOI_3_Paris_Train/RGB-PanSharpen/RGB-PanSharpen_AOI_3_Paris_img365.tif,/content/spacenet_data/AOI_3_Paris_Train/geojson/buildings/buildings_AOI_3_Paris_img365.geojson,650,650,0,0.0,0,validation
img1652,/content/spacenet_data/AOI_3_Paris_Train/RGB-PanSharpen/RGB-PanSharpen_AOI_3_Paris_img1652.tif,/content/spacenet_data/AOI_3_Paris_Train/geojson/buildings/buildings_AOI_3_Paris_img1652.geojson,650,650,17884,4.232899408284023,1,validation
img1308,/content/spacenet_data/AOI_3_Paris_Train/RGB-PanSharpen/RGB-PanSharpen_AOI_3_Paris_img1308.tif,/content/spacenet_data/AOI_3_Paris_Train/geojson/buildings/buildings_AOI_3_Paris_img1308.geojson,650,650,17353,4.107218934911243,1,validation
img123,/content/spacenet_data/AOI_3_Paris_Train/RGB-PanSharpen/RGB-PanSharpen_AOI_3_Paris_img123.tif,/content/spacenet_data/AOI_3_Paris_Train/geojson/buildings/buildings_AOI_3_Paris_img123.geojson,650,650,70699,16.733491124260354,1,validation
img254,/content/spacenet_data/AOI_3_Paris_Train/RGB-PanSharpen/RGB-PanSharpen_AOI_3_Paris_img254.tif,/content/spacenet_data/AOI_3_Paris_Train/geojson/buildings/buildings_AOI_3_Paris_img254.geojson,650,650,49206,11.646390532544379,1,validation
img1768,/content/spacenet_data/AOI_3_Paris_Train/RGB-PanSharpen/RGB-PanSharpen_AOI_3_Paris_img1768.tif,/content/spacenet_data/AOI_3_Paris_Train/geojson/buildings/buildings_AOI_3_Paris_img1768.geojson,650,650,0,0.0,0,validation
img690,/content/spacenet_data/AOI_3_Paris_Train/RGB-PanSharpen/RGB-PanSharpen_AOI_3_Paris_img690.tif,/content/spacenet_data/AOI_3_Paris_Train/geojson/buildings/buildings_AOI_3_Paris_img690.geojson,650,650,82615,19.553846153846155,1,validation
img1025,/content/spacenet_data/AOI_3_Paris_Train/RGB-PanSharpen/RGB-PanSharpen_AOI_3_Paris_img1025.tif,/content/spacenet_data/AOI_3_Paris_Train/geojson/buildings/buildings_AOI_3_Paris_img1025.geojson,650,650,0,0.0,0,validation
img347,/content/spacenet_data/AOI_3_Paris_Train/RGB-PanSharpen/RGB-PanSharpen_AOI_3_Paris_img347.tif,/content/spacenet_data/AOI_3_Paris_Train/geojson/buildings/buildings_AOI_3_Paris_img347.geojson,650,650,0,0.0,0,validation
img1598,/content/spacenet_data/AOI_3_Paris_Train/RGB-PanSharpen/RGB-PanSharpen_AOI_3_Paris_img1598.tif,/content/spacenet_data/AOI_3_Paris_Train/geojson/buildings/buildings_AOI_3_Paris_img1598.geojson,650,650,40384,9.558343195266271,1,validation
img975,/content/spacenet_data/AOI_3_Paris_Train/RGB-PanSharpen/RGB-PanSharpen_AOI_3_Paris_img975.tif,/content/spacenet_data/AOI_3_Paris_Train/geojson/buildings/buildings_AOI_3_Paris_img975.geojson,650,650,0,0.0,0,validation
img1011,/content/spacenet_data/AOI_3_Paris_Train/RGB-PanSharpen/RGB-PanSharpen_AOI_3_Paris_img1011.tif,/content/spacenet_data/AOI_3_Paris_Train/geojson/buildings/buildings_AOI_3_Paris_img1011.geojson,650,650,66323,15.69775147928994,1,validation
img824,/content/spacenet_data/AOI_3_Paris_Train/RGB-PanSharpen/RGB-PanSharpen_AOI_3_Paris_img824.tif,/content/spacenet_data/AOI_3_Paris_Train/geojson/buildings/buildings_AOI_3_Paris_img824.geojson,650,650,63283,14.978224852071007,1,validation
img1659,/content/spacenet_data/AOI_3_Paris_Train/RGB-PanSharpen/RGB-PanSharpen_AOI_3_Paris_img1659.tif,/content/spacenet_data/AOI_3_Paris_Train/geojson/buildings/buildings_AOI_3_Paris_img1659.geojson,650,650,0,0.0,0,validation
img847,/content/spacenet_data/AOI_3_Paris_Train/RGB-PanSharpen/RGB-PanSharpen_AOI_3_Paris_img847.tif,/content/spacenet_data/AOI_3_Paris_Train/geojson/buildings/buildings_AOI_3_Paris_img847.geojson,650,650,0,0.0,0,validation
img194,/content/spacenet_data/AOI_3_Paris_Train/RGB-PanSharpen/RGB-PanSharpen_AOI_3_Paris_img194.tif,/content/spacenet_data/AOI_3_Paris_Train/geojson/buildings/buildings_AOI_3_Paris_img194.geojson,650,650,0,0.0,0,validation
img679,/content/spacenet_data/AOI_3_Paris_Train/RGB-PanSharpen/RGB-PanSharpen_AOI_3_Paris_img679.tif,/content/spacenet_data/AOI_3_Paris_Train/geojson/buildings/buildings_AOI_3_Paris_img679.geojson,650,650,11734,2.777278106508876,1,validation
img791,/content/spacenet_data/AOI_3_Paris_Train/RGB-PanSharpen/RGB-PanSharpen_AOI_3_Paris_img791.tif,/content/spacenet_data/AOI_3_Paris_Train/geojson/buildings/buildings_AOI_3_Paris_img791.geojson,650,650,59972,14.194556213017751,1,validation
img1066,/content/spacenet_data/AOI_3_Paris_Train/RGB-PanSharpen/RGB-PanSharpen_AOI_3_Paris_img1066.tif,/content/spacenet_data/AOI_3_Paris_Train/geojson/buildings/buildings_AOI_3_Paris_img1066.geojson,650,650,0,0.0,0,validation
img1135,/content/spacenet_data/AOI_3_Paris_Train/RGB-PanSharpen/RGB-PanSharpen_AOI_3_Paris_img1135.tif,/content/spacenet_data/AOI_3_Paris_Train/geojson/buildings/buildings_AOI_3_Paris_img1135.geojson,650,650,69680,16.49230769230769,1,validation
img380,/content/spacenet_data/AOI_3_Paris_Train/RGB-PanSharpen/RGB-PanSharpen_AOI_3_Paris_img380.tif,/content/spacenet_data/AOI_3_Paris_Train/geojson/buildings/buildings_AOI_3_Paris_img380.geojson,650,650,0,0.0,0,validation
img1682,/content/spacenet_data/AOI_3_Paris_Train/RGB-PanSharpen/RGB-PanSharpen_AOI_3_Paris_img1682.tif,/content/spacenet_data/AOI_3_Paris_Train/geojson/buildings/buildings_AOI_3_Paris_img1682.geojson,650,650,10082,2.3862721893491123,1,validation
img212,/content/spacenet_data/AOI_3_Paris_Train/RGB-PanSharpen/RGB-PanSharpen_AOI_3_Paris_img212.tif,/content/spacenet_data/AOI_3_Paris_Train/geojson/buildings/buildings_AOI_3_Paris_img212.geojson,650,650,31051,7.349349112426036,1,validation
img443,/content/spacenet_data/AOI_3_Paris_Train/RGB-PanSharpen/RGB-PanSharpen_AOI_3_Paris_img443.tif,/content/spacenet_data/AOI_3_Paris_Train/geojson/buildings/buildings_AOI_3_Paris_img443.geojson,650,650,94506,22.36828402366864,1,validation
img1093,/content/spacenet_data/AOI_3_Paris_Train/RGB-PanSharpen/RGB-PanSharpen_AOI_3_Paris_img1093.tif,/content/spacenet_data/AOI_3_Paris_Train/geojson/buildings/buildings_AOI_3_Paris_img1093.geojson,650,650,72341,17.122130177514794,1,test
img1538,/content/spacenet_data/AOI_3_Paris_Train/RGB-PanSharpen/RGB-PanSharpen_AOI_3_Paris_img1538.tif,/content/spacenet_data/AOI_3_Paris_Train/geojson/buildings/buildings_AOI_3_Paris_img1538.geojson,650,650,0,0.0,0,test
img527,/content/spacenet_data/AOI_3_Paris_Train/RGB-PanSharpen/RGB-PanSharpen_AOI_3_Paris_img527.tif,/content/spacenet_data/AOI_3_Paris_Train/geojson/buildings/buildings_AOI_3_Paris_img527.geojson,650,650,0,0.0,0,test
img891,/content/spacenet_data/AOI_3_Paris_Train/RGB-PanSharpen/RGB-PanSharpen_AOI_3_Paris_img891.tif,/content/spacenet_data/AOI_3_Paris_Train/geojson/buildings/buildings_AOI_3_Paris_img891.geojson,650,650,0,0.0,0,test
img345,/content/spacenet_data/AOI_3_Paris_Train/RGB-PanSharpen/RGB-PanSharpen_AOI_3_Paris_img345.tif,/content/spacenet_data/AOI_3_Paris_Train/geojson/buildings/buildings_AOI_3_Paris_img345.geojson,650,650,0,0.0,0,test
img1595,/content/spacenet_data/AOI_3_Paris_Train/RGB-PanSharpen/RGB-PanSharpen_AOI_3_Paris_img1595.tif,/content/spacenet_data/AOI_3_Paris_Train/geojson/buildings/buildings_AOI_3_Paris_img1595.geojson,650,650,95605,22.628402366863906,1,test
img608,/content/spacenet_data/AOI_3_Paris_Train/RGB-PanSharpen/RGB-PanSharpen_AOI_3_Paris_img608.tif,/content/spacenet_data/AOI_3_Paris_Train/geojson/buildings/buildings_AOI_3_Paris_img608.geojson,650,650,14883,3.522603550295858,1,test
img494,/content/spacenet_data/AOI_3_Paris_Train/RGB-PanSharpen/RGB-PanSharpen_AOI_3_Paris_img494.tif,/content/spacenet_data/AOI_3_Paris_Train/geojson/buildings/buildings_AOI_3_Paris_img494.geojson,650,650,0,0.0,0,test
img707,/content/spacenet_data/AOI_3_Paris_Train/RGB-PanSharpen/RGB-PanSharpen_AOI_3_Paris_img707.tif,/content/spacenet_data/AOI_3_Paris_Train/geojson/buildings/buildings_AOI_3_Paris_img707.geojson,650,650,0,0.0,0,test
img1484,/content/spacenet_data/AOI_3_Paris_Train/RGB-PanSharpen/RGB-PanSharpen_AOI_3_Paris_img1484.tif,/content/spacenet_data/AOI_3_Paris_Train/geojson/buildings/buildings_AOI_3_Paris_img1484.geojson,650,650,0,0.0,0,test
img1534,/content/spacenet_data/AOI_3_Paris_Train/RGB-PanSharpen/RGB-PanSharpen_AOI_3_Paris_img1534.tif,/content/spacenet_data/AOI_3_Paris_Train/geojson/buildings/buildings_AOI_3_Paris_img1534.geojson,650,650,0,0.0,0,test
img1511,/content/spacenet_data/AOI_3_Paris_Train/RGB-PanSharpen/RGB-PanSharpen_AOI_3_Paris_img1511.tif,/content/spacenet_data/AOI_3_Paris_Train/geojson/buildings/buildings_AOI_3_Paris_img1511.geojson,650,650,69433,16.433846153846154,1,test
img1235,/content/spacenet_data/AOI_3_Paris_Train/RGB-PanSharpen/RGB-PanSharpen_AOI_3_Paris_img1235.tif,/content/spacenet_data/AOI_3_Paris_Train/geojson/buildings/buildings_AOI_3_Paris_img1235.geojson,650,650,12492,2.9566863905325445,1,test
img681,/content/spacenet_data/AOI_3_Paris_Train/RGB-PanSharpen/RGB-PanSharpen_AOI_3_Paris_img681.tif,/content/spacenet_data/AOI_3_Paris_Train/geojson/buildings/buildings_AOI_3_Paris_img681.geojson,650,650,77073,18.24213017751479,1,test
img844,/content/spacenet_data/AOI_3_Paris_Train/RGB-PanSharpen/RGB-PanSharpen_AOI_3_Paris_img844.tif,/content/spacenet_data/AOI_3_Paris_Train/geojson/buildings/buildings_AOI_3_Paris_img844.geojson,650,650,0,0.0,0,test
img1047,/content/spacenet_data/AOI_3_Paris_Train/RGB-PanSharpen/RGB-PanSharpen_AOI_3_Paris_img1047.tif,/content/spacenet_data/AOI_3_Paris_Train/geojson/buildings/buildings_AOI_3_Paris_img1047.geojson,650,650,77885,18.43431952662722,1,test
img1601,/content/spacenet_data/AOI_3_Paris_Train/RGB-PanSharpen/RGB-PanSharpen_AOI_3_Paris_img1601.tif,/content/spacenet_data/AOI_3_Paris_Train/geojson/buildings/buildings_AOI_3_Paris_img1601.geojson,650,650,77211,18.274792899408286,1,test
img1432,/content/spacenet_data/AOI_3_Paris_Train/RGB-PanSharpen/RGB-PanSharpen_AOI_3_Paris_img1432.tif,/content/spacenet_data/AOI_3_Paris_Train/geojson/buildings/buildings_AOI_3_Paris_img1432.geojson,650,650,0,0.0,0,test
img1179,/content/spacenet_data/AOI_3_Paris_Train/RGB-PanSharpen/RGB-PanSharpen_AOI_3_Paris_img1179.tif,/content/spacenet_data/AOI_3_Paris_Train/geojson/buildings/buildings_AOI_3_Paris_img1179.geojson,650,650,83353,19.728520710059172,1,test
img1851,/content/spacenet_data/AOI_3_Paris_Train/RGB-PanSharpen/RGB-PanSharpen_AOI_3_Paris_img1851.tif,/content/spacenet_data/AOI_3_Paris_Train/geojson/buildings/buildings_AOI_3_Paris_img1851.geojson,650,650,0,0.0,0,test
img1451,/content/spacenet_data/AOI_3_Paris_Train/RGB-PanSharpen/RGB-PanSharpen_AOI_3_Paris_img1451.tif,/content/spacenet_data/AOI_3_Paris_Train/geojson/buildings/buildings_AOI_3_Paris_img1451.geojson,650,650,92987,22.008757396449706,1,test
img1162,/content/spacenet_data/AOI_3_Paris_Train/RGB-PanSharpen/RGB-PanSharpen_AOI_3_Paris_img1162.tif,/content/spacenet_data/AOI_3_Paris_Train/geojson/buildings/buildings_AOI_3_Paris_img1162.geojson,650,650,0,0.0,0,test
img243,/content/spacenet_data/AOI_3_Paris_Train/RGB-PanSharpen/RGB-PanSharpen_AOI_3_Paris_img243.tif,/content/spacenet_data/AOI_3_Paris_Train/geojson/buildings/buildings_AOI_3_Paris_img243.geojson,650,650,29713,7.032662721893492,1,test
img372,/content/spacenet_data/AOI_3_Paris_Train/RGB-PanSharpen/RGB-PanSharpen_AOI_3_Paris_img372.tif,/content/spacenet_data/AOI_3_Paris_Train/geojson/buildings/buildings_AOI_3_Paris_img372.geojson,650,650,160,0.0378698224852071,1,test
img387,/content/spacenet_data/AOI_3_Paris_Train/RGB-PanSharpen/RGB-PanSharpen_AOI_3_Paris_img387.tif,/content/spacenet_data/AOI_3_Paris_Train/geojson/buildings/buildings_AOI_3_Paris_img387.geojson,650,650,68094,16.116923076923076,1,test
img260,/content/spacenet_data/AOI_3_Paris_Train/RGB-PanSharpen/RGB-PanSharpen_AOI_3_Paris_img260.tif,/content/spacenet_data/AOI_3_Paris_Train/geojson/buildings/buildings_AOI_3_Paris_img260.geojson,650,650,8101,1.917396449704142,1,test
img793,/content/spacenet_data/AOI_3_Paris_Train/RGB-PanSharpen/RGB-PanSharpen_AOI_3_Paris_img793.tif,/content/spacenet_data/AOI_3_Paris_Train/geojson/buildings/buildings_AOI_3_Paris_img793.geojson,650,650,1353,0.32023668639053254,1,test
img1223,/content/spacenet_data/AOI_3_Paris_Train/RGB-PanSharpen/RGB-PanSharpen_AOI_3_Paris_img1223.tif,/content/spacenet_data/AOI_3_Paris_Train/geojson/buildings/buildings_AOI_3_Paris_img1223.geojson,650,650,95289,22.553609467455622,1,test
img1812,/content/spacenet_data/AOI_3_Paris_Train/RGB-PanSharpen/RGB-PanSharpen_AOI_3_Paris_img1812.tif,/content/spacenet_data/AOI_3_Paris_Train/geojson/buildings/buildings_AOI_3_Paris_img1812.geojson,650,650,0,0.0,0,test
img853,/content/spacenet_data/AOI_3_Paris_Train/RGB-PanSharpen/RGB-PanSharpen_AOI_3_Paris_img853.tif,/content/spacenet_data/AOI_3_Paris_Train/geojson/buildings/buildings_AOI_3_Paris_img853.geojson,650,650,0,0.0,0,test
img75,/content/spacenet_data/AOI_3_Paris_Train/RGB-PanSharpen/RGB-PanSharpen_AOI_3_Paris_img75.tif,/content/spacenet_data/AOI_3_Paris_Train/geojson/buildings/buildings_AOI_3_Paris_img75.geojson,650,650,19666,4.654674556213018,1,test
img1278,/content/spacenet_data/AOI_3_Paris_Train/RGB-PanSharpen/RGB-PanSharpen_AOI_3_Paris_img1278.tif,/content/spacenet_data/AOI_3_Paris_Train/geojson/buildings/buildings_AOI_3_Paris_img1278.geojson,650,650,4853,1.148639053254438,1,test
img1574,/content/spacenet_data/AOI_3_Paris_Train/RGB-PanSharpen/RGB-PanSharpen_AOI_3_Paris_img1574.tif,/content/spacenet_data/AOI_3_Paris_Train/geojson/buildings/buildings_AOI_3_Paris_img1574.geojson,650,650,0,0.0,0,test
img1036,/content/spacenet_data/AOI_3_Paris_Train/RGB-PanSharpen/RGB-PanSharpen_AOI_3_Paris_img1036.tif,/content/spacenet_data/AOI_3_Paris_Train/geojson/buildings/buildings_AOI_3_Paris_img1036.geojson,650,650,2614,0.6186982248520709,1,test
img109,/content/spacenet_data/AOI_3_Paris_Train/RGB-PanSharpen/RGB-PanSharpen_AOI_3_Paris_img109.tif,/content/spacenet_data/AOI_3_Paris_Train/geojson/buildings/buildings_AOI_3_Paris_img109.geojson,650,650,16653,3.9415384615384617,1,test
img913,/content/spacenet_data/AOI_3_Paris_Train/RGB-PanSharpen/RGB-PanSharpen_AOI_3_Paris_img913.tif,/content/spacenet_data/AOI_3_Paris_Train/geojson/buildings/buildings_AOI_3_Paris_img913.geojson,650,650,63056,14.924497041420118,1,test
img867,/content/spacenet_data/AOI_3_Paris_Train/RGB-PanSharpen/RGB-PanSharpen_AOI_3_Paris_img867.tif,/content/spacenet_data/AOI_3_Paris_Train/geojson/buildings/buildings_AOI_3_Paris_img867.geojson,650,650,114168,27.022011834319525,1,test
img1081,/content/spacenet_data/AOI_3_Paris_Train/RGB-PanSharpen/RGB-PanSharpen_AOI_3_Paris_img1081.tif,/content/spacenet_data/AOI_3_Paris_Train/geojson/buildings/buildings_AOI_3_Paris_img1081.geojson,650,650,50449,11.940591715976332,1,test
img1620,/content/spacenet_data/AOI_3_Paris_Train/RGB-PanSharpen/RGB-PanSharpen_AOI_3_Paris_img1620.tif,/content/spacenet_data/AOI_3_Paris_Train/geojson/buildings/buildings_AOI_3_Paris_img1620.geojson,650,650,0,0.0,0,test
img1290,/content/spacenet_data/AOI_3_Paris_Train/RGB-PanSharpen/RGB-PanSharpen_AOI_3_Paris_img1290.tif,/content/spacenet_data/AOI_3_Paris_Train/geojson/buildings/buildings_AOI_3_Paris_img1290.geojson,650,650,0,0.0,0,test
img168,/content/spacenet_data/AOI_3_Paris_Train/RGB-PanSharpen/RGB-PanSharpen_AOI_3_Paris_img168.tif,/content/spacenet_data/AOI_3_Paris_Train/geojson/buildings/buildings_AOI_3_Paris_img168.geojson,650,650,66395,15.714792899408284,1,test
img1629,/content/spacenet_data/AOI_3_Paris_Train/RGB-PanSharpen/RGB-PanSharpen_AOI_3_Paris_img1629.tif,/content/spacenet_data/AOI_3_Paris_Train/geojson/buildings/buildings_AOI_3_Paris_img1629.geojson,650,650,53,0.012544378698224853,1,test
img317,/content/spacenet_data/AOI_3_Paris_Train/RGB-PanSharpen/RGB-PanSharpen_AOI_3_Paris_img317.tif,/content/spacenet_data/AOI_3_Paris_Train/geojson/buildings/buildings_AOI_3_Paris_img317.geojson,650,650,7227,1.7105325443786983,1,test
img1636,/content/spacenet_data/AOI_3_Paris_Train/RGB-PanSharpen/RGB-PanSharpen_AOI_3_Paris_img1636.tif,/content/spacenet_data/AOI_3_Paris_Train/geojson/buildings/buildings_AOI_3_Paris_img1636.geojson,650,650,176,0.04165680473372781,1,test
img1727,/content/spacenet_data/AOI_3_Paris_Train/RGB-PanSharpen/RGB-PanSharpen_AOI_3_Paris_img1727.tif,/content/spacenet_data/AOI_3_Paris_Train/geojson/buildings/buildings_AOI_3_Paris_img1727.geojson,650,650,43167,10.217041420118344,1,test
img1872,/content/spacenet_data/AOI_3_Paris_Train/RGB-PanSharpen/RGB-PanSharpen_AOI_3_Paris_img1872.tif,/content/spacenet_data/AOI_3_Paris_Train/geojson/buildings/buildings_AOI_3_Paris_img1872.geojson,650,650,0,0.0,0,test
img768,/content/spacenet_data/AOI_3_Paris_Train/RGB-PanSharpen/RGB-PanSharpen_AOI_3_Paris_img768.tif,/content/spacenet_data/AOI_3_Paris_Train/geojson/buildings/buildings_AOI_3_Paris_img768.geojson,650,650,0,0.0,0,test
img3,/content/spacenet_data/AOI_3_Paris_Train/RGB-PanSharpen/RGB-PanSharpen_AOI_3_Paris_img3.tif,/content/spacenet_data/AOI_3_Paris_Train/geojson/buildings/buildings_AOI_3_Paris_img3.geojson,650,650,0,0.0,0,test
img94,/content/spacenet_data/AOI_3_Paris_Train/RGB-PanSharpen/RGB-PanSharpen_AOI_3_Paris_img94.tif,/content/spacenet_data/AOI_3_Paris_Train/geojson/buildings/buildings_AOI_3_Paris_img94.geojson,650,650,0,0.0,0,test
img648,/content/spacenet_data/AOI_3_Paris_Train/RGB-PanSharpen/RGB-PanSharpen_AOI_3_Paris_img648.tif,/content/spacenet_data/AOI_3_Paris_Train/geojson/buildings/buildings_AOI_3_Paris_img648.geojson,650,650,89180,21.107692307692307,1,test
img1331,/content/spacenet_data/AOI_3_Paris_Train/RGB-PanSharpen/RGB-PanSharpen_AOI_3_Paris_img1331.tif,/content/spacenet_data/AOI_3_Paris_Train/geojson/buildings/buildings_AOI_3_Paris_img1331.geojson,650,650,26345,6.235502958579882,1,test
img1180,/content/spacenet_data/AOI_3_Paris_Train/RGB-PanSharpen/RGB-PanSharpen_AOI_3_Paris_img1180.tif,/content/spacenet_data/AOI_3_Paris_Train/geojson/buildings/buildings_AOI_3_Paris_img1180.geojson,650,650,80225,18.988165680473372,1,test
img403,/content/spacenet_data/AOI_3_Paris_Train/RGB-PanSharpen/RGB-PanSharpen_AOI_3_Paris_img403.tif,/content/spacenet_data/AOI_3_Paris_Train/geojson/buildings/buildings_AOI_3_Paris_img403.geojson,650,650,0,0.0,0,test
img998,/content/spacenet_data/AOI_3_Paris_Train/RGB-PanSharpen/RGB-PanSharpen_AOI_3_Paris_img998.tif,/content/spacenet_data/AOI_3_Paris_Train/geojson/buildings/buildings_AOI_3_Paris_img998.geojson,650,650,57915,13.707692307692307,1,test
img235,/content/spacenet_data/AOI_3_Paris_Train/RGB-PanSharpen/RGB-PanSharpen_AOI_3_Paris_img235.tif,/content/spacenet_data/AOI_3_Paris_Train/geojson/buildings/buildings_AOI_3_Paris_img235.geojson,650,650,16505,3.906508875739645,1,test
img956,/content/spacenet_data/AOI_3_Paris_Train/RGB-PanSharpen/RGB-PanSharpen_AOI_3_Paris_img956.tif,/content/spacenet_data/AOI_3_Paris_Train/geojson/buildings/buildings_AOI_3_Paris_img956.geojson,650,650,104219,24.667218934911244,1,test
img1013,/content/spacenet_data/AOI_3_Paris_Train/RGB-PanSharpen/RGB-PanSharpen_AOI_3_Paris_img1013.tif,/content/spacenet_data/AOI_3_Paris_Train/geojson/buildings/buildings_AOI_3_Paris_img1013.geojson,650,650,19460,4.6059171597633135,1,test
img760,/content/spacenet_data/AOI_3_Paris_Train/RGB-PanSharpen/RGB-PanSharpen_AOI_3_Paris_img760.tif,/content/spacenet_data/AOI_3_Paris_Train/geojson/buildings/buildings_AOI_3_Paris_img760.geojson,650,650,0,0.0,0,test
img1544,/content/spacenet_data/AOI_3_Paris_Train/RGB-PanSharpen/RGB-PanSharpen_AOI_3_Paris_img1544.tif,/content/spacenet_data/AOI_3_Paris_Train/geojson/buildings/buildings_AOI_3_Paris_img1544.geojson,650,650,10304,2.4388165680473373,1,test
img1807,/content/spacenet_data/AOI_3_Paris_Train/RGB-PanSharpen/RGB-PanSharpen_AOI_3_Paris_img1807.tif,/content/spacenet_data/AOI_3_Paris_Train/geojson/buildings/buildings_AOI_3_Paris_img1807.geojson,650,650,14817,3.5069822485207096,1,test
img833,/content/spacenet_data/AOI_3_Paris_Train/RGB-PanSharpen/RGB-PanSharpen_AOI_3_Paris_img833.tif,/content/spacenet_data/AOI_3_Paris_Train/geojson/buildings/buildings_AOI_3_Paris_img833.geojson,650,650,47015,11.127810650887573,1,test
img174,/content/spacenet_data/AOI_3_Paris_Train/RGB-PanSharpen/RGB-PanSharpen_AOI_3_Paris_img174.tif,/content/spacenet_data/AOI_3_Paris_Train/geojson/buildings/buildings_AOI_3_Paris_img174.geojson,650,650,89952,21.290414201183435,1,test
img1592,/content/spacenet_data/AOI_3_Paris_Train/RGB-PanSharpen/RGB-PanSharpen_AOI_3_Paris_img1592.tif,/content/spacenet_data/AOI_3_Paris_Train/geojson/buildings/buildings_AOI_3_Paris_img1592.geojson,650,650,83472,19.756686390532543,1,test
img1496,/content/spacenet_data/AOI_3_Paris_Train/RGB-PanSharpen/RGB-PanSharpen_AOI_3_Paris_img1496.tif,/content/spacenet_data/AOI_3_Paris_Train/geojson/buildings/buildings_AOI_3_Paris_img1496.geojson,650,650,74871,17.72094674556213,1,test
img339,/content/spacenet_data/AOI_3_Paris_Train/RGB-PanSharpen/RGB-PanSharpen_AOI_3_Paris_img339.tif,/content/spacenet_data/AOI_3_Paris_Train/geojson/buildings/buildings_AOI_3_Paris_img339.geojson,650,650,0,0.0,0,test
img191,/content/spacenet_data/AOI_3_Paris_Train/RGB-PanSharpen/RGB-PanSharpen_AOI_3_Paris_img191.tif,/content/spacenet_data/AOI_3_Paris_Train/geojson/buildings/buildings_AOI_3_Paris_img191.geojson,650,650,28829,6.823431952662721,1,test
img933,/content/spacenet_data/AOI_3_Paris_Train/RGB-PanSharpen/RGB-PanSharpen_AOI_3_Paris_img933.tif,/content/spacenet_data/AOI_3_Paris_Train/geojson/buildings/buildings_AOI_3_Paris_img933.geojson,650,650,0,0.0,0,test
img1142,/content/spacenet_data/AOI_3_Paris_Train/RGB-PanSharpen/RGB-PanSharpen_AOI_3_Paris_img1142.tif,/content/spacenet_data/AOI_3_Paris_Train/geojson/buildings/buildings_AOI_3_Paris_img1142.geojson,650,650,76950,18.213017751479292,1,test
img638,/content/spacenet_data/AOI_3_Paris_Train/RGB-PanSharpen/RGB-PanSharpen_AOI_3_Paris_img638.tif,/content/spacenet_data/AOI_3_Paris_Train/geojson/buildings/buildings_AOI_3_Paris_img638.geojson,650,650,39625,9.378698224852071,1,test
img390,/content/spacenet_data/AOI_3_Paris_Train/RGB-PanSharpen/RGB-PanSharpen_AOI_3_Paris_img390.tif,/content/spacenet_data/AOI_3_Paris_Train/geojson/buildings/buildings_AOI_3_Paris_img390.geojson,650,650,50519,11.95715976331361,1,test
img118,/content/spacenet_data/AOI_3_Paris_Train/RGB-PanSharpen/RGB-PanSharpen_AOI_3_Paris_img118.tif,/content/spacenet_data/AOI_3_Paris_Train/geojson/buildings/buildings_AOI_3_Paris_img118.geojson,650,650,111395,26.365680473372784,1,test
img241,/content/spacenet_data/AOI_3_Paris_Train/RGB-PanSharpen/RGB-PanSharpen_AOI_3_Paris_img241.tif,/content/spacenet_data/AOI_3_Paris_Train/geojson/buildings/buildings_AOI_3_Paris_img241.geojson,650,650,70294,16.637633136094674,1,test
img980,/content/spacenet_data/AOI_3_Paris_Train/RGB-PanSharpen/RGB-PanSharpen_AOI_3_Paris_img980.tif,/content/spacenet_data/AOI_3_Paris_Train/geojson/buildings/buildings_AOI_3_Paris_img980.geojson,650,650,0,0.0,0,test
img1454,/content/spacenet_data/AOI_3_Paris_Train/RGB-PanSharpen/RGB-PanSharpen_AOI_3_Paris_img1454.tif,/content/spacenet_data/AOI_3_Paris_Train/geojson/buildings/buildings_AOI_3_Paris_img1454.geojson,650,650,81680,19.332544378698223,1,test
img1461,/content/spacenet_data/AOI_3_Paris_Train/RGB-PanSharpen/RGB-PanSharpen_AOI_3_Paris_img1461.tif,/content/spacenet_data/AOI_3_Paris_Train/geojson/buildings/buildings_AOI_3_Paris_img1461.geojson,650,650,70996,16.80378698224852,1,test
img1071,/content/spacenet_data/AOI_3_Paris_Train/RGB-PanSharpen/RGB-PanSharpen_AOI_3_Paris_img1071.tif,/content/spacenet_data/AOI_3_Paris_Train/geojson/buildings/buildings_AOI_3_Paris_img1071.geojson,650,650,0,0.0,0,test
img1509,/content/spacenet_data/AOI_3_Paris_Train/RGB-PanSharpen/RGB-PanSharpen_AOI_3_Paris_img1509.tif,/content/spacenet_data/AOI_3_Paris_Train/geojson/buildings/buildings_AOI_3_Paris_img1509.geojson,650,650,107337,25.405207100591713,1,test
img1256,/content/spacenet_data/AOI_3_Paris_Train/RGB-PanSharpen/RGB-PanSharpen_AOI_3_Paris_img1256.tif,/content/spacenet_data/AOI_3_Paris_Train/geojson/buildings/buildings_AOI_3_Paris_img1256.geojson,650,650,0,0.0,0,test
img780,/content/spacenet_data/AOI_3_Paris_Train/RGB-PanSharpen/RGB-PanSharpen_AOI_3_Paris_img780.tif,/content/spacenet_data/AOI_3_Paris_Train/geojson/buildings/buildings_AOI_3_Paris_img780.geojson,650,650,57112,13.517633136094675,1,test
img960,/content/spacenet_data/AOI_3_Paris_Train/RGB-PanSharpen/RGB-PanSharpen_AOI_3_Paris_img960.tif,/content/spacenet_data/AOI_3_Paris_Train/geojson/buildings/buildings_AOI_3_Paris_img960.geojson,650,650,84143,19.915502958579882,1,test
img555,/content/spacenet_data/AOI_3_Paris_Train/RGB-PanSharpen/RGB-PanSharpen_AOI_3_Paris_img555.tif,/content/spacenet_data/AOI_3_Paris_Train/geojson/buildings/buildings_AOI_3_Paris_img555.geojson,650,650,46656,11.042840236686391,1,test
img332,/content/spacenet_data/AOI_3_Paris_Train/RGB-PanSharpen/RGB-PanSharpen_AOI_3_Paris_img332.tif,/content/spacenet_data/AOI_3_Paris_Train/geojson/buildings/buildings_AOI_3_Paris_img332.geojson,650,650,96246,22.780118343195266,1,test
img703,/content/spacenet_data/AOI_3_Paris_Train/RGB-PanSharpen/RGB-PanSharpen_AOI_3_Paris_img703.tif,/content/spacenet_data/AOI_3_Paris_Train/geojson/buildings/buildings_AOI_3_Paris_img703.geojson,650,650,35036,8.292544378698224,1,test
img1170,/content/spacenet_data/AOI_3_Paris_Train/RGB-PanSharpen/RGB-PanSharpen_AOI_3_Paris_img1170.tif,/content/spacenet_data/AOI_3_Paris_Train/geojson/buildings/buildings_AOI_3_Paris_img1170.geojson,650,650,44040,10.423668639053254,1,test
img1486,/content/spacenet_data/AOI_3_Paris_Train/RGB-PanSharpen/RGB-PanSharpen_AOI_3_Paris_img1486.tif,/content/spacenet_data/AOI_3_Paris_Train/geojson/buildings/buildings_AOI_3_Paris_img1486.geojson,650,650,0,0.0,0,test
img455,/content/spacenet_data/AOI_3_Paris_Train/RGB-PanSharpen/RGB-PanSharpen_AOI_3_Paris_img455.tif,/content/spacenet_data/AOI_3_Paris_Train/geojson/buildings/buildings_AOI_3_Paris_img455.geojson,650,650,0,0.0,0,test
img453,/content/spacenet_data/AOI_3_Paris_Train/RGB-PanSharpen/RGB-PanSharpen_AOI_3_Paris_img453.tif,/content/spacenet_data/AOI_3_Paris_Train/geojson/buildings/buildings_AOI_3_Paris_img453.geojson,650,650,0,0.0,0,test
img1334,/content/spacenet_data/AOI_3_Paris_Train/RGB-PanSharpen/RGB-PanSharpen_AOI_3_Paris_img1334.tif,/content/spacenet_data/AOI_3_Paris_Train/geojson/buildings/buildings_AOI_3_Paris_img1334.geojson,650,650,0,0.0,0,test
img994,/content/spacenet_data/AOI_3_Paris_Train/RGB-PanSharpen/RGB-PanSharpen_AOI_3_Paris_img994.tif,/content/spacenet_data/AOI_3_Paris_Train/geojson/buildings/buildings_AOI_3_Paris_img994.geojson,650,650,0,0.0,0,test
img88,/content/spacenet_data/AOI_3_Paris_Train/RGB-PanSharpen/RGB-PanSharpen_AOI_3_Paris_img88.tif,/content/spacenet_data/AOI_3_Paris_Train/geojson/buildings/buildings_AOI_3_Paris_img88.geojson,650,650,0,0.0,0,test
img137,/content/spacenet_data/AOI_3_Paris_Train/RGB-PanSharpen/RGB-PanSharpen_AOI_3_Paris_img137.tif,/content/spacenet_data/AOI_3_Paris_Train/geojson/buildings/buildings_AOI_3_Paris_img137.geojson,650,650,51279,12.137041420118342,1,test
img1201,/content/spacenet_data/AOI_3_Paris_Train/RGB-PanSharpen/RGB-PanSharpen_AOI_3_Paris_img1201.tif,/content/spacenet_data/AOI_3_Paris_Train/geojson/buildings/buildings_AOI_3_Paris_img1201.geojson,650,650,0,0.0,0,test
img641,/content/spacenet_data/AOI_3_Paris_Train/RGB-PanSharpen/RGB-PanSharpen_AOI_3_Paris_img641.tif,/content/spacenet_data/AOI_3_Paris_Train/geojson/buildings/buildings_AOI_3_Paris_img641.geojson,650,650,97286,23.02627218934911,1,test
img502,/content/spacenet_data/AOI_3_Paris_Train/RGB-PanSharpen/RGB-PanSharpen_AOI_3_Paris_img502.tif,/content/spacenet_data/AOI_3_Paris_Train/geojson/buildings/buildings_AOI_3_Paris_img502.geojson,650,650,0,0.0,0,test
img510,/content/spacenet_data/AOI_3_Paris_Train/RGB-PanSharpen/RGB-PanSharpen_AOI_3_Paris_img510.tif,/content/spacenet_data/AOI_3_Paris_Train/geojson/buildings/buildings_AOI_3_Paris_img510.geojson,650,650,251741,59.58366863905326,1,test
img693,/content/spacenet_data/AOI_3_Paris_Train/RGB-PanSharpen/RGB-PanSharpen_AOI_3_Paris_img693.tif,/content/spacenet_data/AOI_3_Paris_Train/geojson/buildings/buildings_AOI_3_Paris_img693.geojson,650,650,89420,21.16449704142012,1,test
img1754,/content/spacenet_data/AOI_3_Paris_Train/RGB-PanSharpen/RGB-PanSharpen_AOI_3_Paris_img1754.tif,/content/spacenet_data/AOI_3_Paris_Train/geojson/buildings/buildings_AOI_3_Paris_img1754.geojson,650,650,3624,0.8577514792899409,1,test
img304,/content/spacenet_data/AOI_3_Paris_Train/RGB-PanSharpen/RGB-PanSharpen_AOI_3_Paris_img304.tif,/content/spacenet_data/AOI_3_Paris_Train/geojson/buildings/buildings_AOI_3_Paris_img304.geojson,650,650,70916,16.78485207100592,1,test
img710,/content/spacenet_data/AOI_3_Paris_Train/RGB-PanSharpen/RGB-PanSharpen_AOI_3_Paris_img710.tif,/content/spacenet_data/AOI_3_Paris_Train/geojson/buildings/buildings_AOI_3_Paris_img710.geojson,650,650,0,0.0,0,test
img716,/content/spacenet_data/AOI_3_Paris_Train/RGB-PanSharpen/RGB-PanSharpen_AOI_3_Paris_img716.tif,/content/spacenet_data/AOI_3_Paris_Train/geojson/buildings/buildings_AOI_3_Paris_img716.geojson,650,650,0,0.0,0,test
img907,/content/spacenet_data/AOI_3_Paris_Train/RGB-PanSharpen/RGB-PanSharpen_AOI_3_Paris_img907.tif,/content/spacenet_data/AOI_3_Paris_Train/geojson/buildings/buildings_AOI_3_Paris_img907.geojson,650,650,37128,8.787692307692307,1,test
img1670,/content/spacenet_data/AOI_3_Paris_Train/RGB-PanSharpen/RGB-PanSharpen_AOI_3_Paris_img1670.tif,/content/spacenet_data/AOI_3_Paris_Train/geojson/buildings/buildings_AOI_3_Paris_img1670.geojson,650,650,0,0.0,0,test
img571,/content/spacenet_data/AOI_3_Paris_Train/RGB-PanSharpen/RGB-PanSharpen_AOI_3_Paris_img571.tif,/content/spacenet_data/AOI_3_Paris_Train/geojson/buildings/buildings_AOI_3_Paris_img571.geojson,650,650,0,0.0,0,test
img1164,/content/spacenet_data/AOI_3_Paris_Train/RGB-PanSharpen/RGB-PanSharpen_AOI_3_Paris_img1164.tif,/content/spacenet_data/AOI_3_Paris_Train/geojson/buildings/buildings_AOI_3_Paris_img1164.geojson,650,650,0,0.0,0,test
img1700,/content/spacenet_data/AOI_3_Paris_Train/RGB-PanSharpen/RGB-PanSharpen_AOI_3_Paris_img1700.tif,/content/spacenet_data/AOI_3_Paris_Train/geojson/buildings/buildings_AOI_3_Paris_img1700.geojson,650,650,799,0.18911242603550296,1,test
img367,/content/spacenet_data/AOI_3_Paris_Train/RGB-PanSharpen/RGB-PanSharpen_AOI_3_Paris_img367.tif,/content/spacenet_data/AOI_3_Paris_Train/geojson/buildings/buildings_AOI_3_Paris_img367.geojson,650,650,0,0.0,0,test
img1296,/content/spacenet_data/AOI_3_Paris_Train/RGB-PanSharpen/RGB-PanSharpen_AOI_3_Paris_img1296.tif,/content/spacenet_data/AOI_3_Paris_Train/geojson/buildings/buildings_AOI_3_Paris_img1296.geojson,650,650,0,0.0,0,test
img90,/content/spacenet_data/AOI_3_Paris_Train/RGB-PanSharpen/RGB-PanSharpen_AOI_3_Paris_img90.tif,/content/spacenet_data/AOI_3_Paris_Train/geojson/buildings/buildings_AOI_3_Paris_img90.geojson,650,650,5786,1.3694674556213018,1,test
img1196,/content/spacenet_data/AOI_3_Paris_Train/RGB-PanSharpen/RGB-PanSharpen_AOI_3_Paris_img1196.tif,/content/spacenet_data/AOI_3_Paris_Train/geojson/buildings/buildings_AOI_3_Paris_img1196.geojson,650,650,0,0.0,0,test
img50,/content/spacenet_data/AOI_3_Paris_Train/RGB-PanSharpen/RGB-PanSharpen_AOI_3_Paris_img50.tif,/content/spacenet_data/AOI_3_Paris_Train/geojson/buildings/buildings_AOI_3_Paris_img50.geojson,650,650,0,0.0,0,test
img1815,/content/spacenet_data/AOI_3_Paris_Train/RGB-PanSharpen/RGB-PanSharpen_AOI_3_Paris_img1815.tif,/content/spacenet_data/AOI_3_Paris_Train/geojson/buildings/buildings_AOI_3_Paris_img1815.geojson,650,650,0,0.0,0,test
img653,/content/spacenet_data/AOI_3_Paris_Train/RGB-PanSharpen/RGB-PanSharpen_AOI_3_Paris_img653.tif,/content/spacenet_data/AOI_3_Paris_Train/geojson/buildings/buildings_AOI_3_Paris_img653.geojson,650,650,59466,14.074792899408283,1,test
img56,/content/spacenet_data/AOI_3_Paris_Train/RGB-PanSharpen/RGB-PanSharpen_AOI_3_Paris_img56.tif,/content/spacenet_data/AOI_3_Paris_Train/geojson/buildings/buildings_AOI_3_Paris_img56.geojson,650,650,0,0.0,0,test
img1400,/content/spacenet_data/AOI_3_Paris_Train/RGB-PanSharpen/RGB-PanSharpen_AOI_3_Paris_img1400.tif,/content/spacenet_data/AOI_3_Paris_Train/geojson/buildings/buildings_AOI_3_Paris_img1400.geojson,650,650,101733,24.078816568047337,1,test
img674,/content/spacenet_data/AOI_3_Paris_Train/RGB-PanSharpen/RGB-PanSharpen_AOI_3_Paris_img674.tif,/content/spacenet_data/AOI_3_Paris_Train/geojson/buildings/buildings_AOI_3_Paris_img674.geojson,650,650,31479,7.450650887573965,1,test
img1337,/content/spacenet_data/AOI_3_Paris_Train/RGB-PanSharpen/RGB-PanSharpen_AOI_3_Paris_img1337.tif,/content/spacenet_data/AOI_3_Paris_Train/geojson/buildings/buildings_AOI_3_Paris_img1337.geojson,650,650,0,0.0,0,test
img1621,/content/spacenet_data/AOI_3_Paris_Train/RGB-PanSharpen/RGB-PanSharpen_AOI_3_Paris_img1621.tif,/content/spacenet_data/AOI_3_Paris_Train/geojson/buildings/buildings_AOI_3_Paris_img1621.geojson,650,650,0,0.0,0,test
img1908,/content/spacenet_data/AOI_3_Paris_Train/RGB-PanSharpen/RGB-PanSharpen_AOI_3_Paris_img1908.tif,/content/spacenet_data/AOI_3_Paris_Train/geojson/buildings/buildings_AOI_3_Paris_img1908.geojson,650,650,0,0.0,0,test
img1446,/content/spacenet_data/AOI_3_Paris_Train/RGB-PanSharpen/RGB-PanSharpen_AOI_3_Paris_img1446.tif,/content/spacenet_data/AOI_3_Paris_Train/geojson/buildings/buildings_AOI_3_Paris_img1446.geojson,650,650,86437,20.45846153846154,1,test
img1873,/content/spacenet_data/AOI_3_Paris_Train/RGB-PanSharpen/RGB-PanSharpen_AOI_3_Paris_img1873.tif,/content/spacenet_data/AOI_3_Paris_Train/geojson/buildings/buildings_AOI_3_Paris_img1873.geojson,650,650,0,0.0,0,test
img197,/content/spacenet_data/AOI_3_Paris_Train/RGB-PanSharpen/RGB-PanSharpen_AOI_3_Paris_img197.tif,/content/spacenet_data/AOI_3_Paris_Train/geojson/buildings/buildings_AOI_3_Paris_img197.geojson,650,650,34761,8.227455621301775,1,test
img1713,/content/spacenet_data/AOI_3_Paris_Train/RGB-PanSharpen/RGB-PanSharpen_AOI_3_Paris_img1713.tif,/content/spacenet_data/AOI_3_Paris_Train/geojson/buildings/buildings_AOI_3_Paris_img1713.geojson,650,650,0,0.0,0,test
img1633,/content/spacenet_data/AOI_3_Paris_Train/RGB-PanSharpen/RGB-PanSharpen_AOI_3_Paris_img1633.tif,/content/spacenet_data/AOI_3_Paris_Train/geojson/buildings/buildings_AOI_3_Paris_img1633.geojson,650,650,36656,8.675976331360946,1,test
img1623,/content/spacenet_data/AOI_3_Paris_Train/RGB-PanSharpen/RGB-PanSharpen_AOI_3_Paris_img1623.tif,/content/spacenet_data/AOI_3_Paris_Train/geojson/buildings/buildings_AOI_3_Paris_img1623.geojson,650,650,0,0.0,0,test
img385,/content/spacenet_data/AOI_3_Paris_Train/RGB-PanSharpen/RGB-PanSharpen_AOI_3_Paris_img385.tif,/content/spacenet_data/AOI_3_Paris_Train/geojson/buildings/buildings_AOI_3_Paris_img385.geojson,650,650,75246,17.809704142011835,1,test
img850,/content/spacenet_data/AOI_3_Paris_Train/RGB-PanSharpen/RGB-PanSharpen_AOI_3_Paris_img850.tif,/content/spacenet_data/AOI_3_Paris_Train/geojson/buildings/buildings_AOI_3_Paris_img850.geojson,650,650,0,0.0,0,test
img944,/content/spacenet_data/AOI_3_Paris_Train/RGB-PanSharpen/RGB-PanSharpen_AOI_3_Paris_img944.tif,/content/spacenet_data/AOI_3_Paris_Train/geojson/buildings/buildings_AOI_3_Paris_img944.geojson,650,650,0,0.0,0,test
img1086,/content/spacenet_data/AOI_3_Paris_Train/RGB-PanSharpen/RGB-PanSharpen_AOI_3_Paris_img1086.tif,/content/spacenet_data/AOI_3_Paris_Train/geojson/buildings/buildings_AOI_3_Paris_img1086.geojson,650,650,73177,17.32,1,test
img283,/content/spacenet_data/AOI_3_Paris_Train/RGB-PanSharpen/RGB-PanSharpen_AOI_3_Paris_img283.tif,/content/spacenet_data/AOI_3_Paris_Train/geojson/buildings/buildings_AOI_3_Paris_img283.geojson,650,650,18234,4.315739644970415,1,test
img651,/content/spacenet_data/AOI_3_Paris_Train/RGB-PanSharpen/RGB-PanSharpen_AOI_3_Paris_img651.tif,/content/spacenet_data/AOI_3_Paris_Train/geojson/buildings/buildings_AOI_3_Paris_img651.geojson,650,650,77382,18.315266272189348,1,test
img845,/content/spacenet_data/AOI_3_Paris_Train/RGB-PanSharpen/RGB-PanSharpen_AOI_3_Paris_img845.tif,/content/spacenet_data/AOI_3_Paris_Train/geojson/buildings/buildings_AOI_3_Paris_img845.geojson,650,650,0,0.0,0,test
img652,/content/spacenet_data/AOI_3_Paris_Train/RGB-PanSharpen/RGB-PanSharpen_AOI_3_Paris_img652.tif,/content/spacenet_data/AOI_3_Paris_Train/geojson/buildings/buildings_AOI_3_Paris_img652.geojson,650,650,75340,17.831952662721893,1,test
img1092,/content/spacenet_data/AOI_3_Paris_Train/RGB-PanSharpen/RGB-PanSharpen_AOI_3_Paris_img1092.tif,/content/spacenet_data/AOI_3_Paris_Train/geojson/buildings/buildings_AOI_3_Paris_img1092.geojson,650,650,39843,9.430295857988167,1,test
img40,/content/spacenet_data/AOI_3_Paris_Train/RGB-PanSharpen/RGB-PanSharpen_AOI_3_Paris_img40.tif,/content/spacenet_data/AOI_3_Paris_Train/geojson/buildings/buildings_AOI_3_Paris_img40.geojson,650,650,0,0.0,0,test
img792,/content/spacenet_data/AOI_3_Paris_Train/RGB-PanSharpen/RGB-PanSharpen_AOI_3_Paris_img792.tif,/content/spacenet_data/AOI_3_Paris_Train/geojson/buildings/buildings_AOI_3_Paris_img792.geojson,650,650,65594,15.525207100591714,1,test
img1270,/content/spacenet_data/AOI_3_Paris_Train/RGB-PanSharpen/RGB-PanSharpen_AOI_3_Paris_img1270.tif,/content/spacenet_data/AOI_3_Paris_Train/geojson/buildings/buildings_AOI_3_Paris_img1270.geojson,650,650,100622,23.815857988165682,1,test
img351,/content/spacenet_data/AOI_3_Paris_Train/RGB-PanSharpen/RGB-PanSharpen_AOI_3_Paris_img351.tif,/content/spacenet_data/AOI_3_Paris_Train/geojson/buildings/buildings_AOI_3_Paris_img351.geojson,650,650,0,0.0,0,test
img1393,/content/spacenet_data/AOI_3_Paris_Train/RGB-PanSharpen/RGB-PanSharpen_AOI_3_Paris_img1393.tif,/content/spacenet_data/AOI_3_Paris_Train/geojson/buildings/buildings_AOI_3_Paris_img1393.geojson,650,650,0,0.0,0,test
img1052,/content/spacenet_data/AOI_3_Paris_Train/RGB-PanSharpen/RGB-PanSharpen_AOI_3_Paris_img1052.tif,/content/spacenet_data/AOI_3_Paris_Train/geojson/buildings/buildings_AOI_3_Paris_img1052.geojson,650,650,90417,21.400473372781065,1,test
img1800,/content/spacenet_data/AOI_3_Paris_Train/RGB-PanSharpen/RGB-PanSharpen_AOI_3_Paris_img1800.tif,/content/spacenet_data/AOI_3_Paris_Train/geojson/buildings/buildings_AOI_3_Paris_img1800.geojson,650,650,0,0.0,0,test
img1039,/content/spacenet_data/AOI_3_Paris_Train/RGB-PanSharpen/RGB-PanSharpen_AOI_3_Paris_img1039.tif,/content/spacenet_data/AOI_3_Paris_Train/geojson/buildings/buildings_AOI_3_Paris_img1039.geojson,650,650,0,0.0,0,test
img1845,/content/spacenet_data/AOI_3_Paris_Train/RGB-PanSharpen/RGB-PanSharpen_AOI_3_Paris_img1845.tif,/content/spacenet_data/AOI_3_Paris_Train/geojson/buildings/buildings_AOI_3_Paris_img1845.geojson,650,650,0,0.0,0,test
img1619,/content/spacenet_data/AOI_3_Paris_Train/RGB-PanSharpen/RGB-PanSharpen_AOI_3_Paris_img1619.tif,/content/spacenet_data/AOI_3_Paris_Train/geojson/buildings/buildings_AOI_3_Paris_img1619.geojson,650,650,0,0.0,0,test
img305,/content/spacenet_data/AOI_3_Paris_Train/RGB-PanSharpen/RGB-PanSharpen_AOI_3_Paris_img305.tif,/content/spacenet_data/AOI_3_Paris_Train/geojson/buildings/buildings_AOI_3_Paris_img305.geojson,650,650,113642,26.897514792899408,1,test
img969,/content/spacenet_data/AOI_3_Paris_Train/RGB-PanSharpen/RGB-PanSharpen_AOI_3_Paris_img969.tif,/content/spacenet_data/AOI_3_Paris_Train/geojson/buildings/buildings_AOI_3_Paris_img969.geojson,650,650,62776,14.858224852071006,1,test
img46,/content/spacenet_data/AOI_3_Paris_Train/RGB-PanSharpen/RGB-PanSharpen_AOI_3_Paris_img46.tif,/content/spacenet_data/AOI_3_Paris_Train/geojson/buildings/buildings_AOI_3_Paris_img46.geojson,650,650,0,0.0,0,test
img863,/content/spacenet_data/AOI_3_Paris_Train/RGB-PanSharpen/RGB-PanSharpen_AOI_3_Paris_img863.tif,/content/spacenet_data/AOI_3_Paris_Train/geojson/buildings/buildings_AOI_3_Paris_img863.geojson,650,650,87563,20.72497041420118,1,test
img1526,/content/spacenet_data/AOI_3_Paris_Train/RGB-PanSharpen/RGB-PanSharpen_AOI_3_Paris_img1526.tif,/content/spacenet_data/AOI_3_Paris_Train/geojson/buildings/buildings_AOI_3_Paris_img1526.geojson,650,650,0,0.0,0,test
img1070,/content/spacenet_data/AOI_3_Paris_Train/RGB-PanSharpen/RGB-PanSharpen_AOI_3_Paris_img1070.tif,/content/spacenet_data/AOI_3_Paris_Train/geojson/buildings/buildings_AOI_3_Paris_img1070.geojson,650,650,0,0.0,0,test
img373,/content/spacenet_data/AOI_3_Paris_Train/RGB-PanSharpen/RGB-PanSharpen_AOI_3_Paris_img373.tif,/content/spacenet_data/AOI_3_Paris_Train/geojson/buildings/buildings_AOI_3_Paris_img373.geojson,650,650,0,0.0,0,test
img392,/content/spacenet_data/AOI_3_Paris_Train/RGB-PanSharpen/RGB-PanSharpen_AOI_3_Paris_img392.tif,/content/spacenet_data/AOI_3_Paris_Train/geojson/buildings/buildings_AOI_3_Paris_img392.geojson,650,650,3036,0.7185798816568048,1,test
img1117,/content/spacenet_data/AOI_3_Paris_Train/RGB-PanSharpen/RGB-PanSharpen_AOI_3_Paris_img1117.tif,/content/spacenet_data/AOI_3_Paris_Train/geojson/buildings/buildings_AOI_3_Paris_img1117.geojson,650,650,0,0.0,0,test
img434,/content/spacenet_data/AOI_3_Paris_Train/RGB-PanSharpen/RGB-PanSharpen_AOI_3_Paris_img434.tif,/content/spacenet_data/AOI_3_Paris_Train/geojson/buildings/buildings_AOI_3_Paris_img434.geojson,650,650,0,0.0,0,test
img1245,/content/spacenet_data/AOI_3_Paris_Train/RGB-PanSharpen/RGB-PanSharpen_AOI_3_Paris_img1245.tif,/content/spacenet_data/AOI_3_Paris_Train/geojson/buildings/buildings_AOI_3_Paris_img1245.geojson,650,650,0,0.0,0,test
img816,/content/spacenet_data/AOI_3_Paris_Train/RGB-PanSharpen/RGB-PanSharpen_AOI_3_Paris_img816.tif,/content/spacenet_data/AOI_3_Paris_Train/geojson/buildings/buildings_AOI_3_Paris_img816.geojson,650,650,64868,15.353372781065088,1,test
img1010,/content/spacenet_data/AOI_3_Paris_Train/RGB-PanSharpen/RGB-PanSharpen_AOI_3_Paris_img1010.tif,/content/spacenet_data/AOI_3_Paris_Train/geojson/buildings/buildings_AOI_3_Paris_img1010.geojson,650,650,66967,15.850177514792898,1,test
img1172,/content/spacenet_data/AOI_3_Paris_Train/RGB-PanSharpen/RGB-PanSharpen_AOI_3_Paris_img1172.tif,/content/spacenet_data/AOI_3_Paris_Train/geojson/buildings/buildings_AOI_3_Paris_img1172.geojson,650,650,0,0.0,0,test
img1420,/content/spacenet_data/AOI_3_Paris_Train/RGB-PanSharpen/RGB-PanSharpen_AOI_3_Paris_img1420.tif,/content/spacenet_data/AOI_3_Paris_Train/geojson/buildings/buildings_AOI_3_Paris_img1420.geojson,650,650,4314,1.0210650887573964,1,test
img990,/content/spacenet_data/AOI_3_Paris_Train/RGB-PanSharpen/RGB-PanSharpen_AOI_3_Paris_img990.tif,/content/spacenet_data/AOI_3_Paris_Train/geojson/buildings/buildings_AOI_3_Paris_img990.geojson,650,650,0,0.0,0,test
img206,/content/spacenet_data/AOI_3_Paris_Train/RGB-PanSharpen/RGB-PanSharpen_AOI_3_Paris_img206.tif,/content/spacenet_data/AOI_3_Paris_Train/geojson/buildings/buildings_AOI_3_Paris_img206.geojson,650,650,0,0.0,0,test
img1459,/content/spacenet_data/AOI_3_Paris_Train/RGB-PanSharpen/RGB-PanSharpen_AOI_3_Paris_img1459.tif,/content/spacenet_data/AOI_3_Paris_Train/geojson/buildings/buildings_AOI_3_Paris_img1459.geojson,650,650,55542,13.146035502958581,1,test
img1425,/content/spacenet_data/AOI_3_Paris_Train/RGB-PanSharpen/RGB-PanSharpen_AOI_3_Paris_img1425.tif,/content/spacenet_data/AOI_3_Paris_Train/geojson/buildings/buildings_AOI_3_Paris_img1425.geojson,650,650,0,0.0,0,test
img512,/content/spacenet_data/AOI_3_Paris_Train/RGB-PanSharpen/RGB-PanSharpen_AOI_3_Paris_img512.tif,/content/spacenet_data/AOI_3_Paris_Train/geojson/buildings/buildings_AOI_3_Paris_img512.geojson,650,650,3974,0.9405917159763313,1,test
img1735,/content/spacenet_data/AOI_3_Paris_Train/RGB-PanSharpen/RGB-PanSharpen_AOI_3_Paris_img1735.tif,/content/spacenet_data/AOI_3_Paris_Train/geojson/buildings/buildings_AOI_3_Paris_img1735.geojson,650,650,16308,3.859881656804734,1,test
img328,/content/spacenet_data/AOI_3_Paris_Train/RGB-PanSharpen/RGB-PanSharpen_AOI_3_Paris_img328.tif,/content/spacenet_data/AOI_3_Paris_Train/geojson/buildings/buildings_AOI_3_Paris_img328.geojson,650,650,75006,17.752899408284023,1,test
img1897,/content/spacenet_data/AOI_3_Paris_Train/RGB-PanSharpen/RGB-PanSharpen_AOI_3_Paris_img1897.tif,/content/spacenet_data/AOI_3_Paris_Train/geojson/buildings/buildings_AOI_3_Paris_img1897.geojson,650,650,0,0.0,0,test
img1289,/content/spacenet_data/AOI_3_Paris_Train/RGB-PanSharpen/RGB-PanSharpen_AOI_3_Paris_img1289.tif,/content/spacenet_data/AOI_3_Paris_Train/geojson/buildings/buildings_AOI_3_Paris_img1289.geojson,650,650,0,0.0,0,test
img1230,/content/spacenet_data/AOI_3_Paris_Train/RGB-PanSharpen/RGB-PanSharpen_AOI_3_Paris_img1230.tif,/content/spacenet_data/AOI_3_Paris_Train/geojson/buildings/buildings_AOI_3_Paris_img1230.geojson,650,650,96910,22.937278106508877,1,test
img1540,/content/spacenet_data/AOI_3_Paris_Train/RGB-PanSharpen/RGB-PanSharpen_AOI_3_Paris_img1540.tif,/content/spacenet_data/AOI_3_Paris_Train/geojson/buildings/buildings_AOI_3_Paris_img1540.geojson,650,650,72743,17.217278106508875,1,test
img628,/content/spacenet_data/AOI_3_Paris_Train/RGB-PanSharpen/RGB-PanSharpen_AOI_3_Paris_img628.tif,/content/spacenet_data/AOI_3_Paris_Train/geojson/buildings/buildings_AOI_3_Paris_img628.geojson,650,650,0,0.0,0,test
img691,/content/spacenet_data/AOI_3_Paris_Train/RGB-PanSharpen/RGB-PanSharpen_AOI_3_Paris_img691.tif,/content/spacenet_data/AOI_3_Paris_Train/geojson/buildings/buildings_AOI_3_Paris_img691.geojson,650,650,83508,19.765207100591716,1,test
img478,/content/spacenet_data/AOI_3_Paris_Train/RGB-PanSharpen/RGB-PanSharpen_AOI_3_Paris_img478.tif,/content/spacenet_data/AOI_3_Paris_Train/geojson/buildings/buildings_AOI_3_Paris_img478.geojson,650,650,72392,17.13420118343195,1,test
img1342,/content/spacenet_data/AOI_3_Paris_Train/RGB-PanSharpen/RGB-PanSharpen_AOI_3_Paris_img1342.tif,/content/spacenet_data/AOI_3_Paris_Train/geojson/buildings/buildings_AOI_3_Paris_img1342.geojson,650,650,0,0.0,0,test
