image_id,split,center_lon,center_lat,min_lon,max_lon,min_lat,max_lat,building_pixels,building_pixel_percent,building_polygon_count,total_building_area_m2,total_building_area_km2,iou,dice,precision,recall,predicted_building_pixels,predicted_coverage_percent
img795,train,2.25573389994,49.025768400000004,2.25485639994,2.25661139994,49.0248909,49.0266459,0,0.0,,,,,,,,,
img1158,train,2.26977389994,49.0327884,2.26889639994,2.27065139994,49.0319109,49.0336659,0,0.0,,,,,,,,,
img905,train,2.2609988999399997,48.9801384,2.26012139994,2.26187639994,48.9792609,48.9810159,84897,20.09396449704142,79.0,5035.4503382096145,0.005035450338209614,,,,,,
img1673,train,2.28907889993,49.0485834,2.28820139993,2.28995639993,49.0477059,49.0494609,0,0.0,,,,,,,,,
img1372,train,2.27854889993,49.0134834,2.27767139993,2.27942639993,49.0126059,49.0143609,10473,2.4788165680473373,5.0,620.8461452519768,0.0006208461452519769,,,,,,
img1730,train,2.29258889993,48.9871584,2.29171139993,2.29346639993,48.9862809,48.9880359,96757,22.901065088757395,73.0,5738.677915651842,0.005738677915651843,,,,,,
img519,train,2.24520389995,49.0134834,2.24432639995,2.24608139995,49.0126059,49.0143609,84977,20.112899408284022,35.0,5034.9759766209545,0.005034975976620955,,,,,,
img1112,train,2.26801889994,49.0310334,2.26714139994,2.26889639994,49.0301559,49.0319109,0,0.0,,,,,,,,,
img165,train,2.21887889996,49.016993400000004,2.21800139996,2.21975639996,49.0161159,49.0178709,30729,7.273136094674556,1.0,1820.8875480924457,0.0018208875480924458,,,,,,
img381,train,2.23818389995,49.008218400000004,2.23730639995,2.23906139995,49.0073409,49.0090959,7332,1.7353846153846153,2.0,434.61060712810615,0.00043461060712810613,,,,,,
img233,train,2.22765389995,49.0099734,2.22677639995,2.22853139995,49.0090959,49.0108509,0,0.0,,,,,,,,,
img276,train,2.2311638999500003,49.0152384,2.23028639995,2.23204139995,49.0143609,49.0161159,43533,10.303668639053253,33.0,2580.5871744844417,0.0025805871744844417,,,,,,
img1605,train,2.28732389993,49.011728399999996,2.28644639993,2.28820139993,49.0108509,49.0126059,27550,6.520710059171597,16.0,1634.2014180305036,0.0016342014180305037,,,,,,
img1626,train,2.28732389993,49.0485834,2.28644639993,2.28820139993,49.0477059,49.0494609,0,0.0,,,,,,,,,
img418,train,2.2399388999500003,49.0222584,2.23906139995,2.24081639995,49.0213809,49.0231359,64534,15.27431952662722,51.0,3822.9608651140647,0.003822960865114065,,,,,,
img962,train,2.26275389994,48.999443400000004,2.26187639994,2.26363139994,48.9985659,49.0003209,97749,23.135857988165682,58.0,5791.890081185657,0.005791890081185657,,,,,,
img587,train,2.24695889995,49.055603399999995,2.24608139995,2.24783639995,49.0547259,49.0564809,0,0.0,,,,,,,,,
img1173,train,2.27152889994,48.9801384,2.27065139994,2.27240639994,48.9792609,48.9810159,12245,2.898224852071006,5.0,726.1548914669486,0.0007261548914669486,,,,,,
img733,train,2.25397889994,48.9959334,2.25310139994,2.25485639994,48.9950559,48.9968109,91114,21.56544378698225,14.0,5399.890259131028,0.005399890259131028,,,,,,
img83,train,2.20659389996,49.0310334,2.20571639996,2.20747139996,49.0301559,49.0319109,0,0.0,,,,,,,,,
img616,train,2.248713899945,49.0275234,2.24783639995,2.24959139994,49.0266459,49.0284009,0,0.0,,,,,,,,,
img1588,train,2.28732389993,48.981893400000004,2.28644639993,2.28820139993,48.9810159,48.9827709,42649,10.094437869822485,9.0,2529.2005466272235,0.0025292005466272236,,,,,,
img139,train,2.21536889996,49.0275234,2.21449139996,2.21624639996,49.0266459,49.0284009,72076,17.059408284023668,23.0,4267.061638840803,0.004267061638840803,,,,,,
img1091,train,2.26801889994,48.994178399999996,2.26714139994,2.26889639994,48.9933009,48.9950559,53684,12.706272189349113,36.0,3182.9827773990455,0.0031829827773990453,,,,,,
img1018,train,2.26450889994,49.020503399999996,2.26363139994,2.26538639994,49.0196259,49.0213809,0,0.0,,,,,,,,,
img163,train,2.21887889996,49.0134834,2.21800139996,2.21975639996,49.0126059,49.0143609,8841,2.092544378698225,3.0,524.1350363720493,0.0005241350363720493,,,,,,
img1163,train,2.26977389994,49.0415634,2.26889639994,2.27065139994,49.0406859,49.0424409,0,0.0,,,,,,,,,
img1155,train,2.26977389994,49.0275234,2.26889639994,2.27065139994,49.0266459,49.0284009,0,0.0,,,,,,,,,
img594,train,2.248713899945,48.9889134,2.24783639995,2.24959139994,48.9880359,48.9897909,50670,11.992899408284023,12.0,3004.0519242051487,0.003004051924205149,,,,,,
img1762,train,2.29258889993,49.043318400000004,2.29171139993,2.29346639993,49.0424409,49.0441959,36934,8.741775147928994,17.0,2191.613888494595,0.002191613888494595,,,,,,
img736,train,2.25397889994,49.0011984,2.25310139994,2.25485639994,49.0003209,49.0020759,77772,18.407573964497043,54.0,4610.856655472621,0.0046108566554726215,,,,,,
img1495,train,2.28381389993,48.9836484,2.28293639993,2.28469139993,48.9827709,48.9845259,81485,19.286390532544377,28.0,4829.466805856821,0.0048294668058568215,,,,,,
img783,train,2.25573389994,49.0047084,2.25485639994,2.25661139994,49.0038309,49.0055859,76056,18.001420118343194,48.0,4507.206820123636,0.004507206820123636,,,,,,
img1187,train,2.27152889994,49.0047084,2.27065139994,2.27240639994,49.0038309,49.0055859,67045,15.868639053254437,44.0,3972.737037870693,0.003972737037870693,,,,,,
img1286,train,2.27503889993,49.020503399999996,2.27416139993,2.27591639993,49.0196259,49.0213809,0,0.0,,,,,,,,,
img463,train,2.24169389995,49.0450734,2.24081639995,2.24257139995,49.0441959,49.0459509,25779,6.101538461538461,9.0,1526.5991655535445,0.0015265991655535444,,,,,,
img904,train,2.2609988999399997,48.9783834,2.26012139994,2.26187639994,48.9775059,48.9792609,8300,1.9644970414201186,7.0,492.4714545151379,0.000492471454515138,,,,,,
img1750,train,2.29258889993,49.0222584,2.29171139993,2.29346639993,49.0213809,49.0231359,13204,3.1252071005917164,6.0,782.5999055280125,0.0007825999055280125,,,,,,
img1379,train,2.27854889993,49.025768400000004,2.27767139993,2.27942639993,49.0248909,49.0266459,574,0.13585798816568048,1.0,34.06539081671717,3.406539081671717e-05,,,,,,
img1035,train,2.26450889994,49.0503384,2.26363139994,2.26538639994,49.0494609,49.0512159,3463,0.8196449704142011,2.0,205.18291777124162,0.00020518291777124161,,,,,,
img1858,train,2.29609889993,49.0503384,2.29522139993,2.29697639993,49.0494609,49.0512159,0,0.0,,,,,,,,,
img1736,train,2.29258889993,48.9976884,2.29171139993,2.29346639993,48.9968109,48.9985659,94223,22.30130177514793,16.0,5585.648711336419,0.005585648711336419,,,,,,
img672,train,2.25046889994,49.046828399999995,2.24959139994,2.25134639994,49.0459509,49.0477059,0,0.0,,,,,,,,,
img1627,train,2.28732389993,49.0503384,2.28644639993,2.28820139993,49.0494609,49.0512159,0,0.0,,,,,,,,,
img1755,train,2.29258889993,49.0310334,2.29171139993,2.29346639993,49.0301559,49.0319109,560,0.13254437869822486,1.0,33.240124039509276,3.3240124039509275e-05,,,,,,
img490,train,2.2434488999499997,49.0310334,2.24257139995,2.24432639995,49.0301559,49.0319109,0,0.0,,,,,,,,,
img1027,train,2.26450889994,49.0362984,2.26363139994,2.26538639994,49.0354209,49.0371759,0,0.0,,,,,,,,,
img1589,train,2.28732389993,48.9836484,2.28644639993,2.28820139993,48.9827709,48.9845259,6893,1.6314792899408286,1.0,408.7480156936568,0.0004087480156936568,,,,,,
img848,train,2.2574888999400002,49.0398084,2.25661139994,2.25836639994,49.0389309,49.0406859,0,0.0,,,,,,,,,
img1792,train,2.29434389993,49.0152384,2.29346639993,2.29522139993,49.0143609,49.0161159,0,0.0,,,,,,,,,
img1460,train,2.28205889993,49.0047084,2.28118139993,2.28293639993,49.0038309,49.0055859,64929,15.367810650887574,30.0,3848.7590507636064,0.003848759050763606,,,,,,
img34,train,2.19606389997,49.043318400000004,2.19518639997,2.19694139997,49.0424409,49.0441959,441,0.10437869822485207,1.0,26.045279586694633,2.6045279586694632e-05,,,,,,
img1836,train,2.29609889993,49.011728399999996,2.29522139993,2.29697639993,49.0108509,49.0126059,5508,1.3036686390532544,3.0,326.2637001071587,0.0003262637001071587,,,,,,
img1338,train,2.27679389993,49.0327884,2.27591639993,2.27767139993,49.0319109,49.0336659,0,0.0,,,,,,,,,
img1865,train,2.297853899925,48.999443400000004,2.29697639993,2.29873139992,48.9985659,49.0003209,7111,1.6830769230769231,10.0,420.89602247082144,0.00042089602247082146,,,,,,
img1020,train,2.26450889994,49.0240134,2.26363139994,2.26538639994,49.0231359,49.0248909,0,0.0,,,,,,,,,
img1040,train,2.26626389994,48.981893400000004,2.26538639994,2.26714139994,48.9810159,48.9827709,17823,4.218461538461538,11.0,1056.5567975064746,0.0010565567975064746,,,,,,
img1391,train,2.27854889993,49.046828399999995,2.27767139993,2.27942639993,49.0459509,49.0477059,0,0.0,,,,,,,,,
img1065,train,2.26626389994,49.025768400000004,2.26538639994,2.26714139994,49.0248909,49.0266459,0,0.0,,,,,,,,,
img1776,train,2.29434389993,48.9871584,2.29346639993,2.29522139993,48.9862809,48.9880359,68226,16.148165680473372,50.0,4044.561096775014,0.004044561096775014,,,,,,
img811,train,2.25573389994,49.0538484,2.25485639994,2.25661139994,49.0529709,49.0547259,0,0.0,,,,,,,,,
img1109,train,2.26801889994,49.025768400000004,2.26714139994,2.26889639994,49.0248909,49.0266459,352,0.08331360946745563,1.0,20.963253552366755,2.0963253552366754e-05,,,,,,
img560,train,2.24695889995,49.008218400000004,2.24608139995,2.24783639995,49.0073409,49.0090959,91871,21.744615384615386,61.0,5445.348067919603,0.005445348067919603,,,,,,
img935,train,2.2609988999399997,49.0327884,2.26012139994,2.26187639994,49.0319109,49.0336659,0,0.0,,,,,,,,,
img219,train,2.22414389995,49.0398084,2.22326639995,2.22502139995,49.0389309,49.0406859,14983,3.5462721893491125,11.0,887.2924661534216,0.0008872924661534217,,,,,,
img507,train,2.24520389995,48.9836484,2.24432639995,2.24608139995,48.9827709,48.9845259,77966,18.453491124260353,12.0,4623.502665041398,0.0046235026650413985,,,,,,
img369,train,2.23642889995,49.038053399999995,2.23555139995,2.23730639995,49.0371759,49.0389309,0,0.0,,,,,,,,,
img1793,train,2.29434389993,49.016993400000004,2.29346639993,2.29522139993,49.0161159,49.0178709,0,0.0,,,,,,,,,
img1360,train,2.27854889993,48.9924234,2.27767139993,2.27942639993,48.9915459,48.9933009,90130,21.332544378698227,19.0,5343.304113282028,0.005343304113282028,,,,,,
img1153,train,2.26977389994,49.0240134,2.26889639994,2.27065139994,49.0231359,49.0248909,2038,0.48236686390532546,2.0,120.7956084620875,0.0001207956084620875,,,,,,
img21,train,2.1943088999700002,49.038053399999995,2.19343139997,2.19518639997,49.0371759,49.0389309,0,0.0,,,,,,,,,
img1711,train,2.29083389993,49.034543400000004,2.28995639993,2.29171139993,49.0336659,49.0354209,0,0.0,,,,,,,,,
img1026,train,2.26450889994,49.034543400000004,2.26363139994,2.26538639994,49.0336659,49.0354209,0,0.0,,,,,,,,,
img1492,train,2.28381389993,48.9783834,2.28293639993,2.28469139993,48.9775059,48.9792609,66102,15.645443786982248,49.0,3917.5332012327185,0.003917533201232719,,,,,,
img836,train,2.2574888999400002,49.0187484,2.25661139994,2.25836639994,49.0178709,49.0196259,23136,5.475976331360947,11.0,1370.321809682839,0.001370321809682839,,,,,,
img718,train,2.2522238999399997,49.0485834,2.25134639994,2.25310139994,49.0477059,49.0494609,0,0.0,,,,,,,,,
img1125,train,2.26801889994,49.0538484,2.26714139994,2.26889639994,49.0529709,49.0547259,94483,22.36284023668639,21.0,5593.257651660164,0.005593257651660164,,,,,,
img389,train,2.23818389995,49.0222584,2.23730639995,2.23906139995,49.0213809,49.0231359,65932,15.605207100591716,32.0,3907.767075900171,0.003907767075900171,,,,,,
img1194,train,2.27152889994,49.016993400000004,2.27065139994,2.27240639994,49.0161159,49.0178709,4582,1.0844970414201183,4.0,271.5029214346347,0.00027150292143463466,,,,,,
img101,train,2.21010389996,49.025768400000004,2.20922639996,2.21098139996,49.0248909,49.0266459,54763,12.961656804733728,32.0,3244.443406069308,0.003244443406069308,,,,,,
img708,train,2.2522238999399997,49.0310334,2.25134639994,2.25310139994,49.0301559,49.0319109,0,0.0,,,,,,,,,
img162,train,2.21712389996,49.0415634,2.21624639996,2.21800139996,49.0406859,49.0424409,4980,1.178698224852071,3.0,294.96057992509617,0.00029496057992509615,,,,,,
img656,train,2.25046889994,49.0187484,2.24959139994,2.25134639994,49.0178709,49.0196259,69426,16.432189349112424,43.0,4115.770470311922,0.004115770470311922,,,,,,
img1330,train,2.27679389993,49.0187484,2.27591639993,2.27767139993,49.0178709,49.0196259,3044,0.720473372781065,1.0,180.33410692743632,0.00018033410692743632,,,,,,
img622,train,2.248713899945,49.038053399999995,2.24783639995,2.24959139994,49.0371759,49.0389309,0,0.0,,,,,,,,,
img749,train,2.25397889994,49.0240134,2.25310139994,2.25485639994,49.0231359,49.0248909,7610,1.8011834319526627,2.0,450.8975075414495,0.0004508975075414495,,,,,,
img600,train,2.248713899945,48.999443400000004,2.24783639995,2.24959139994,48.9985659,49.0003209,90108,21.32733727810651,42.0,5341.052811878647,0.0053410528118786466,,,,,,
img313,train,2.23291889995,49.0362984,2.23204139995,2.23379639995,49.0354209,49.0371759,0,0.0,,,,,,,,,
img857,train,2.2574888999400002,49.055603399999995,2.25661139994,2.25836639994,49.0547259,49.0564809,4968,1.1758579881656805,2.0,294.11329130791006,0.00029411329130791007,,,,,,
img1643,train,2.28907889993,48.9959334,2.28820139993,2.28995639993,48.9950559,48.9968109,119749,28.342958579881657,11.0,7099.342348558056,0.007099342348558056,,,,,,
img1664,train,2.28907889993,49.0327884,2.28820139993,2.28995639993,49.0319109,49.0336659,0,0.0,,,,,,,,,
img1742,train,2.29258889993,49.008218400000004,2.29171139993,2.29346639993,49.0073409,49.0090959,0,0.0,,,,,,,,,
img767,train,2.25397889994,49.055603399999995,2.25310139994,2.25485639994,49.0547259,49.0564809,33582,7.948402366863904,18.0,1988.287301727722,0.001988287301727722,,,,,,
img215,train,2.22414389995,49.0222584,2.22326639995,2.22502139995,49.0213809,49.0231359,90522,21.42532544378698,36.0,5359.800530645158,0.005359800530645158,,,,,,
img1132,train,2.26977389994,48.9871584,2.26889639994,2.27065139994,48.9862809,48.9880359,83148,19.68,49.0,4929.317035940207,0.0049293170359402064,,,,,,
img1324,train,2.27679389993,49.008218400000004,2.27591639993,2.27767139993,49.0073409,49.0090959,164,0.03881656804733728,1.0,9.686997086462654,9.686997086462654e-06,,,,,,
img258,train,2.22940889995,49.025768400000004,2.22853139995,2.23028639995,49.0248909,49.0266459,37840,8.95621301775148,33.0,2243.432687656574,0.002243432687656574,,,,,,
img1438,train,2.28030389993,49.0485834,2.27942639993,2.28118139993,49.0477059,49.0494609,0,0.0,,,,,,,,,
img1311,train,2.27679389993,48.985403399999996,2.27591639993,2.27767139993,48.9845259,48.9862809,78935,18.682840236686392,53.0,4680.492354096861,0.004680492354096861,,,,,,
img1683,train,2.29083389993,48.985403399999996,2.28995639993,2.29171139993,48.9845259,48.9862809,881,0.20852071005917158,3.0,52.2246281752892,5.22246281752892e-05,,,,,,
img1892,train,2.297853899925,49.046828399999995,2.29697639993,2.29873139992,49.0459509,49.0477059,46560,11.020118343195266,15.0,2757.526386873055,0.002757526386873055,,,,,,
img589,train,2.248713899945,48.9801384,2.24783639995,2.24959139994,48.9792609,48.9810159,213,0.05041420118343195,2.0,12.83080917795687,1.283080917795687e-05,,,,,,
img10,train,2.19079889997,49.0450734,2.18992139997,2.19167639997,49.0441959,49.0459509,0,0.0,,,,,,,,,
img402,train,2.23818389995,49.0450734,2.23730639995,2.23906139995,49.0441959,49.0459509,0,0.0,,,,,,,,,
img1234,train,2.273283899935,49.008218400000004,2.27240639994,2.27416139993,49.0073409,49.0090959,11298,2.6740828402366863,3.0,669.406722030027,0.000669406722030027,,,,,,
img1747,train,2.29258889993,49.016993400000004,2.29171139993,2.29346639993,49.0161159,49.0178709,0,0.0,,,,,,,,,
img1264,train,2.27503889993,48.981893400000004,2.27416139993,2.27591639993,48.9810159,48.9827709,94562,22.38153846153846,49.0,5607.432512525673,0.005607432512525673,,,,,,
img1064,train,2.26626389994,49.0240134,2.26538639994,2.26714139994,49.0231359,49.0248909,0,0.0,,,,,,,,,
img220,train,2.22414389995,49.0415634,2.22326639995,2.22502139995,49.0406859,49.0424409,10284,2.4340828402366865,7.0,609.1927559426665,0.0006091927559426665,,,,,,
img294,train,2.2311638999500003,49.046828399999995,2.23028639995,2.23204139995,49.0459509,49.0477059,0,0.0,,,,,,,,,
img735,train,2.25397889994,48.999443400000004,2.25310139994,2.25485639994,48.9985659,49.0003209,90888,21.511952662721892,69.0,5388.925171747226,0.005388925171747226,,,,,,
img1583,train,2.28556889993,49.055603399999995,2.28469139993,2.28644639993,49.0547259,49.0564809,0,0.0,,,,,,,,,
img1821,train,2.29609889993,48.985403399999996,2.29522139993,2.29697639993,48.9845259,48.9862809,59913,14.180591715976332,41.0,3552.185362052685,0.003552185362052685,,,,,,
img140,train,2.21536889996,49.029278399999995,2.21449139996,2.21624639996,49.0284009,49.0301559,70196,16.614437869822485,23.0,4159.416381198639,0.0041594163811986395,,,,,,
img474,train,2.2434488999499997,48.9889134,2.24257139995,2.24432639995,48.9880359,48.9897909,11293,2.6728994082840236,3.0,669.6688206526346,0.0006696688206526346,,,,,,
img1206,train,2.27152889994,49.038053399999995,2.27065139994,2.27240639994,49.0371759,49.0389309,0,0.0,,,,,,,,,
img1217,train,2.27152889994,49.0573584,2.27065139994,2.27240639994,49.0564809,49.0582359,0,0.0,,,,,,,,,
img444,train,2.24169389995,49.011728399999996,2.24081639995,2.24257139995,49.0108509,49.0126059,46099,10.911005917159763,12.0,2731.6726380178443,0.0027316726380178444,,,,,,
img232,train,2.22589889995,49.0415634,2.22502139995,2.22677639995,49.0406859,49.0424409,11098,2.6267455621301776,8.0,657.4529767607685,0.0006574529767607685,,,,,,
img747,train,2.25397889994,49.020503399999996,2.25310139994,2.25485639994,49.0196259,49.0213809,58305,13.8,38.0,3453.9235242052378,0.0034539235242052376,,,,,,
img1547,train,2.28556889993,48.9924234,2.28469139993,2.28644639993,48.9915459,48.9933009,73499,17.39621301775148,28.0,4357.832446579608,0.004357832446579607,,,,,,
img1541,train,2.28556889993,48.981893400000004,2.28469139993,2.28644639993,48.9810159,48.9827709,101097,23.92828402366864,8.0,5995.408622711727,0.005995408622711727,,,,,,
img887,train,2.25924389994,49.029278399999995,2.25836639994,2.26012139994,49.0284009,49.0301559,0,0.0,,,,,,,,,
img1140,train,2.26977389994,49.0011984,2.26889639994,2.27065139994,49.0003209,49.0020759,42208,9.990059171597633,13.0,2502.443897009566,0.002502443897009566,,,,,,
img976,train,2.26275389994,49.0240134,2.26187639994,2.26363139994,49.0231359,49.0248909,0,0.0,,,,,,,,,
img1274,train,2.27503889993,48.999443400000004,2.27416139993,2.27591639993,48.9985659,49.0003209,97289,23.02698224852071,26.0,5767.533870202022,0.005767533870202022,,,,,,
img1610,train,2.28732389993,49.020503399999996,2.28644639993,2.28820139993,49.0196259,49.0213809,1838,0.43502958579881656,2.0,108.88719174075351,0.00010888719174075351,,,,,,
img625,train,2.248713899945,49.043318400000004,2.24783639995,2.24959139994,49.0424409,49.0441959,0,0.0,,,,,,,,,
img1413,train,2.28030389993,49.0047084,2.27942639993,2.28118139993,49.0038309,49.0055859,58643,13.88,36.0,3476.049943205246,0.0034760499432052463,,,,,,
img1383,train,2.27854889993,49.0327884,2.27767139993,2.27942639993,49.0319109,49.0336659,0,0.0,,,,,,,,,
img69,train,2.20308389996,49.0398084,2.20220639996,2.20396139996,49.0389309,49.0406859,2206,0.5221301775147928,4.0,130.66660043799448,0.00013066660043799448,,,,,,
img943,train,2.2609988999399997,49.046828399999995,2.26012139994,2.26187639994,49.0459509,49.0477059,0,0.0,,,,,,,,,
img546,train,2.24695889995,48.9836484,2.24608139995,2.24783639995,48.9827709,48.9845259,50143,11.868165680473373,19.0,2972.53339283809,0.00297253339283809,,,,,,
img1205,train,2.27152889994,49.0362984,2.27065139994,2.27240639994,49.0354209,49.0371759,0,0.0,,,,,,,,,
img1102,train,2.26801889994,49.0134834,2.26714139994,2.26889639994,49.0126059,49.0143609,60481,14.315029585798817,19.0,3583.5639965287096,0.0035835639965287095,,,,,,
img85,train,2.20659389996,49.034543400000004,2.20571639996,2.20747139996,49.0336659,49.0354209,2214,0.5240236686390533,2.0,131.2288128923901,0.0001312288128923901,,,,,,
img1587,train,2.28732389993,48.9801384,2.28644639993,2.28820139993,48.9792609,48.9810159,50756,12.013254437869822,33.0,3012.008695179606,0.003012008695179606,,,,,,
img796,train,2.25573389994,49.0275234,2.25485639994,2.25661139994,49.0266459,49.0284009,0,0.0,,,,,,,,,
img1225,train,2.273283899935,48.9924234,2.27240639994,2.27416139993,48.9915459,48.9933009,83954,19.87076923076923,53.0,4977.2465996124965,0.004977246599612496,,,,,,
img1645,train,2.28907889993,48.999443400000004,2.28820139993,2.28995639993,48.9985659,49.0003209,81143,19.205443786982247,54.0,4812.167976288029,0.00481216797628803,,,,,,
img1581,train,2.28556889993,49.052093400000004,2.28469139993,2.28644639993,49.0512159,49.0529709,0,0.0,,,,,,,,,
img1239,train,2.273283899935,49.016993400000004,2.27240639994,2.27416139993,49.0161159,49.0178709,4670,1.1053254437869822,2.0,276.6309237406536,0.0002766309237406536,,,,,,
img1676,train,2.28907889993,49.0538484,2.28820139993,2.28995639993,49.0529709,49.0547259,353,0.08355029585798816,2.0,20.66954098569743,2.066954098569743e-05,,,,,,
img147,train,2.21712389996,49.0152384,2.21624639996,2.21800139996,49.0143609,49.0161159,0,0.0,,,,,,,,,
img631,train,2.248713899945,49.0538484,2.24783639995,2.24959139994,49.0529709,49.0547259,8097,1.9164497041420119,5.0,480.0415502881098,0.0004800415502881098,,,,,,
img918,train,2.2609988999399997,49.002953399999996,2.26012139994,2.26187639994,49.0020759,49.0038309,100686,23.831005917159764,27.0,5968.206993083339,0.005968206993083339,,,,,,
img821,train,2.2574888999400002,48.9924234,2.25661139994,2.25836639994,48.9915459,48.9933009,103936,24.600236686390534,46.0,6161.6608426796265,0.006161660842679627,,,,,,
img1299,train,2.27503889993,49.043318400000004,2.27416139993,2.27591639993,49.0424409,49.0441959,0,0.0,,,,,,,,,
img1716,train,2.29083389993,49.043318400000004,2.28995639993,2.29171139993,49.0424409,49.0441959,29934,7.084970414201183,2.0,1773.27201402643,0.00177327201402643,,,,,,
img1111,train,2.26801889994,49.029278399999995,2.26714139994,2.26889639994,49.0284009,49.0301559,0,0.0,,,,,,,,,
img1689,train,2.29083389993,48.9959334,2.28995639993,2.29171139993,48.9950559,48.9968109,22664,5.364260355029585,7.0,1343.4469536261759,0.001343446953626176,,,,,,
img586,train,2.24695889995,49.0538484,2.24608139995,2.24783639995,49.0529709,49.0547259,0,0.0,,,,,,,,,
img1817,train,2.29609889993,48.9783834,2.29522139993,2.29697639993,48.9775059,48.9792609,0,0.0,,,,,,,,,
img1551,train,2.28556889993,48.999443400000004,2.28469139993,2.28644639993,48.9985659,49.0003209,41170,9.744378698224851,20.0,2441.5737378489844,0.0024415737378489844,,,,,,
img1159,train,2.26977389994,49.034543400000004,2.26889639994,2.27065139994,49.0336659,49.0354209,0,0.0,,,,,,,,,
img429,train,2.2399388999500003,49.0415634,2.23906139995,2.24081639995,49.0406859,49.0424409,0,0.0,,,,,,,,,
img278,train,2.2311638999500003,49.0187484,2.23028639995,2.23204139995,49.0178709,49.0196259,58211,13.77775147928994,49.0,3450.5012285079315,0.0034505012285079317,,,,,,
img1791,train,2.29434389993,49.0134834,2.29346639993,2.29522139993,49.0126059,49.0143609,0,0.0,,,,,,,,,
img1250,train,2.273283899935,49.0362984,2.27240639994,2.27416139993,49.0354209,49.0371759,0,0.0,,,,,,,,,
img1653,train,2.28907889993,49.0134834,2.28820139993,2.28995639993,49.0126059,49.0143609,34048,8.05869822485207,17.0,2017.342115471958,0.002017342115471958,,,,,,
img1249,train,2.273283899935,49.034543400000004,2.27240639994,2.27416139993,49.0336659,49.0354209,0,0.0,,,,,,,,,
img535,train,2.24520389995,49.0415634,2.24432639995,2.24608139995,49.0406859,49.0424409,0,0.0,,,,,,,,,
img544,train,2.24520389995,49.0573584,2.24432639995,2.24608139995,49.0564809,49.0582359,0,0.0,,,,,,,,,
img1838,train,2.29609889993,49.0152384,2.29522139993,2.29697639993,49.0143609,49.0161159,0,0.0,,,,,,,,,
img1292,train,2.27503889993,49.0310334,2.27416139993,2.27591639993,49.0301559,49.0319109,0,0.0,,,,,,,,,
img158,train,2.21712389996,49.034543400000004,2.21624639996,2.21800139996,49.0336659,49.0354209,56231,13.309112426035503,41.0,3331.956329956862,0.0033319563299568622,,,,,,
img245,train,2.22765389995,49.0398084,2.22677639995,2.22853139995,49.0389309,49.0406859,393,0.09301775147928994,1.0,23.147237517916835,2.3147237517916834e-05,,,,,,
img1660,train,2.28907889993,49.025768400000004,2.28820139993,2.28995639993,49.0248909,49.0266459,0,0.0,,,,,,,,,
img229,train,2.22589889995,49.025768400000004,2.22502139995,2.22677639995,49.0248909,49.0266459,130281,30.835739644970417,19.0,7719.938677929814,0.007719938677929814,,,,,,
img234,train,2.22765389995,49.011728399999996,2.22677639995,2.22853139995,49.0108509,49.0126059,14777,3.497514792899408,10.0,875.3271822873027,0.0008753271822873026,,,,,,
img242,train,2.22765389995,49.025768400000004,2.22677639995,2.22853139995,49.0248909,49.0266459,60359,14.286153846153846,45.0,3575.3771560889368,0.0035753771560889367,,,,,,
img932,train,2.2609988999399997,49.0275234,2.26012139994,2.26187639994,49.0266459,49.0284009,0,0.0,,,,,,,,,
img721,train,2.2522238999399997,49.0538484,2.25134639994,2.25310139994,49.0529709,49.0547259,51528,12.195976331360947,29.0,3048.2298164256476,0.0030482298164256475,,,,,,
img781,train,2.25573389994,49.0011984,2.25485639994,2.25661139994,49.0003209,49.0020759,75813,17.943905325443787,61.0,4494.7846797217,0.0044947846797217,,,,,,
img100,train,2.21010389996,49.0240134,2.20922639996,2.21098139996,49.0231359,49.0248909,41572,9.839526627218936,27.0,2462.7727726690287,0.002462772772669029,,,,,,
img1725,train,2.29258889993,48.9783834,2.29171139993,2.29346639993,48.9775059,48.9792609,573,0.13562130177514792,1.0,34.037033241305586,3.403703324130559e-05,,,,,,
img751,train,2.25397889994,49.0275234,2.25310139994,2.25485639994,49.0266459,49.0284009,0,0.0,,,,,,,,,
img297,train,2.2311638999500003,49.052093400000004,2.23028639995,2.23204139995,49.0512159,49.0529709,0,0.0,,,,,,,,,
img1444,train,2.28205889993,48.976628399999996,2.28118139993,2.28293639993,48.9757509,48.9775059,0,0.0,,,,,,,,,
img110,train,2.21185889996,49.0222584,2.21098139996,2.21273639996,49.0213809,49.0231359,82641,19.56,18.0,4896.87748288007,0.004896877482880069,,,,,,
img786,train,2.25573389994,49.0099734,2.25485639994,2.25661139994,49.0090959,49.0108509,76944,18.211597633136094,58.0,4561.418655173973,0.0045614186551739735,,,,,,
img1424,train,2.28030389993,49.0240134,2.27942639993,2.28118139993,49.0231359,49.0248909,0,0.0,,,,,,,,,
img1057,train,2.26626389994,49.011728399999996,2.26538639994,2.26714139994,49.0108509,49.0126059,29212,6.914082840236686,15.0,1731.8894779853727,0.0017318894779853725,,,,,,
img1558,train,2.28556889993,49.011728399999996,2.28469139993,2.28644639993,49.0108509,49.0126059,100976,23.8996449704142,46.0,5984.147245793256,0.005984147245793256,,,,,,
img89,train,2.20834889996,49.0240134,2.20747139996,2.20922639996,49.0231359,49.0248909,0,0.0,,,,,,,,,
img1719,train,2.29083389993,49.0485834,2.28995639993,2.29171139993,49.0477059,49.0494609,35967,8.512899408284023,1.0,2130.1293585845815,0.0021301293585845814,,,,,,
img261,train,2.22940889995,49.0310334,2.22853139995,2.23028639995,49.0301559,49.0319109,0,0.0,,,,,,,,,
img516,train,2.24520389995,49.008218400000004,2.24432639995,2.24608139995,49.0073409,49.0090959,98215,23.246153846153845,82.0,5824.285401253729,0.005824285401253729,,,,,,
img1603,train,2.28732389993,49.008218400000004,2.28644639993,2.28820139993,49.0073409,49.0090959,3133,0.7415384615384615,3.0,185.7702049076038,0.0001857702049076038,,,,,,
img469,train,2.24169389995,49.055603399999995,2.24081639995,2.24257139995,49.0547259,49.0564809,0,0.0,,,,,,,,,
img407,train,2.23818389995,49.0538484,2.23730639995,2.23906139995,49.0529709,49.0547259,0,0.0,,,,,,,,,
img1878,train,2.297853899925,49.0222584,2.29697639993,2.29873139992,49.0213809,49.0231359,0,0.0,,,,,,,,,
img865,train,2.25924389994,48.990668400000004,2.25836639994,2.26012139994,48.9897909,48.9915459,74880,17.72307692307692,14.0,4439.091863686215,0.0044390918636862155,,,,,,
img1137,train,2.26977389994,48.9959334,2.26889639994,2.27065139994,48.9950559,48.9968109,6301,1.491360946745562,14.0,374.4935999934207,0.00037449359999342066,,,,,,
img902,train,2.25924389994,49.055603399999995,2.25836639994,2.26012139994,49.0547259,49.0564809,0,0.0,,,,,,,,,
img664,train,2.25046889994,49.0327884,2.24959139994,2.25134639994,49.0319109,49.0336659,0,0.0,,,,,,,,,
img1672,train,2.28907889993,49.046828399999995,2.28820139993,2.28995639993,49.0459509,49.0477059,0,0.0,,,,,,,,,
img1258,train,2.273283899935,49.0503384,2.27240639994,2.27416139993,49.0494609,49.0512159,0,0.0,,,,,,,,,
img1799,train,2.29434389993,49.0275234,2.29346639993,2.29522139993,49.0266459,49.0284009,0,0.0,,,,,,,,,
img849,train,2.2574888999400002,49.0415634,2.25661139994,2.25836639994,49.0406859,49.0424409,0,0.0,,,,,,,,,
img839,train,2.2574888999400002,49.0240134,2.25661139994,2.25836639994,49.0231359,49.0248909,3677,0.8702958579881657,2.0,217.7554312970682,0.00021775543129706821,,,,,,
img1692,train,2.29083389993,49.0011984,2.28995639993,2.29171139993,49.0003209,49.0020759,45916,10.867692307692307,30.0,2721.998980474893,0.002721998980474893,,,,,,
img360,train,2.23642889995,49.0222584,2.23555139995,2.23730639995,49.0213809,49.0231359,103559,24.511005917159764,32.0,6135.144152462044,0.006135144152462044,,,,,,
img43,train,2.197818899965,49.0415634,2.19694139997,2.19869639996,49.0406859,49.0424409,397,0.09396449704142011,1.0,23.46128640141647,2.346128640141647e-05,,,,,,
img1854,train,2.29609889993,49.043318400000004,2.29522139993,2.29697639993,49.0424409,49.0441959,58779,13.912189349112424,19.0,3482.1642984939817,0.0034821642984939815,,,,,,
img1617,train,2.28732389993,49.0327884,2.28644639993,2.28820139993,49.0319109,49.0336659,0,0.0,,,,,,,,,
img271,train,2.22940889995,49.0485834,2.22853139995,2.23028639995,49.0477059,49.0494609,0,0.0,,,,,,,,,
img1635,train,2.28907889993,48.981893400000004,2.28820139993,2.28995639993,48.9810159,48.9827709,44774,10.597396449704142,2.0,2655.4001071204575,0.0026554001071204575,,,,,,
img1764,train,2.29258889993,49.046828399999995,2.29171139993,2.29346639993,49.0459509,49.0477059,1926,0.4558579881656805,1.0,113.31980236718638,0.00011331980236718638,,,,,,
img1556,train,2.28556889993,49.008218400000004,2.28469139993,2.28644639993,49.0073409,49.0090959,47237,11.1803550295858,12.0,2799.4972719386737,0.0027994972719386736,,,,,,
img1852,train,2.29609889993,49.0398084,2.29522139993,2.29697639993,49.0389309,49.0406859,0,0.0,,,,,,,,,
img188,train,2.22063389996,49.029278399999995,2.21975639996,2.22151139996,49.0284009,49.0301559,43730,10.350295857988167,29.0,2590.014724330523,0.0025900147243305234,,,,,,
img1687,train,2.29083389993,48.9924234,2.28995639993,2.29171139993,48.9915459,48.9933009,173357,41.0312426035503,6.0,10278.07772048827,0.01027807772048827,,,,,,
img1775,train,2.29434389993,48.985403399999996,2.29346639993,2.29522139993,48.9845259,48.9862809,74804,17.70508875739645,60.0,4436.218601007044,0.004436218601007043,,,,,,
img1525,train,2.28381389993,49.0362984,2.28293639993,2.28469139993,49.0354209,49.0371759,0,0.0,,,,,,,,,
img47,train,2.19957389996,49.0327884,2.19869639996,2.20045139996,49.0319109,49.0336659,0,0.0,,,,,,,,,
img618,train,2.248713899945,49.0310334,2.24783639995,2.24959139994,49.0301559,49.0319109,0,0.0,,,,,,,,,
img1199,train,2.27152889994,49.025768400000004,2.27065139994,2.27240639994,49.0248909,49.0266459,0,0.0,,,,,,,,,
img890,train,2.25924389994,49.034543400000004,2.25836639994,2.26012139994,49.0336659,49.0354209,0,0.0,,,,,,,,,
img349,train,2.2346738999499998,49.052093400000004,2.23379639995,2.23555139995,49.0512159,49.0529709,0,0.0,,,,,,,,,
img988,train,2.26275389994,49.0450734,2.26187639994,2.26363139994,49.0441959,49.0459509,0,0.0,,,,,,,,,
img1728,train,2.29258889993,48.9836484,2.29171139993,2.29346639993,48.9827709,48.9845259,0,0.0,,,,,,,,,
img1114,train,2.26801889994,49.034543400000004,2.26714139994,2.26889639994,49.0336659,49.0354209,0,0.0,,,,,,,,,
img1203,train,2.27152889994,49.0327884,2.27065139994,2.27240639994,49.0319109,49.0336659,0,0.0,,,,,,,,,
img518,train,2.24520389995,49.011728399999996,2.24432639995,2.24608139995,49.0108509,49.0126059,72019,17.045917159763313,60.0,4269.313323510404,0.0042693133235104045,,,,,,
img1841,train,2.29609889993,49.020503399999996,2.29522139993,2.29697639993,49.0196259,49.0213809,0,0.0,,,,,,,,,
img1032,train,2.26450889994,49.0450734,2.26363139994,2.26538639994,49.0441959,49.0459509,0,0.0,,,,,,,,,
img311,train,2.23291889995,49.0327884,2.23204139995,2.23379639995,49.0319109,49.0336659,0,0.0,,,,,,,,,
img1030,train,2.26450889994,49.0415634,2.26363139994,2.26538639994,49.0406859,49.0424409,0,0.0,,,,,,,,,
img624,train,2.248713899945,49.0415634,2.24783639995,2.24959139994,49.0406859,49.0424409,0,0.0,,,,,,,,,
img1462,train,2.28205889993,49.008218400000004,2.28118139993,2.28293639993,49.0073409,49.0090959,52221,12.36,19.0,3095.609429303734,0.003095609429303734,,,,,,
img1906,train,2.29960889992,49.0450734,2.29873139992,2.30048639992,49.0441959,49.0459509,29737,7.038343195266272,23.0,1760.493531011655,0.0017604935310116551,,,,,,
img52,train,2.19957389996,49.0415634,2.19869639996,2.20045139996,49.0406859,49.0424409,0,0.0,,,,,,,,,
img750,train,2.25397889994,49.025768400000004,2.25310139994,2.25485639994,49.0248909,49.0266459,0,0.0,,,,,,,,,
img1912,train,2.29960889992,49.055603399999995,2.29873139992,2.30048639992,49.0547259,49.0564809,0,0.0,,,,,,,,,
img1616,train,2.28732389993,49.0310334,2.28644639993,2.28820139993,49.0301559,49.0319109,0,0.0,,,,,,,,,
img1275,train,2.27503889993,49.0011984,2.27416139993,2.27591639993,49.0003209,49.0020759,39732,9.404023668639052,16.0,2353.564117577561,0.002353564117577561,,,,,,
img462,train,2.24169389995,49.043318400000004,2.24081639995,2.24257139995,49.0424409,49.0441959,0,0.0,,,,,,,,,
img1666,train,2.28907889993,49.0362984,2.28820139993,2.28995639993,49.0354209,49.0371759,0,0.0,,,,,,,,,
img38,train,2.19606389997,49.0503384,2.19518639997,2.19694139997,49.0494609,49.0512159,417,0.098698224852071,1.0,24.30178458065197,2.430178458065197e-05,,,,,,
img1197,train,2.27152889994,49.0222584,2.27065139994,2.27240639994,49.0213809,49.0231359,0,0.0,,,,,,,,,
img1396,train,2.27854889993,49.055603399999995,2.27767139993,2.27942639993,49.0547259,49.0564809,0,0.0,,,,,,,,,
img723,train,2.2522238999399997,49.0573584,2.25134639994,2.25310139994,49.0564809,49.0582359,1782,0.42177514792899407,3.0,105.72142226546974,0.00010572142226546974,,,,,,
img1229,train,2.273283899935,48.999443400000004,2.27240639994,2.27416139993,48.9985659,49.0003209,51431,12.17301775147929,23.0,3049.1592934888267,0.0030491592934888266,,,,,,
img1359,train,2.27854889993,48.990668400000004,2.27767139993,2.27942639993,48.9897909,48.9915459,84463,19.991242603550297,26.0,5011.405371716601,0.005011405371716601,,,,,,
img1530,train,2.28381389993,49.0450734,2.28293639993,2.28469139993,49.0441959,49.0459509,0,0.0,,,,,,,,,
img734,train,2.25397889994,48.9976884,2.25310139994,2.25485639994,48.9968109,48.9985659,43249,10.23644970414201,13.0,2563.7902801910486,0.0025637902801910486,,,,,,
img807,train,2.25573389994,49.046828399999995,2.25485639994,2.25661139994,49.0459509,49.0477059,0,0.0,,,,,,,,,
img678,train,2.25046889994,49.0573584,2.24959139994,2.25134639994,49.0564809,49.0582359,1803,0.42674556213017756,2.0,107.01016844867985,0.00010701016844867984,,,,,,
img748,train,2.25397889994,49.0222584,2.25310139994,2.25485639994,49.0213809,49.0231359,22211,5.257041420118344,15.0,1315.8624731901489,0.0013158624731901488,,,,,,
img1468,train,2.28205889993,49.0187484,2.28118139993,2.28293639993,49.0178709,49.0196259,3216,0.7611834319526627,2.0,190.88258694945714,0.00019088258694945713,,,,,,
img1185,train,2.27152889994,49.0011984,2.27065139994,2.27240639994,49.0003209,49.0020759,175334,41.499171597633136,9.0,10393.388724406728,0.010393388724406729,,,,,,
img604,train,2.248713899945,49.0064634,2.24783639995,2.24959139994,49.0055859,49.0073409,80719,19.105088757396448,26.0,4783.922126484213,0.004783922126484212,,,,,,
img1833,train,2.29609889993,49.0064634,2.29522139993,2.29697639993,49.0055859,49.0073409,36199,8.567810650887573,24.0,2145.6311003197948,0.002145631100319795,,,,,,
img488,train,2.2434488999499997,49.0275234,2.24257139995,2.24432639995,49.0266459,49.0284009,0,0.0,,,,,,,,,
img1211,train,2.27152889994,49.046828399999995,2.27065139994,2.27240639994,49.0459509,49.0477059,0,0.0,,,,,,,,,
img1828,train,2.29609889993,48.9976884,2.29522139993,2.29697639993,48.9968109,48.9985659,130375,30.85798816568047,22.0,7728.523222006206,0.007728523222006206,,,,,,
img955,train,2.26275389994,48.9871584,2.26187639994,2.26363139994,48.9862809,48.9880359,60159,14.238816568047339,42.0,3567.9236918453694,0.0035679236918453694,,,,,,
img1320,train,2.27679389993,49.0011984,2.27591639993,2.27767139993,49.0003209,49.0020759,13609,3.2210650887573964,1.0,806.9148212652166,0.0008069148212652166,,,,,,
img503,train,2.2434488999499997,49.0538484,2.24257139995,2.24432639995,49.0529709,49.0547259,0,0.0,,,,,,,,,
img637,train,2.25046889994,48.985403399999996,2.24959139994,2.25134639994,48.9845259,48.9862809,88810,21.020118343195264,51.0,5264.691596632814,0.0052646915966328145,,,,,,
img1665,train,2.28907889993,49.034543400000004,2.28820139993,2.28995639993,49.0336659,49.0354209,0,0.0,,,,,,,,,
img395,train,2.23818389995,49.0327884,2.23730639995,2.23906139995,49.0319109,49.0336659,0,0.0,,,,,,,,,
img501,train,2.2434488999499997,49.0503384,2.24257139995,2.24432639995,49.0494609,49.0512159,0,0.0,,,,,,,,,
img1724,train,2.29083389993,49.0573584,2.28995639993,2.29171139993,49.0564809,49.0582359,1845,0.4366863905325443,1.0,109.32938880930725,0.00010932938880930724,,,,,,
img350,train,2.2346738999499998,49.0538484,2.23379639995,2.23555139995,49.0529709,49.0547259,0,0.0,,,,,,,,,
img1856,train,2.29609889993,49.046828399999995,2.29522139993,2.29697639993,49.0459509,49.0477059,72848,17.24213017751479,6.0,4316.493841449557,0.004316493841449557,,,,,,
img1143,train,2.26977389994,49.0064634,2.26889639994,2.27065139994,49.0055859,49.0073409,76370,18.075739644970415,48.0,4528.591243201734,0.004528591243201734,,,,,,
img1416,train,2.28030389993,49.0099734,2.27942639993,2.28118139993,49.0090959,49.0108509,44082,10.433609467455621,24.0,2613.3074531360226,0.0026133074531360227,,,,,,
img1723,train,2.29083389993,49.055603399999995,2.28995639993,2.29171139993,49.0547259,49.0564809,0,0.0,,,,,,,,,
img1818,train,2.29609889993,48.9801384,2.29522139993,2.29697639993,48.9792609,48.9810159,15136,3.5824852071005915,2.0,897.5996295827903,0.0008975996295827903,,,,,,
img1104,train,2.26801889994,49.016993400000004,2.26714139994,2.26889639994,49.0161159,49.0178709,16433,3.889467455621302,18.0,974.2140315534201,0.0009742140315534201,,,,,,
img629,train,2.248713899945,49.0503384,2.24783639995,2.24959139994,49.0494609,49.0512159,8876,2.1008284023668637,9.0,526.8028187918884,0.0005268028187918884,,,,,,
img1175,train,2.27152889994,48.9836484,2.27065139994,2.27240639994,48.9827709,48.9845259,97699,23.124023668639055,21.0,5793.310027309148,0.005793310027309147,,,,,,
img1309,train,2.27679389993,48.981893400000004,2.27591639993,2.27767139993,48.9810159,48.9827709,86303,20.42674556213018,50.0,5117.240941191893,0.005117240941191893,,,,,,
img858,train,2.2574888999400002,49.0573584,2.25661139994,2.25836639994,49.0564809,49.0582359,0,0.0,,,,,,,,,
img692,train,2.2522238999399997,49.002953399999996,2.25134639994,2.25310139994,49.0020759,49.0038309,118487,28.04426035502959,41.0,7022.888183843534,0.007022888183843534,,,,,,
img1751,train,2.29258889993,49.0240134,2.29171139993,2.29346639993,49.0231359,49.0248909,0,0.0,,,,,,,,,
img530,train,2.24520389995,49.0327884,2.24432639995,2.24608139995,49.0319109,49.0336659,0,0.0,,,,,,,,,
img1573,train,2.28556889993,49.038053399999995,2.28469139993,2.28644639993,49.0371759,49.0389309,0,0.0,,,,,,,,,
img1867,train,2.297853899925,49.002953399999996,2.29697639993,2.29873139992,49.0020759,49.0038309,8755,2.072189349112426,6.0,519.4098785412937,0.0005194098785412936,,,,,,
img277,train,2.2311638999500003,49.016993400000004,2.23028639995,2.23204139995,49.0161159,49.0178709,78407,18.557869822485205,60.0,4648.595369242432,0.004648595369242432,,,,,,
img545,train,2.24695889995,48.981893400000004,2.24608139995,2.24783639995,48.9810159,48.9827709,36771,8.70319526627219,26.0,2179.997912651458,0.0021799979126514582,,,,,,
img1095,train,2.26801889994,49.0011984,2.26714139994,2.26889639994,49.0003209,49.0020759,78912,18.67739644970414,26.0,4676.477349874106,0.004676477349874106,,,,,,
img699,train,2.2522238999399997,49.0152384,2.25134639994,2.25310139994,49.0143609,49.0161159,78936,18.68307692307692,64.0,4677.501956163083,0.004677501956163083,,,,,,
img1414,train,2.28030389993,49.0064634,2.27942639993,2.28118139993,49.0055859,49.0073409,50336,11.913846153846155,34.0,2983.893964992633,0.0029838939649926327,,,,,,
img713,train,2.2522238999399997,49.0398084,2.25134639994,2.25310139994,49.0389309,49.0406859,0,0.0,,,,,,,,,
img1501,train,2.28381389993,48.994178399999996,2.28293639993,2.28469139993,48.9933009,48.9950559,85417,20.217041420118342,36.0,5063.281221254103,0.005063281221254103,,,,,,
img1335,train,2.27679389993,49.0275234,2.27591639993,2.27767139993,49.0266459,49.0284009,0,0.0,,,,,,,,,
img185,train,2.22063389996,49.0240134,2.21975639996,2.22151139996,49.0231359,49.0248909,90551,21.432189349112427,47.0,5365.476091668595,0.005365476091668595,,,,,,
img481,train,2.2434488999499997,49.0152384,2.24257139995,2.24432639995,49.0143609,49.0161159,56997,13.490414201183432,26.0,3377.6753566638517,0.003377675356663852,,,,,,
img1074,train,2.26626389994,49.0415634,2.26538639994,2.26714139994,49.0406859,49.0424409,0,0.0,,,,,,,,,
img630,train,2.248713899945,49.052093400000004,2.24783639995,2.24959139994,49.0512159,49.0529709,0,0.0,,,,,,,,,
img659,train,2.25046889994,49.0240134,2.24959139994,2.25134639994,49.0231359,49.0248909,21741,5.145798816568047,16.0,1287.0786394339616,0.0012870786394339616,,,,,,
img1089,train,2.26801889994,48.990668400000004,2.26714139994,2.26889639994,48.9897909,48.9915459,56387,13.34603550295858,44.0,3345.7591562790317,0.0033457591562790316,,,,,,
img1470,train,2.28205889993,49.0222584,2.28118139993,2.28293639993,49.0213809,49.0231359,0,0.0,,,,,,,,,
img203,train,2.222388899955,49.0275234,2.22151139996,2.22326639995,49.0266459,49.0284009,124626,29.49727810650888,17.0,7382.81407208957,0.00738281407208957,,,,,,
img952,train,2.26275389994,48.981893400000004,2.26187639994,2.26363139994,48.9810159,48.9827709,0,0.0,,,,,,,,,
img460,train,2.24169389995,49.0398084,2.24081639995,2.24257139995,49.0389309,49.0406859,0,0.0,,,,,,,,,
img822,train,2.2574888999400002,48.994178399999996,2.25661139994,2.25836639994,48.9933009,48.9950559,35469,8.395029585798817,21.0,2102.5408837590307,0.0021025408837590308,,,,,,
img1649,train,2.28907889993,49.0064634,2.28820139993,2.28995639993,49.0055859,49.0073409,55481,13.131597633136094,30.0,3288.251168505937,0.003288251168505937,,,,,,
img634,train,2.25046889994,48.9801384,2.24959139994,2.25134639994,48.9792609,48.9810159,5594,1.3240236686390532,6.0,331.74791529030307,0.00033174791529030304,,,,,,
img1240,train,2.273283899935,49.0187484,2.27240639994,2.27416139993,49.0178709,49.0196259,0,0.0,,,,,,,,,
img1820,train,2.29609889993,48.9836484,2.29522139993,2.29697639993,48.9827709,48.9845259,55321,13.093727810650888,30.0,3280.6669785595673,0.0032806669785595674,,,,,,
img1297,train,2.27503889993,49.0398084,2.27416139993,2.27591639993,49.0389309,49.0406859,0,0.0,,,,,,,,,
img27,train,2.1943088999700002,49.0485834,2.19343139997,2.19518639997,49.0477059,49.0494609,62389,14.76662721893491,3.0,3693.8927357025655,0.0036938927357025655,,,,,,
img473,train,2.2434488999499997,48.9871584,2.24257139995,2.24432639995,48.9862809,48.9880359,34047,8.058461538461538,4.0,2018.6766690248496,0.0020186766690248495,,,,,,
img157,train,2.21712389996,49.0327884,2.21624639996,2.21800139996,49.0319109,49.0336659,53765,12.725443786982249,43.0,3184.473167978501,0.003184473167978501,,,,,,
img1076,train,2.26626389994,49.0450734,2.26538639994,2.26714139994,49.0441959,49.0459509,0,0.0,,,,,,,,,
img1103,train,2.26801889994,49.0152384,2.26714139994,2.26889639994,49.0143609,49.0161159,87683,20.75337278106509,24.0,5195.578214979577,0.005195578214979577,,,,,,
img1488,train,2.28205889993,49.0538484,2.28118139993,2.28293639993,49.0529709,49.0547259,0,0.0,,,,,,,,,
img1809,train,2.29434389993,49.0450734,2.29346639993,2.29522139993,49.0441959,49.0459509,15656,3.705562130177515,1.0,927.1292103082258,0.0009271292103082258,,,,,,
img211,train,2.22414389995,49.0152384,2.22326639995,2.22502139995,49.0143609,49.0161159,21530,5.0958579881656805,14.0,1275.3563798655987,0.0012753563798655987,,,,,,
img924,train,2.2609988999399997,49.0134834,2.26012139994,2.26187639994,49.0126059,49.0143609,28565,6.76094674556213,17.0,1693.1387244506489,0.0016931387244506488,,,,,,
img127,train,2.21361389996,49.0310334,2.21273639996,2.21449139996,49.0301559,49.0319109,18927,4.4797633136094674,24.0,1121.2273441027066,0.0011212273441027066,,,,,,
img1893,train,2.297853899925,49.0485834,2.29697639993,2.29873139992,49.0477059,49.0494609,3992,0.9448520710059172,1.0,236.3168519909243,0.0002363168519909243,,,,,,
img1371,train,2.27854889993,49.011728399999996,2.27767139993,2.27942639993,49.0108509,49.0126059,47011,11.126863905325443,25.0,2786.7358348690077,0.0027867358348690075,,,,,,
img1149,train,2.26977389994,49.016993400000004,2.26889639994,2.27065139994,49.0161159,49.0178709,20775,4.9171597633136095,7.0,1231.0047527045597,0.0012310047527045597,,,,,,
img348,train,2.2346738999499998,49.0503384,2.23379639995,2.23555139995,49.0494609,49.0512159,0,0.0,,,,,,,,,
img132,train,2.21536889996,49.0152384,2.21449139996,2.21624639996,49.0143609,49.0161159,0,0.0,,,,,,,,,
img362,train,2.23642889995,49.025768400000004,2.23555139995,2.23730639995,49.0248909,49.0266459,23915,5.660355029585799,17.0,1417.535202422547,0.001417535202422547,,,,,,
img393,train,2.23818389995,49.029278399999995,2.23730639995,2.23906139995,49.0284009,49.0301559,0,0.0,,,,,,,,,
img813,train,2.25573389994,49.0573584,2.25485639994,2.25661139994,49.0564809,49.0582359,2867,0.6785798816568047,2.0,169.25507932979414,0.00016925507932979414,,,,,,
img1640,train,2.28907889993,48.990668400000004,2.28820139993,2.28995639993,48.9897909,48.9915459,87227,20.64544378698225,17.0,5170.528463684792,0.005170528463684792,,,,,,
img1176,train,2.27152889994,48.985403399999996,2.27065139994,2.27240639994,48.9845259,48.9862809,63894,15.122840236686391,19.0,3789.385611597362,0.0037893856115973623,,,,,,
img5,train,2.1890438999699997,49.046828399999995,2.18816639997,2.18992139997,49.0459509,49.0477059,0,0.0,,,,,,,,,
img537,train,2.24520389995,49.0450734,2.24432639995,2.24608139995,49.0441959,49.0459509,0,0.0,,,,,,,,,
img1059,train,2.26626389994,49.0152384,2.26538639994,2.26714139994,49.0143609,49.0161159,84363,19.96757396449704,38.0,4998.35310934085,0.00499835310934085,,,,,,
img1632,train,2.28907889993,48.976628399999996,2.28820139993,2.28995639993,48.9757509,48.9775059,0,0.0,,,,,,,,,
img124,train,2.21361389996,49.025768400000004,2.21273639996,2.21449139996,49.0248909,49.0266459,59305,14.036686390532543,40.0,3514.441033874191,0.003514441033874191,,,,,,
img1402,train,2.28030389993,48.985403399999996,2.27942639993,2.28118139993,48.9845259,48.9862809,98654,23.350059171597636,66.0,5851.101958670501,0.005851101958670501,,,,,,
img1326,train,2.27679389993,49.011728399999996,2.27591639993,2.27767139993,49.0108509,49.0126059,12334,2.9192899408284023,16.0,731.4576794741606,0.0007314576794741607,,,,,,
img577,train,2.24695889995,49.038053399999995,2.24608139995,2.24783639995,49.0371759,49.0389309,0,0.0,,,,,,,,,
img1570,train,2.28556889993,49.0327884,2.28469139993,2.28644639993,49.0319109,49.0336659,0,0.0,,,,,,,,,
img86,train,2.20659389996,49.0362984,2.20571639996,2.20747139996,49.0354209,49.0371759,71050,16.816568047337277,50.0,4210.616679700227,0.004210616679700227,,,,,,
img1434,train,2.28030389993,49.0415634,2.27942639993,2.28118139993,49.0406859,49.0424409,0,0.0,,,,,,,,,
img20,train,2.19255389997,49.0503384,2.19167639997,2.19343139997,49.0494609,49.0512159,5241,1.240473372781065,7.0,310.7039234435774,0.0003107039234435774,,,,,,
img1422,train,2.28030389993,49.020503399999996,2.27942639993,2.28118139993,49.0196259,49.0213809,0,0.0,,,,,,,,,
img423,train,2.2399388999500003,49.0310334,2.23906139995,2.24081639995,49.0301559,49.0319109,0,0.0,,,,,,,,,
img377,train,2.23642889995,49.052093400000004,2.23555139995,2.23730639995,49.0512159,49.0529709,0,0.0,,,,,,,,,
img102,train,2.21010389996,49.0275234,2.20922639996,2.21098139996,49.0266459,49.0284009,87454,20.699171597633136,46.0,5182.012599921303,0.005182012599921303,,,,,,
img540,train,2.24520389995,49.0503384,2.24432639995,2.24608139995,49.0494609,49.0512159,0,0.0,,,,,,,,,
img173,train,2.21887889996,49.0310334,2.21800139996,2.21975639996,49.0301559,49.0319109,60311,14.274792899408284,45.0,3572.981887129937,0.003572981887129937,,,,,,
img1045,train,2.26626389994,48.990668400000004,2.26538639994,2.26714139994,48.9897909,48.9915459,62007,14.67621301775148,51.0,3676.0714106461223,0.0036760714106461225,,,,,,
img685,train,2.2522238999399997,48.990668400000004,2.25134639994,2.25310139994,48.9897909,48.9915459,83011,19.64757396449704,57.0,4921.908761226337,0.004921908761226337,,,,,,
img1455,train,2.28205889993,48.9959334,2.28118139993,2.28293639993,48.9950559,48.9968109,47859,11.327573964497041,11.0,2837.090506324618,0.002837090506324618,,,,,,
img411,train,2.2399388999500003,49.0099734,2.23906139995,2.24081639995,49.0090959,49.0108509,71912,17.020591715976334,9.0,4261.886017661514,0.004261886017661514,,,,,,
img1796,train,2.29434389993,49.0222584,2.29346639993,2.29522139993,49.0213809,49.0231359,9528,2.2551479289940826,6.0,564.4313982119378,0.0005644313982119378,,,,,,
img725,train,2.25397889994,48.981893400000004,2.25310139994,2.25485639994,48.9810159,48.9827709,93257,22.07266272189349,50.0,5529.812118189738,0.005529812118189738,,,,,,
img164,train,2.21887889996,49.0152384,2.21800139996,2.21975639996,49.0143609,49.0161159,64427,15.248994082840236,5.0,3818.402728624272,0.0038184027286242723,,,,,,
img961,train,2.26275389994,48.9976884,2.26187639994,2.26363139994,48.9968109,48.9985659,71832,17.001656804733727,66.0,4258.218455325891,0.004258218455325891,,,,,,
img466,train,2.24169389995,49.0503384,2.24081639995,2.24257139995,49.0494609,49.0512159,0,0.0,,,,,,,,,
img1436,train,2.28030389993,49.0450734,2.27942639993,2.28118139993,49.0441959,49.0459509,0,0.0,,,,,,,,,
img1489,train,2.28205889993,49.055603399999995,2.28118139993,2.28293639993,49.0547259,49.0564809,0,0.0,,,,,,,,,
img1189,train,2.27152889994,49.008218400000004,2.27065139994,2.27240639994,49.0073409,49.0090959,34300,8.118343195266272,8.0,2032.9225951956244,0.0020329225951956245,,,,,,
img595,train,2.248713899945,48.990668400000004,2.24783639995,2.24959139994,48.9897909,48.9915459,76946,18.21207100591716,24.0,4561.859520540469,0.004561859520540469,,,,,,
img669,train,2.25046889994,49.0415634,2.24959139994,2.25134639994,49.0406859,49.0424409,0,0.0,,,,,,,,,
img269,train,2.22940889995,49.0450734,2.22853139995,2.23028639995,49.0441959,49.0459509,0,0.0,,,,,,,,,
img785,train,2.25573389994,49.008218400000004,2.25485639994,2.25661139994,49.0073409,49.0090959,92152,21.81112426035503,69.0,5461.593864245496,0.005461593864245496,,,,,,
img727,train,2.25397889994,48.985403399999996,2.25310139994,2.25485639994,48.9845259,48.9862809,54584,12.919289940828401,22.0,3234.459038862847,0.0032344590388628473,,,,,,
img471,train,2.2434488999499997,48.9836484,2.24257139995,2.24432639995,48.9827709,48.9845259,93111,22.03810650887574,4.0,5521.824720102712,0.005521824720102712,,,,,,
img1105,train,2.26801889994,49.0187484,2.26714139994,2.26889639994,49.0178709,49.0196259,0,0.0,,,,,,,,,
img1123,train,2.26801889994,49.0503384,2.26714139994,2.26889639994,49.0494609,49.0512159,0,0.0,,,,,,,,,
img805,train,2.25573389994,49.043318400000004,2.25485639994,2.25661139994,49.0424409,49.0441959,0,0.0,,,,,,,,,
img533,train,2.24520389995,49.038053399999995,2.24432639995,2.24608139995,49.0371759,49.0389309,0,0.0,,,,,,,,,
img1452,train,2.28205889993,48.990668400000004,2.28118139993,2.28293639993,48.9897909,48.9915459,64030,15.155029585798815,25.0,3796.192713085903,0.003796192713085903,,,,,,
img189,train,2.22063389996,49.0310334,2.21975639996,2.22151139996,49.0301559,49.0319109,79812,18.890414201183432,24.0,4728.063840914845,0.004728063840914845,,,,,,
img1443,train,2.28030389993,49.0573584,2.27942639993,2.28118139993,49.0564809,49.0582359,0,0.0,,,,,,,,,
img208,train,2.222388899955,49.0398084,2.22151139996,2.22326639995,49.0389309,49.0406859,2330,0.5514792899408284,3.0,137.97802562033016,0.00013797802562033016,,,,,,
img882,train,2.25924389994,49.020503399999996,2.25836639994,2.26012139994,49.0196259,49.0213809,0,0.0,,,,,,,,,
img599,train,2.248713899945,48.9976884,2.24783639995,2.24959139994,48.9968109,48.9985659,46993,11.122603550295858,9.0,2785.379172417715,0.002785379172417715,,,,,,
img720,train,2.2522238999399997,49.052093400000004,2.25134639994,2.25310139994,49.0512159,49.0529709,15517,3.672662721893491,9.0,918.7043612450375,0.0009187043612450375,,,,,,
img359,train,2.23642889995,49.020503399999996,2.23555139995,2.23730639995,49.0196259,49.0213809,84342,19.962603550295857,45.0,4995.189777147798,0.004995189777147798,,,,,,
img654,train,2.25046889994,49.0152384,2.24959139994,2.25134639994,49.0143609,49.0161159,96678,22.882366863905325,56.0,5728.758562976473,0.005728758562976472,,,,,,
img948,train,2.2609988999399997,49.055603399999995,2.26012139994,2.26187639994,49.0547259,49.0564809,0,0.0,,,,,,,,,
img1007,train,2.26450889994,49.0011984,2.26363139994,2.26538639994,49.0003209,49.0020759,71984,17.037633136094673,57.0,4265.441814707568,0.004265441814707568,,,,,,
img1608,train,2.28732389993,49.016993400000004,2.28644639993,2.28820139993,49.0161159,49.0178709,50261,11.896094674556213,28.0,2978.179933676515,0.0029781799336765146,,,,,,
img425,train,2.2399388999500003,49.034543400000004,2.23906139995,2.24081639995,49.0336659,49.0354209,0,0.0,,,,,,,,,
img1685,train,2.29083389993,48.9889134,2.28995639993,2.29171139993,48.9880359,48.9897909,92915,21.99171597633136,24.0,5508.513293397983,0.0055085132933979835,,,,,,
img1433,train,2.28030389993,49.0398084,2.27942639993,2.28118139993,49.0389309,49.0406859,0,0.0,,,,,,,,,
img1120,train,2.26801889994,49.0450734,2.26714139994,2.26889639994,49.0441959,49.0459509,0,0.0,,,,,,,,,
img1536,train,2.28381389993,49.055603399999995,2.28293639993,2.28469139993,49.0547259,49.0564809,0,0.0,,,,,,,,,
img484,train,2.2434488999499997,49.020503399999996,2.24257139995,2.24432639995,49.0196259,49.0213809,104587,24.75431952662722,68.0,6199.657728382156,0.006199657728382157,,,,,,
img282,train,2.2311638999500003,49.025768400000004,2.23028639995,2.23204139995,49.0248909,49.0266459,30919,7.318106508875739,26.0,1832.436564389916,0.0018324365643899159,,,,,,
img1336,train,2.27679389993,49.029278399999995,2.27591639993,2.27767139993,49.0284009,49.0301559,0,0.0,,,,,,,,,
img1277,train,2.27503889993,49.0047084,2.27416139993,2.27591639993,49.0038309,49.0055859,40777,9.651360946745562,8.0,2416.6536697877655,0.0024166536697877656,,,,,,
img1693,train,2.29083389993,49.002953399999996,2.28995639993,2.29171139993,49.0020759,49.0038309,94688,22.41136094674556,40.0,5613.0925371283665,0.005613092537128366,,,,,,
img1008,train,2.26450889994,49.002953399999996,2.26363139994,2.26538639994,49.0020759,49.0038309,43269,10.241183431952662,26.0,2564.2857840600454,0.0025642857840600455,,,,,,
img1463,train,2.28205889993,49.0099734,2.28118139993,2.28293639993,49.0090959,49.0108509,73144,17.312189349112426,37.0,4334.24002171729,0.00433424002171729,,,,,,
img1740,train,2.29258889993,49.0047084,2.29171139993,2.29346639993,49.0038309,49.0055859,54565,12.914792899408283,37.0,3233.519724982438,0.003233519724982438,,,,,,
img250,train,2.22940889995,49.011728399999996,2.22853139995,2.23028639995,49.0108509,49.0126059,75908,17.96639053254438,46.0,4499.170358119024,0.004499170358119024,,,,,,
img670,train,2.25046889994,49.043318400000004,2.24959139994,2.25134639994,49.0424409,49.0441959,0,0.0,,,,,,,,,
img819,train,2.2574888999400002,48.9889134,2.25661139994,2.25836639994,48.9880359,48.9897909,113074,26.763076923076923,18.0,6702.946397496735,0.006702946397496735,,,,,,
img1654,train,2.28907889993,49.0152384,2.28820139993,2.28995639993,49.0143609,49.0161159,43800,10.366863905325443,21.0,2596.3277746219837,0.0025963277746219836,,,,,,
img1499,train,2.28381389993,48.990668400000004,2.28293639993,2.28469139993,48.9897909,48.9915459,63836,15.109112426035503,21.0,3785.3667053303893,0.0037853667053303892,,,,,,
img532,train,2.24520389995,49.0362984,2.24432639995,2.24608139995,49.0354209,49.0371759,0,0.0,,,,,,,,,
img1907,train,2.29960889992,49.046828399999995,2.29873139992,2.30048639992,49.0459509,49.0477059,2836,0.6712426035502959,3.0,167.843848655476,0.00016784384865547598,,,,,,
img335,train,2.2346738999499998,49.0275234,2.23379639995,2.23555139995,49.0266459,49.0284009,37210,8.807100591715976,4.0,2205.026183057308,0.002205026183057308,,,,,,
img1840,train,2.29609889993,49.0187484,2.29522139993,2.29697639993,49.0178709,49.0196259,0,0.0,,,,,,,,,
img1312,train,2.27679389993,48.9871584,2.27591639993,2.27767139993,48.9862809,48.9880359,102795,24.3301775147929,63.0,6096.384921425746,0.006096384921425746,,,,,,
img804,train,2.25573389994,49.0415634,2.25485639994,2.25661139994,49.0406859,49.0424409,0,0.0,,,,,,,,,
img183,train,2.22063389996,49.020503399999996,2.21975639996,2.22151139996,49.0196259,49.0213809,72229,17.09562130177515,25.0,4279.231687036804,0.004279231687036804,,,,,,
img412,train,2.2399388999500003,49.011728399999996,2.23906139995,2.24081639995,49.0108509,49.0126059,61505,14.557396449704141,28.0,3644.5819556696983,0.0036445819556696984,,,,,,
img580,train,2.24695889995,49.043318400000004,2.24608139995,2.24783639995,49.0424409,49.0441959,0,0.0,,,,,,,,,
img378,train,2.23642889995,49.0538484,2.23555139995,2.23730639995,49.0529709,49.0547259,0,0.0,,,,,,,,,
img1285,train,2.27503889993,49.0187484,2.27416139993,2.27591639993,49.0178709,49.0196259,0,0.0,,,,,,,,,
img1593,train,2.28732389993,48.990668400000004,2.28644639993,2.28820139993,48.9897909,48.9915459,98090,23.216568047337276,13.0,5815.055513497034,0.0058150555134970335,,,,,,
img181,train,2.22063389996,49.016993400000004,2.21975639996,2.22151139996,49.0161159,49.0178709,7376,1.7457988165680474,6.0,436.96410201254724,0.00043696410201254725,,,,,,
img1141,train,2.26977389994,49.002953399999996,2.26889639994,2.27065139994,49.0020759,49.0038309,97014,22.96189349112426,48.0,5751.347460146011,0.005751347460146011,,,,,,
img1429,train,2.28030389993,49.0327884,2.27942639993,2.28118139993,49.0319109,49.0336659,0,0.0,,,,,,,,,
img1795,train,2.29434389993,49.020503399999996,2.29346639993,2.29522139993,49.0196259,49.0213809,0,0.0,,,,,,,,,
img368,train,2.23642889995,49.0362984,2.23555139995,2.23730639995,49.0354209,49.0371759,0,0.0,,,,,,,,,
img1472,train,2.28205889993,49.025768400000004,2.28118139993,2.28293639993,49.0248909,49.0266459,0,0.0,,,,,,,,,
img321,train,2.23291889995,49.0503384,2.23204139995,2.23379639995,49.0494609,49.0512159,0,0.0,,,,,,,,,
img49,train,2.19957389996,49.0362984,2.19869639996,2.20045139996,49.0354209,49.0371759,0,0.0,,,,,,,,,
img451,train,2.24169389995,49.0240134,2.24081639995,2.24257139995,49.0231359,49.0248909,46646,11.040473372781065,36.0,2762.1402830679785,0.0027621402830679785,,,,,,
img1394,train,2.27854889993,49.052093400000004,2.27767139993,2.27942639993,49.0512159,49.0529709,0,0.0,,,,,,,,,
img151,train,2.21712389996,49.0222584,2.21624639996,2.21800139996,49.0213809,49.0231359,69176,16.373017751479292,53.0,4098.002993387679,0.004098002993387679,,,,,,
img1515,train,2.28381389993,49.0187484,2.28293639993,2.28469139993,49.0178709,49.0196259,0,0.0,,,,,,,,,
img445,train,2.24169389995,49.0134834,2.24081639995,2.24257139995,49.0126059,49.0143609,63402,15.006390532544378,50.0,3758.753385158073,0.003758753385158073,,,,,,
img302,train,2.23291889995,49.016993400000004,2.23204139995,2.23379639995,49.0161159,49.0178709,64724,15.319289940828401,53.0,3835.255057283733,0.003835255057283733,,,,,,
img657,train,2.25046889994,49.020503399999996,2.24959139994,2.25134639994,49.0196259,49.0213809,50054,11.847100591715977,35.0,2966.0530990728944,0.0029660530990728946,,,,,,
img864,train,2.25924389994,48.9889134,2.25836639994,2.26012139994,48.9880359,48.9897909,105026,24.858224852071007,27.0,6226.372797996539,0.006226372797996539,,,,,,
img384,train,2.23818389995,49.0134834,2.23730639995,2.23906139995,49.0126059,49.0143609,86788,20.54153846153846,61.0,5144.841467952854,0.005144841467952854,,,,,,
img505,train,2.2434488999499997,49.0573584,2.24257139995,2.24432639995,49.0564809,49.0582359,0,0.0,,,,,,,,,
img1678,train,2.28907889993,49.0573584,2.28820139993,2.28995639993,49.0564809,49.0582359,0,0.0,,,,,,,,,
img1847,train,2.29609889993,49.0310334,2.29522139993,2.29697639993,49.0301559,49.0319109,0,0.0,,,,,,,,,
img520,train,2.24520389995,49.0152384,2.24432639995,2.24608139995,49.0143609,49.0161159,106659,25.244733727810654,47.0,6321.486366507833,0.006321486366507833,,,,,,
img96,train,2.20834889996,49.0362984,2.20747139996,2.20922639996,49.0354209,49.0371759,38400,9.088757396449704,31.0,2274.0296953006023,0.002274029695300602,,,,,,
img517,train,2.24520389995,49.0099734,2.24432639995,2.24608139995,49.0090959,49.0108509,74798,17.703668639053255,58.0,4432.666514130168,0.004432666514130168,,,,,,
img1397,train,2.27854889993,49.0573584,2.27767139993,2.27942639993,49.0564809,49.0582359,0,0.0,,,,,,,,,
img1388,train,2.27854889993,49.0415634,2.27767139993,2.27942639993,49.0406859,49.0424409,0,0.0,,,,,,,,,
img1879,train,2.297853899925,49.0240134,2.29697639993,2.29873139992,49.0231359,49.0248909,97393,23.051597633136094,3.0,5771.300042834161,0.005771300042834161,,,,,,
img1001,train,2.26450889994,48.990668400000004,2.26363139994,2.26538639994,48.9897909,48.9915459,80749,19.112189349112427,57.0,4787.23454226805,0.00478723454226805,,,,,,
img1238,train,2.273283899935,49.0152384,2.27240639994,2.27416139993,49.0143609,49.0161159,0,0.0,,,,,,,,,
img868,train,2.25924389994,48.9959334,2.25836639994,2.26012139994,48.9950559,48.9968109,71919,17.022248520710058,47.0,4265.351148437128,0.004265351148437129,,,,,,
img391,train,2.23818389995,49.025768400000004,2.23730639995,2.23906139995,49.0248909,49.0266459,38356,9.078343195266273,27.0,2273.702814761266,0.002273702814761266,,,,,,
img1050,train,2.26626389994,48.999443400000004,2.26538639994,2.26714139994,48.9985659,49.0003209,77219,18.276686390532547,51.0,4577.511451214979,0.00457751145121498,,,,,,
img1647,train,2.28907889993,49.002953399999996,2.28820139993,2.28995639993,49.0020759,49.0038309,96047,22.733017751479288,38.0,5694.38121089776,0.00569438121089776,,,,,,
img499,train,2.2434488999499997,49.046828399999995,2.24257139995,2.24432639995,49.0459509,49.0477059,0,0.0,,,,,,,,,
img1881,train,2.297853899925,49.0275234,2.29697639993,2.29873139992,49.0266459,49.0284009,0,0.0,,,,,,,,,
img687,train,2.2522238999399997,48.994178399999996,2.25134639994,2.25310139994,48.9933009,48.9950559,40581,9.604970414201183,23.0,2406.781608210334,0.002406781608210334,,,,,,
img1759,train,2.29258889993,49.038053399999995,2.29171139993,2.29346639993,49.0371759,49.0389309,0,0.0,,,,,,,,,
img914,train,2.2609988999399997,48.9959334,2.26012139994,2.26187639994,48.9950559,48.9968109,86047,20.366153846153846,62.0,5103.514823717706,0.005103514823717706,,,,,,
img1586,train,2.28732389993,48.9783834,2.28644639993,2.28820139993,48.9775059,48.9792609,68216,16.145798816568046,33.0,4045.3088593483267,0.004045308859348327,,,,,,
img903,train,2.25924389994,49.0573584,2.25836639994,2.26012139994,49.0564809,49.0582359,0,0.0,,,,,,,,,
img370,train,2.23642889995,49.0398084,2.23555139995,2.23730639995,49.0389309,49.0406859,0,0.0,,,,,,,,,
img852,train,2.2574888999400002,49.046828399999995,2.25661139994,2.25836639994,49.0459509,49.0477059,0,0.0,,,,,,,,,
img742,train,2.25397889994,49.011728399999996,2.25310139994,2.25485639994,49.0108509,49.0126059,86399,20.4494674556213,58.0,5120.839495738368,0.005120839495738368,,,,,,
img1060,train,2.26626389994,49.016993400000004,2.26538639994,2.26714139994,49.0161159,49.0178709,41600,9.846153846153847,13.0,2465.977290646974,0.0024659772906469738,,,,,,
img440,train,2.24169389995,48.985403399999996,2.24081639995,2.24257139995,48.9845259,48.9862809,332,0.07857988165680473,2.0,19.559929763735216,1.9559929763735217e-05,,,,,,
img1805,train,2.29434389993,49.038053399999995,2.29346639993,2.29522139993,49.0371759,49.0389309,0,0.0,,,,,,,,,
img338,train,2.2346738999499998,49.0327884,2.23379639995,2.23555139995,49.0319109,49.0336659,0,0.0,,,,,,,,,
img1049,train,2.26626389994,48.9976884,2.26538639994,2.26714139994,48.9968109,48.9985659,75446,17.857041420118343,54.0,4472.1805115259385,0.004472180511525939,,,,,,
img1811,train,2.29434389993,49.0485834,2.29346639993,2.29522139993,49.0477059,49.0494609,0,0.0,,,,,,,,,
img1644,train,2.28907889993,48.9976884,2.28820139993,2.28995639993,48.9968109,48.9985659,79574,18.83408284023669,56.0,4717.834157886925,0.004717834157886925,,,,,,
img579,train,2.24695889995,49.0415634,2.24608139995,2.24783639995,49.0406859,49.0424409,0,0.0,,,,,,,,,
img966,train,2.26275389994,49.0064634,2.26187639994,2.26363139994,49.0055859,49.0073409,63807,15.10224852071006,40.0,3782.441835700305,0.003782441835700305,,,,,,
img1146,train,2.26977389994,49.011728399999996,2.26889639994,2.27065139994,49.0108509,49.0126059,61026,14.444023668639053,43.0,3616.1537782852474,0.0036161537782852474,,,,,,
img665,train,2.25046889994,49.034543400000004,2.24959139994,2.25134639994,49.0336659,49.0354209,0,0.0,,,,,,,,,
img1849,train,2.29609889993,49.034543400000004,2.29522139993,2.29697639993,49.0336659,49.0354209,0,0.0,,,,,,,,,
img738,train,2.25397889994,49.0047084,2.25310139994,2.25485639994,49.0038309,49.0055859,78422,18.561420118343193,42.0,4649.809925046752,0.004649809925046752,,,,,,
img293,train,2.2311638999500003,49.0450734,2.23028639995,2.23204139995,49.0441959,49.0459509,0,0.0,,,,,,,,,
img354,train,2.23642889995,49.011728399999996,2.23555139995,2.23730639995,49.0108509,49.0126059,68883,16.303668639053253,28.0,4082.114319055318,0.004082114319055318,,,,,,
img1651,train,2.28907889993,49.0099734,2.28820139993,2.28995639993,49.0090959,49.0108509,58535,13.854437869822487,45.0,3468.1745783526894,0.0034681745783526896,,,,,,
img1585,train,2.28732389993,48.976628399999996,2.28644639993,2.28820139993,48.9757509,48.9775059,0,0.0,,,,,,,,,
img570,train,2.24695889995,49.025768400000004,2.24608139995,2.24783639995,49.0248909,49.0266459,0,0.0,,,,,,,,,
img1252,train,2.273283899935,49.0398084,2.27240639994,2.27416139993,49.0389309,49.0406859,0,0.0,,,,,,,,,
img921,train,2.2609988999399997,49.008218400000004,2.26012139994,2.26187639994,49.0073409,49.0090959,79525,18.82248520710059,54.0,4712.664802427181,0.004712664802427181,,,,,,
img14,train,2.19255389997,49.0398084,2.19167639997,2.19343139997,49.0389309,49.0406859,0,0.0,,,,,,,,,
img862,train,2.25924389994,48.985403399999996,2.25836639994,2.26012139994,48.9845259,48.9862809,80402,19.03005917159763,60.0,4768.3639769072715,0.0047683639769072715,,,,,,
img1253,train,2.273283899935,49.0415634,2.27240639994,2.27416139993,49.0406859,49.0424409,0,0.0,,,,,,,,,
img841,train,2.2574888999400002,49.0275234,2.25661139994,2.25836639994,49.0266459,49.0284009,0,0.0,,,,,,,,,
img1423,train,2.28030389993,49.0222584,2.27942639993,2.28118139993,49.0213809,49.0231359,0,0.0,,,,,,,,,
img272,train,2.22940889995,49.0503384,2.22853139995,2.23028639995,49.0494609,49.0512159,0,0.0,,,,,,,,,
img876,train,2.25924389994,49.0099734,2.25836639994,2.26012139994,49.0090959,49.0108509,84853,20.08355029585799,62.0,5029.336036284727,0.005029336036284727,,,,,,
img143,train,2.21536889996,49.034543400000004,2.21449139996,2.21624639996,49.0336659,49.0354209,60756,14.380118343195267,41.0,3599.394563935862,0.003599394563935862,,,,,,
img1405,train,2.28030389993,48.990668400000004,2.27942639993,2.28118139993,48.9897909,48.9915459,82383,19.498934911242603,27.0,4881.857747931082,0.0048818577479310815,,,,,,
img971,train,2.26275389994,49.0152384,2.26187639994,2.26363139994,49.0143609,49.0161159,21318,5.045680473372781,10.0,1263.1390901539492,0.0012631390901539491,,,,,,
img936,train,2.2609988999399997,49.034543400000004,2.26012139994,2.26187639994,49.0336659,49.0354209,0,0.0,,,,,,,,,
img1129,train,2.26977389994,48.981893400000004,2.26889639994,2.27065139994,48.9810159,48.9827709,112969,26.738224852071006,23.0,6700.306789290741,0.006700306789290741,,,,,,
img1314,train,2.27679389993,48.990668400000004,2.27591639993,2.27767139993,48.9897909,48.9915459,82349,19.490887573964496,21.0,4882.693368215084,0.004882693368215084,,,,,,
img1686,train,2.29083389993,48.990668400000004,2.28995639993,2.29171139993,48.9897909,48.9915459,57221,13.543431952662722,4.0,3392.5050556185743,0.003392505055618574,,,,,,
img476,train,2.2434488999499997,49.0064634,2.24257139995,2.24432639995,49.0055859,49.0073409,589,0.13940828402366864,3.0,35.15075771461977,3.5150757714619774e-05,,,,,,
img1034,train,2.26450889994,49.0485834,2.26363139994,2.26538639994,49.0477059,49.0494609,0,0.0,,,,,,,,,
img536,train,2.24520389995,49.043318400000004,2.24432639995,2.24608139995,49.0424409,49.0441959,0,0.0,,,,,,,,,
img205,train,2.222388899955,49.0327884,2.22151139996,2.22326639995,49.0319109,49.0336659,5903,1.3971597633136095,1.0,349.7687517059119,0.0003497687517059119,,,,,,
img493,train,2.2434488999499997,49.0362984,2.24257139995,2.24432639995,49.0354209,49.0371759,0,0.0,,,,,,,,,
img1869,train,2.297853899925,49.0064634,2.29697639993,2.29873139992,49.0055859,49.0073409,2788,0.6598816568047337,2.0,165.31276399860536,0.00016531276399860535,,,,,,
img1746,train,2.29258889993,49.0152384,2.29171139993,2.29346639993,49.0143609,49.0161159,0,0.0,,,,,,,,,
img1824,train,2.29609889993,48.990668400000004,2.29522139993,2.29697639993,48.9897909,48.9915459,41701,9.870059171597633,7.0,2473.0760430447012,0.0024730760430447013,,,,,,
img673,train,2.25046889994,49.0485834,2.24959139994,2.25134639994,49.0477059,49.0494609,0,0.0,,,,,,,,,
img1766,train,2.29258889993,49.0503384,2.29171139993,2.29346639993,49.0494609,49.0512159,1182,0.27976331360946743,1.0,69.99270106610047,6.999270106610047e-05,,,,,,
img1332,train,2.27679389993,49.0222584,2.27591639993,2.27767139993,49.0213809,49.0231359,6764,1.60094674556213,3.0,400.30997820647485,0.00040030997820647487,,,,,,
img1354,train,2.27854889993,48.981893400000004,2.27767139993,2.27942639993,48.9810159,48.9827709,77182,18.26792899408284,58.0,4575.596172120742,0.0045755961721207425,,,,,,
img1362,train,2.27854889993,48.9959334,2.27767139993,2.27942639993,48.9950559,48.9968109,68074,16.112189349112427,57.0,4036.1477337478623,0.004036147733747862,,,,,,
img1181,train,2.27152889994,48.994178399999996,2.27065139994,2.27240639994,48.9933009,48.9950559,86992,20.5898224852071,48.0,5156.960640457908,0.005156960640457908,,,,,,
img1063,train,2.26626389994,49.0222584,2.26538639994,2.26714139994,49.0213809,49.0231359,0,0.0,,,,,,,,,
img1822,train,2.29609889993,48.9871584,2.29522139993,2.29697639993,48.9862809,48.9880359,56529,13.379644970414201,19.0,3351.0819306835333,0.0033510819306835334,,,,,,
img614,train,2.248713899945,49.0240134,2.24783639995,2.24959139994,49.0231359,49.0248909,17948,4.2480473372781065,8.0,1063.144515599816,0.0010631445155998161,,,,,,
img323,train,2.23291889995,49.0538484,2.23204139995,2.23379639995,49.0529709,49.0547259,0,0.0,,,,,,,,,
img1022,train,2.26450889994,49.0275234,2.26363139994,2.26538639994,49.0266459,49.0284009,5958,1.4101775147928994,1.0,352.9095541348934,0.0003529095541348934,,,,,,
img1883,train,2.297853899925,49.0310334,2.29697639993,2.29873139992,49.0301559,49.0319109,0,0.0,,,,,,,,,
img1717,train,2.29083389993,49.0450734,2.28995639993,2.29171139993,49.0441959,49.0459509,0,0.0,,,,,,,,,
img722,train,2.2522238999399997,49.055603399999995,2.25134639994,2.25310139994,49.0547259,49.0564809,35881,8.492544378698225,26.0,2121.0664453796526,0.0021210664453796524,,,,,,
img396,train,2.23818389995,49.034543400000004,2.23730639995,2.23906139995,49.0336659,49.0354209,0,0.0,,,,,,,,,
img135,train,2.21536889996,49.020503399999996,2.21449139996,2.21624639996,49.0196259,49.0213809,68936,16.31621301775148,47.0,4084.818115876751,0.004084818115876751,,,,,,
img649,train,2.25046889994,49.0064634,2.24959139994,2.25134639994,49.0055859,49.0073409,110479,26.14887573964497,32.0,6548.366435529119,0.00654836643552912,,,,,,
img1485,train,2.28205889993,49.0485834,2.28118139993,2.28293639993,49.0477059,49.0494609,0,0.0,,,,,,,,,
img680,train,2.2522238999399997,48.981893400000004,2.25134639994,2.25310139994,48.9810159,48.9827709,63763,15.091834319526628,44.0,3781.9700881626377,0.0037819700881626377,,,,,,
img1564,train,2.28556889993,49.0222584,2.28469139993,2.28644639993,49.0213809,49.0231359,0,0.0,,,,,,,,,
img901,train,2.25924389994,49.0538484,2.25836639994,2.26012139994,49.0529709,49.0547259,0,0.0,,,,,,,,,
img1506,train,2.28381389993,49.002953399999996,2.28293639993,2.28469139993,49.0020759,49.0038309,42129,9.971360946745563,17.0,2497.284229753841,0.0024972842297538407,,,,,,
img32,train,2.19606389997,49.0398084,2.19518639997,2.19694139997,49.0389309,49.0406859,0,0.0,,,,,,,,,
img78,train,2.20483889996,49.0398084,2.20396139996,2.20571639996,49.0389309,49.0406859,1825,0.4319526627218935,5.0,108.3315234962268,0.0001083315234962268,,,,,,
img731,train,2.25397889994,48.9924234,2.25310139994,2.25485639994,48.9915459,48.9933009,105700,25.01775147928994,62.0,6267.572783344921,0.006267572783344921,,,,,,
img1532,train,2.28381389993,49.0485834,2.28293639993,2.28469139993,49.0477059,49.0494609,0,0.0,,,,,,,,,
img1327,train,2.27679389993,49.0134834,2.27591639993,2.27767139993,49.0126059,49.0143609,33297,7.88094674556213,17.0,1972.2584272012198,0.00197225842720122,,,,,,
img1028,train,2.26450889994,49.038053399999995,2.26363139994,2.26538639994,49.0371759,49.0389309,0,0.0,,,,,,,,,
img1029,train,2.26450889994,49.0398084,2.26363139994,2.26538639994,49.0389309,49.0406859,0,0.0,,,,,,,,,
img1348,train,2.27679389993,49.0503384,2.27591639993,2.27767139993,49.0494609,49.0512159,0,0.0,,,,,,,,,
img615,train,2.248713899945,49.025768400000004,2.24783639995,2.24959139994,49.0248909,49.0266459,0,0.0,,,,,,,,,
img582,train,2.24695889995,49.046828399999995,2.24608139995,2.24783639995,49.0459509,49.0477059,0,0.0,,,,,,,,,
img1168,train,2.26977389994,49.0503384,2.26889639994,2.27065139994,49.0494609,49.0512159,0,0.0,,,,,,,,,
img597,train,2.248713899945,48.994178399999996,2.24783639995,2.24959139994,48.9933009,48.9950559,112971,26.73869822485207,19.0,6696.951720195811,0.006696951720195811,,,,,,
img543,train,2.24520389995,49.055603399999995,2.24432639995,2.24608139995,49.0547259,49.0564809,0,0.0,,,,,,,,,
img1344,train,2.27679389993,49.043318400000004,2.27591639993,2.27767139993,49.0424409,49.0441959,0,0.0,,,,,,,,,
img17,train,2.19255389997,49.0450734,2.19167639997,2.19343139997,49.0441959,49.0459509,0,0.0,,,,,,,,,
img1019,train,2.26450889994,49.0222584,2.26363139994,2.26538639994,49.0213809,49.0231359,0,0.0,,,,,,,,,
img470,train,2.24169389995,49.0573584,2.24081639995,2.24257139995,49.0564809,49.0582359,0,0.0,,,,,,,,,
img1395,train,2.27854889993,49.0538484,2.27767139993,2.27942639993,49.0529709,49.0547259,0,0.0,,,,,,,,,
img1656,train,2.28907889993,49.0187484,2.28820139993,2.28995639993,49.0178709,49.0196259,62675,14.834319526627219,25.0,3712.0791592932173,0.003712079159293217,,,,,,
img1779,train,2.29434389993,48.9924234,2.29346639993,2.29522139993,48.9915459,48.9933009,97618,23.10485207100592,15.0,5789.52750749797,0.00578952750749797,,,,,,
img306,train,2.23291889995,49.0240134,2.23204139995,2.23379639995,49.0231359,49.0248909,103304,24.450650887573964,51.0,6120.43274644743,0.00612043274644743,,,,,,
img1078,train,2.26626389994,49.0485834,2.26538639994,2.26714139994,49.0477059,49.0494609,0,0.0,,,,,,,,,
img1487,train,2.28205889993,49.052093400000004,2.28118139993,2.28293639993,49.0512159,49.0529709,0,0.0,,,,,,,,,
img379,train,2.23642889995,49.055603399999995,2.23555139995,2.23730639995,49.0547259,49.0564809,0,0.0,,,,,,,,,
img689,train,2.2522238999399997,48.9976884,2.25134639994,2.25310139994,48.9968109,48.9985659,76794,18.17609467455621,19.0,4552.189262826753,0.004552189262826753,,,,,,
img1130,train,2.26977389994,48.9836484,2.26889639994,2.27065139994,48.9827709,48.9845259,111977,26.50343195266272,19.0,6640.013688884454,0.006640013688884454,,,,,,
img482,train,2.2434488999499997,49.016993400000004,2.24257139995,2.24432639995,49.0161159,49.0178709,98710,23.363313609467458,37.0,5845.942773909587,0.005845942773909587,,,,,,
img1622,train,2.28732389993,49.0415634,2.28644639993,2.28820139993,49.0406859,49.0424409,0,0.0,,,,,,,,,
img1450,train,2.28205889993,48.9871584,2.28118139993,2.28293639993,48.9862809,48.9880359,93292,22.08094674556213,57.0,5531.806855950688,0.005531806855950688,,,,,,
img774,train,2.25573389994,48.9889134,2.25485639994,2.25661139994,48.9880359,48.9897909,74052,17.52710059171598,27.0,4390.681359263237,0.004390681359263237,,,,,,
img1219,train,2.273283899935,48.981893400000004,2.27240639994,2.27416139993,48.9810159,48.9827709,59164,14.003313609467455,42.0,3509.379057057109,0.003509379057057109,,,,,,
img1357,train,2.27854889993,48.9871584,2.27767139993,2.27942639993,48.9862809,48.9880359,90279,21.367810650887574,59.0,5354.31781886598,0.00535431781886598,,,,,,
img991,train,2.26275389994,49.0503384,2.26187639994,2.26363139994,49.0494609,49.0512159,0,0.0,,,,,,,,,
img552,train,2.24695889995,48.994178399999996,2.24608139995,2.24783639995,48.9933009,48.9950559,55627,13.166153846153847,14.0,3298.2455552521515,0.0032982455552521515,,,,,,
img1826,train,2.29609889993,48.994178399999996,2.29522139993,2.29697639993,48.9933009,48.9950559,11294,2.673136094674556,8.0,669.3331902523835,0.0006693331902523834,,,,,,
img1294,train,2.27503889993,49.034543400000004,2.27416139993,2.27591639993,49.0336659,49.0354209,0,0.0,,,,,,,,,
img1261,train,2.273283899935,49.055603399999995,2.27240639994,2.27416139993,49.0547259,49.0564809,0,0.0,,,,,,,,,
img1430,train,2.28030389993,49.034543400000004,2.27942639993,2.28118139993,49.0336659,49.0354209,0,0.0,,,,,,,,,
img1207,train,2.27152889994,49.0398084,2.27065139994,2.27240639994,49.0389309,49.0406859,0,0.0,,,,,,,,,
img1517,train,2.28381389993,49.0222584,2.28293639993,2.28469139993,49.0213809,49.0231359,0,0.0,,,,,,,,,
img1464,train,2.28205889993,49.011728399999996,2.28118139993,2.28293639993,49.0108509,49.0126059,56712,13.422958579881659,25.0,3361.1718814042383,0.0033611718814042383,,,,,,
img773,train,2.25573389994,48.9871584,2.25485639994,2.25661139994,48.9862809,48.9880359,76030,17.99526627218935,27.0,4508.280905368497,0.004508280905368497,,,,,,
img1373,train,2.27854889993,49.0152384,2.27767139993,2.27942639993,49.0143609,49.0161159,25727,6.089230769230769,5.0,1523.7864394531075,0.0015237864394531074,,,,,,
img142,train,2.21536889996,49.0327884,2.21449139996,2.21624639996,49.0319109,49.0336659,60599,14.342958579881657,46.0,3590.51047266327,0.00359051047266327,,,,,,
img44,train,2.197818899965,49.043318400000004,2.19694139997,2.19869639996,49.0424409,49.0441959,1702,0.4028402366863905,3.0,100.82239232530435,0.00010082239232530436,,,,,,
img122,train,2.21361389996,49.0222584,2.21273639996,2.21449139996,49.0213809,49.0231359,78163,18.500118343195265,43.0,4632.939310735133,0.004632939310735134,,,,,,
img1127,train,2.26801889994,49.0573584,2.26714139994,2.26889639994,49.0564809,49.0582359,0,0.0,,,,,,,,,
img1474,train,2.28205889993,49.029278399999995,2.28118139993,2.28293639993,49.0284009,49.0301559,0,0.0,,,,,,,,,
img1909,train,2.29960889992,49.0503384,2.29873139992,2.30048639992,49.0494609,49.0512159,10268,2.4302958579881655,4.0,608.1156939996852,0.0006081156939996852,,,,,,
img95,train,2.20834889996,49.034543400000004,2.20747139996,2.20922639996,49.0336659,49.0354209,0,0.0,,,,,,,,,
img1611,train,2.28732389993,49.0222584,2.28644639993,2.28820139993,49.0213809,49.0231359,0,0.0,,,,,,,,,
img837,train,2.2574888999400002,49.020503399999996,2.25661139994,2.25836639994,49.0196259,49.0213809,8748,2.070532544378698,1.0,519.0489799074979,0.000519048979907498,,,,,,
img1417,train,2.28030389993,49.011728399999996,2.27942639993,2.28118139993,49.0108509,49.0126059,37787,8.943668639053254,18.0,2239.791175728144,0.002239791175728144,,,,,,
img859,train,2.25924389994,48.9801384,2.25836639994,2.26012139994,48.9792609,48.9810159,39226,9.284260355029586,32.0,2327.7009828460014,0.0023277009828460015,,,,,,
img1630,train,2.28732389993,49.055603399999995,2.28644639993,2.28820139993,49.0547259,49.0564809,4338,1.0267455621301775,2.0,256.91055222852896,0.00025691055222852897,,,,,,
img513,train,2.24520389995,48.994178399999996,2.24432639995,2.24608139995,48.9933009,48.9950559,0,0.0,,,,,,,,,
img765,train,2.25397889994,49.052093400000004,2.25310139994,2.25485639994,49.0512159,49.0529709,0,0.0,,,,,,,,,
img1113,train,2.26801889994,49.0327884,2.26714139994,2.26889639994,49.0319109,49.0336659,0,0.0,,,,,,,,,
img1767,train,2.29258889993,49.052093400000004,2.29171139993,2.29346639993,49.0512159,49.0529709,2380,0.5633136094674556,3.0,140.90030143824697,0.00014090030143824696,,,,,,
img28,train,2.1943088999700002,49.0503384,2.19343139997,2.19518639997,49.0494609,49.0512159,15360,3.6355029585798815,11.0,910.0855891850565,0.0009100855891850565,,,,,,
img263,train,2.22940889995,49.034543400000004,2.22853139995,2.23028639995,49.0336659,49.0354209,0,0.0,,,,,,,,,
img1193,train,2.27152889994,49.0152384,2.27065139994,2.27240639994,49.0143609,49.0161159,16062,3.801656804733728,9.0,952.195913467153,0.000952195913467153,,,,,,
img1017,train,2.26450889994,49.0187484,2.26363139994,2.26538639994,49.0178709,49.0196259,529,0.12520710059171597,1.0,31.286996954456367,3.1286996954456365e-05,,,,,,
img59,train,2.20132889996,49.038053399999995,2.20045139996,2.20220639996,49.0371759,49.0389309,0,0.0,,,,,,,,,
img358,train,2.23642889995,49.0187484,2.23555139995,2.23730639995,49.0178709,49.0196259,68129,16.125207100591716,52.0,4038.9527048877057,0.004038952704887706,,,,,,
img1280,train,2.27503889993,49.0099734,2.27416139993,2.27591639993,49.0090959,49.0108509,10445,2.4721893491124263,11.0,619.4571214999862,0.0006194571214999862,,,,,,
img581,train,2.24695889995,49.0450734,2.24608139995,2.24783639995,49.0441959,49.0459509,0,0.0,,,,,,,,,
img1188,train,2.27152889994,49.0064634,2.27065139994,2.27240639994,49.0055859,49.0073409,69872,16.53775147928994,39.0,4139.180095254203,0.004139180095254202,,,,,,
img1352,train,2.27679389993,49.0573584,2.27591639993,2.27767139993,49.0564809,49.0582359,0,0.0,,,,,,,,,
img334,train,2.2346738999499998,49.025768400000004,2.23379639995,2.23555139995,49.0248909,49.0266459,39164,9.269585798816568,26.0,2319.0439662573513,0.0023190439662573513,,,,,,
img714,train,2.2522238999399997,49.0415634,2.25134639994,2.25310139994,49.0406859,49.0424409,0,0.0,,,,,,,,,
img977,train,2.26275389994,49.025768400000004,2.26187639994,2.26363139994,49.0248909,49.0266459,0,0.0,,,,,,,,,
img542,train,2.24520389995,49.0538484,2.24432639995,2.24608139995,49.0529709,49.0547259,0,0.0,,,,,,,,,
img712,train,2.2522238999399997,49.038053399999995,2.25134639994,2.25310139994,49.0371759,49.0389309,0,0.0,,,,,,,,,
img1208,train,2.27152889994,49.0415634,2.27065139994,2.27240639994,49.0406859,49.0424409,0,0.0,,,,,,,,,
img115,train,2.21185889996,49.0310334,2.21098139996,2.21273639996,49.0301559,49.0319109,4861,1.1505325443786982,12.0,287.4579131027507,0.0002874579131027507,,,,,,
img1156,train,2.26977389994,49.029278399999995,2.26889639994,2.27065139994,49.0284009,49.0301559,0,0.0,,,,,,,,,
img1478,train,2.28205889993,49.0362984,2.28118139993,2.28293639993,49.0354209,49.0371759,0,0.0,,,,,,,,,
img1404,train,2.28030389993,48.9889134,2.27942639993,2.28118139993,48.9880359,48.9897909,98625,23.34319526627219,66.0,5846.491076564524,0.0058464910765645235,,,,,,
img1090,train,2.26801889994,48.9924234,2.26714139994,2.26889639994,48.9915459,48.9933009,68701,16.26059171597633,52.0,4073.360007578174,0.004073360007578174,,,,,,
img574,train,2.24695889995,49.0327884,2.24608139995,2.24783639995,49.0319109,49.0336659,0,0.0,,,,,,,,,
img1062,train,2.26626389994,49.020503399999996,2.26538639994,2.26714139994,49.0196259,49.0213809,0,0.0,,,,,,,,,
img1315,train,2.27679389993,48.9924234,2.27591639993,2.27767139993,48.9915459,48.9933009,112828,26.70485207100592,27.0,6689.104929622887,0.006689104929622887,,,,,,
img1442,train,2.28030389993,49.055603399999995,2.27942639993,2.28118139993,49.0547259,49.0564809,0,0.0,,,,,,,,,
img1339,train,2.27679389993,49.034543400000004,2.27591639993,2.27767139993,49.0336659,49.0354209,0,0.0,,,,,,,,,
img1038,train,2.26450889994,49.055603399999995,2.26363139994,2.26538639994,49.0547259,49.0564809,16237,3.8430769230769233,11.0,961.1091839037329,0.0009611091839037329,,,,,,
img766,train,2.25397889994,49.0538484,2.25310139994,2.25485639994,49.0529709,49.0547259,11573,2.739171597633136,8.0,685.82766872313,0.00068582766872313,,,,,,
img851,train,2.2574888999400002,49.0450734,2.25661139994,2.25836639994,49.0441959,49.0459509,0,0.0,,,,,,,,,
img830,train,2.2574888999400002,49.008218400000004,2.25661139994,2.25836639994,49.0073409,49.0090959,92224,21.828165680473372,61.0,5465.861966616452,0.0054658619666164525,,,,,,
img492,train,2.2434488999499997,49.034543400000004,2.24257139995,2.24432639995,49.0336659,49.0354209,0,0.0,,,,,,,,,
img353,train,2.23642889995,49.0099734,2.23555139995,2.23730639995,49.0090959,49.0108509,76231,18.04284023668639,5.0,4517.770257251199,0.004517770257251199,,,,,,
img866,train,2.25924389994,48.9924234,2.25836639994,2.26012139994,48.9915459,48.9933009,70515,16.689940828402367,20.0,4180.768563825702,0.004180768563825702,,,,,,
img1121,train,2.26801889994,49.046828399999995,2.26714139994,2.26889639994,49.0459509,49.0477059,0,0.0,,,,,,,,,
img37,train,2.19606389997,49.0485834,2.19518639997,2.19694139997,49.0477059,49.0494609,33954,8.036449704142012,5.0,2009.9606349787457,0.0020099606349787457,,,,,,
img893,train,2.25924389994,49.0398084,2.25836639994,2.26012139994,49.0389309,49.0406859,0,0.0,,,,,,,,,
img602,train,2.248713899945,49.002953399999996,2.24783639995,2.24959139994,49.0020759,49.0038309,92571,21.910295857988167,22.0,5488.195985518114,0.005488195985518114,,,,,,
img697,train,2.2522238999399997,49.011728399999996,2.25134639994,2.25310139994,49.0108509,49.0126059,76583,18.126153846153848,64.0,4539.724644813101,0.004539724644813101,,,,,,
img1679,train,2.29083389993,48.9783834,2.28995639993,2.29171139993,48.9775059,48.9792609,9343,2.2113609467455624,7.0,553.9311067459263,0.0005539311067459262,,,,,,
img1041,train,2.26626389994,48.9836484,2.26538639994,2.26714139994,48.9827709,48.9845259,80373,19.02319526627219,48.0,4764.498528725508,0.004764498528725508,,,,,,
img340,train,2.2346738999499998,49.0362984,2.23379639995,2.23555139995,49.0354209,49.0371759,0,0.0,,,,,,,,,
img942,train,2.2609988999399997,49.0450734,2.26012139994,2.26187639994,49.0441959,49.0459509,0,0.0,,,,,,,,,
img1560,train,2.28556889993,49.0152384,2.28469139993,2.28644639993,49.0143609,49.0161159,58858,13.930887573964498,29.0,3487.3149665594206,0.0034873149665594206,,,,,,
img757,train,2.25397889994,49.038053399999995,2.25310139994,2.25485639994,49.0371759,49.0389309,0,0.0,,,,,,,,,
img585,train,2.24695889995,49.052093400000004,2.24608139995,2.24783639995,49.0512159,49.0529709,0,0.0,,,,,,,,,
img1273,train,2.27503889993,48.9976884,2.27416139993,2.27591639993,48.9968109,48.9985659,38389,9.086153846153847,11.0,2276.649415758955,0.002276649415758955,,,,,,
img1251,train,2.273283899935,49.038053399999995,2.27240639994,2.27416139993,49.0371759,49.0389309,0,0.0,,,,,,,,,
img1714,train,2.29083389993,49.0398084,2.28995639993,2.29171139993,49.0389309,49.0406859,0,0.0,,,,,,,,,
img1262,train,2.273283899935,49.0573584,2.27240639994,2.27416139993,49.0564809,49.0582359,0,0.0,,,,,,,,,
img619,train,2.248713899945,49.0327884,2.24783639995,2.24959139994,49.0319109,49.0336659,0,0.0,,,,,,,,,
img1255,train,2.273283899935,49.0450734,2.27240639994,2.27416139993,49.0441959,49.0459509,0,0.0,,,,,,,,,
img788,train,2.25573389994,49.0134834,2.25485639994,2.25661139994,49.0126059,49.0143609,50236,11.8901775147929,44.0,2977.142462408846,0.002977142462408846,,,,,,
img1072,train,2.26626389994,49.038053399999995,2.26538639994,2.26714139994,49.0371759,49.0389309,0,0.0,,,,,,,,,
img1535,train,2.28381389993,49.0538484,2.28293639993,2.28469139993,49.0529709,49.0547259,0,0.0,,,,,,,,,
img344,train,2.2346738999499998,49.043318400000004,2.23379639995,2.23555139995,49.0424409,49.0441959,19779,4.681420118343195,11.0,1171.678069907492,0.0011716780699074921,,,,,,
img951,train,2.26275389994,48.9801384,2.26187639994,2.26363139994,48.9792609,48.9810159,238,0.05633136094674556,1.0,14.171555025291205,1.4171555025291205e-05,,,,,,
img486,train,2.2434488999499997,49.0240134,2.24257139995,2.24432639995,49.0231359,49.0248909,63296,14.981301775147928,36.0,3749.5915065012205,0.0037495915065012203,,,,,,
img1471,train,2.28205889993,49.0240134,2.28118139993,2.28293639993,49.0231359,49.0248909,0,0.0,,,,,,,,,
img472,train,2.2434488999499997,48.985403399999996,2.24257139995,2.24432639995,48.9845259,48.9862809,45603,10.79360946745562,6.0,2704.3163813944043,0.0027043163813944044,,,,,,
img159,train,2.21712389996,49.0362984,2.21624639996,2.21800139996,49.0354209,49.0371759,2419,0.5725443786982248,1.0,143.30274864018588,0.00014330274864018589,,,,,,
img636,train,2.25046889994,48.9836484,2.24959139994,2.25134639994,48.9827709,48.9845259,65118,15.412544378698225,52.0,3862.2310568306084,0.003862231056830608,,,,,,
img778,train,2.25573389994,48.9959334,2.25485639994,2.25661139994,48.9950559,48.9968109,87820,20.785798816568047,23.0,5206.760760958958,0.005206760760958958,,,,,,
img898,train,2.25924389994,49.0485834,2.25836639994,2.26012139994,49.0477059,49.0494609,0,0.0,,,,,,,,,
img1232,train,2.273283899935,49.0047084,2.27240639994,2.27416139993,49.0038309,49.0055859,11461,2.712662721893491,9.0,679.9656101548276,0.0006799656101548275,,,,,,
img825,train,2.2574888999400002,48.999443400000004,2.25661139994,2.25836639994,48.9985659,49.0003209,61295,14.507692307692308,51.0,3632.1664746681395,0.0036321664746681395,,,,,,
img578,train,2.24695889995,49.0398084,2.24608139995,2.24783639995,49.0389309,49.0406859,0,0.0,,,,,,,,,
img1003,train,2.26450889994,48.994178399999996,2.26363139994,2.26538639994,48.9933009,48.9950559,86387,20.446627218934914,39.0,5121.810198835344,0.005121810198835344,,,,,,
img1669,train,2.28907889993,49.0415634,2.28820139993,2.28995639993,49.0406859,49.0424409,0,0.0,,,,,,,,,
img843,train,2.2574888999400002,49.0310334,2.25661139994,2.25836639994,49.0301559,49.0319109,0,0.0,,,,,,,,,
img1825,train,2.29609889993,48.9924234,2.29522139993,2.29697639993,48.9915459,48.9933009,33428,7.911952662721894,7.0,1982.0151257214827,0.001982015125721483,,,,,,
img1707,train,2.29083389993,49.0275234,2.28995639993,2.29171139993,49.0266459,49.0284009,0,0.0,,,,,,,,,
img676,train,2.25046889994,49.0538484,2.24959139994,2.25134639994,49.0529709,49.0547259,43454,10.284970414201183,21.0,2570.777219265404,0.002570777219265404,,,,,,
img755,train,2.25397889994,49.034543400000004,2.25310139994,2.25485639994,49.0336659,49.0354209,0,0.0,,,,,,,,,
img728,train,2.25397889994,48.9871584,2.25310139994,2.25485639994,48.9862809,48.9880359,72748,17.21846153846154,30.0,4313.966223661214,0.0043139662236612135,,,,,,
img1778,train,2.29434389993,48.990668400000004,2.29346639993,2.29522139993,48.9897909,48.9915459,92100,21.79881656804734,11.0,5460.091623949937,0.005460091623949936,,,,,,
img252,train,2.22940889995,49.0152384,2.22853139995,2.23028639995,49.0143609,49.0161159,4177,0.9886390532544378,4.0,247.58411489783526,0.00024758411489783524,,,,,,
img12,train,2.19079889997,49.0485834,2.18992139997,2.19167639997,49.0477059,49.0494609,0,0.0,,,,,,,,,
img1803,train,2.29434389993,49.034543400000004,2.29346639993,2.29522139993,49.0336659,49.0354209,0,0.0,,,,,,,,,
img794,train,2.25573389994,49.0240134,2.25485639994,2.25661139994,49.0231359,49.0248909,835,0.19763313609467456,2.0,49.44677739072978,4.944677739072978e-05,,,,,,
img1224,train,2.273283899935,48.990668400000004,2.27240639994,2.27416139993,48.9897909,48.9915459,93611,22.156449704142013,29.0,5548.9923603789985,0.005548992360378998,,,,,,
img1174,train,2.27152889994,48.981893400000004,2.27065139994,2.27240639994,48.9810159,48.9827709,101090,23.92662721893491,21.0,5994.563960961714,0.0059945639609617135,,,,,,
img200,train,2.222388899955,49.0222584,2.22151139996,2.22326639995,49.0213809,49.0231359,93709,22.1796449704142,15.0,5549.083559662302,0.0055490835596623015,,,,,,
img1124,train,2.26801889994,49.052093400000004,2.26714139994,2.26889639994,49.0512159,49.0529709,1021,0.24165680473372783,1.0,60.469791599429534,6.0469791599429533e-05,,,,,,
img554,train,2.24695889995,48.9976884,2.24608139995,2.24783639995,48.9968109,48.9985659,98,0.023195266272189347,1.0,5.824676876991443,5.8246768769914435e-06,,,,,,
img1533,train,2.28381389993,49.0503384,2.28293639993,2.28469139993,49.0494609,49.0512159,0,0.0,,,,,,,,,
img452,train,2.24169389995,49.025768400000004,2.24081639995,2.24257139995,49.0248909,49.0266459,17504,4.142958579881657,16.0,1036.7695990933375,0.0010367695990933375,,,,,,
img879,train,2.25924389994,49.0152384,2.25836639994,2.26012139994,49.0143609,49.0161159,8608,2.037396449704142,3.0,510.07930266921426,0.0005100793026692142,,,,,,
img1613,train,2.28732389993,49.025768400000004,2.28644639993,2.28820139993,49.0248909,49.0266459,0,0.0,,,,,,,,,
img1154,train,2.26977389994,49.025768400000004,2.26889639994,2.27065139994,49.0248909,49.0266459,0,0.0,,,,,,,,,
img1182,train,2.27152889994,48.9959334,2.27065139994,2.27240639994,48.9950559,48.9968109,73745,17.454437869822485,42.0,4373.582599409669,0.004373582599409669,,,,,,
img817,train,2.2574888999400002,48.985403399999996,2.25661139994,2.25836639994,48.9845259,48.9862809,74740,17.689940828402367,38.0,4432.670173618459,0.004432670173618459,,,,,,
img408,train,2.23818389995,49.055603399999995,2.23730639995,2.23906139995,49.0547259,49.0564809,0,0.0,,,,,,,,,
img809,train,2.25573389994,49.0503384,2.25485639994,2.25661139994,49.0494609,49.0512159,0,0.0,,,,,,,,,
img1528,train,2.28381389993,49.0415634,2.28293639993,2.28469139993,49.0406859,49.0424409,0,0.0,,,,,,,,,
img909,train,2.2609988999399997,48.9871584,2.26012139994,2.26187639994,48.9862809,48.9880359,106356,25.173017751479286,24.0,6305.492659114496,0.006305492659114496,,,,,,
img1301,train,2.27503889993,49.046828399999995,2.27416139993,2.27591639993,49.0459509,49.0477059,0,0.0,,,,,,,,,
img136,train,2.21536889996,49.0222584,2.21449139996,2.21624639996,49.0213809,49.0231359,69941,16.554082840236685,66.0,4144.317784165397,0.004144317784165397,,,,,,
img605,train,2.248713899945,49.008218400000004,2.24783639995,2.24959139994,49.0073409,49.0090959,92160,21.81301775147929,58.0,5461.061822503193,0.005461061822503193,,,,,,
img485,train,2.2434488999499997,49.0222584,2.24257139995,2.24432639995,49.0213809,49.0231359,58325,13.80473372781065,45.0,3456.1473723524673,0.003456147372352467,,,,,,
img1667,train,2.28907889993,49.038053399999995,2.28820139993,2.28995639993,49.0371759,49.0389309,0,0.0,,,,,,,,,
img925,train,2.2609988999399997,49.0152384,2.26012139994,2.26187639994,49.0143609,49.0161159,23600,5.585798816568047,9.0,1398.308794381209,0.001398308794381209,,,,,,
img1392,train,2.27854889993,49.0485834,2.27767139993,2.27942639993,49.0477059,49.0494609,0,0.0,,,,,,,,,
img1706,train,2.29083389993,49.025768400000004,2.28995639993,2.29171139993,49.0248909,49.0266459,0,0.0,,,,,,,,,
img155,train,2.21712389996,49.029278399999995,2.21624639996,2.21800139996,49.0284009,49.0301559,68773,16.277633136094675,38.0,4074.5079662499224,0.004074507966249923,,,,,,
img1043,train,2.26626389994,48.9871584,2.26538639994,2.26714139994,48.9862809,48.9880359,77889,18.43526627218935,50.0,4616.707815282272,0.0046167078152822725,,,,,,
img70,train,2.20483889996,49.025768400000004,2.20396139996,2.20571639996,49.0248909,49.0266459,0,0.0,,,,,,,,,
img1834,train,2.29609889993,49.008218400000004,2.29522139993,2.29697639993,49.0073409,49.0090959,0,0.0,,,,,,,,,
img1048,train,2.26626389994,48.9959334,2.26538639994,2.26714139994,48.9950559,48.9968109,82570,19.54319526627219,42.0,4894.540731021965,0.004894540731021965,,,,,,
img931,train,2.2609988999399997,49.025768400000004,2.26012139994,2.26187639994,49.0248909,49.0266459,0,0.0,,,,,,,,,
img284,train,2.2311638999500003,49.029278399999995,2.23028639995,2.23204139995,49.0284009,49.0301559,11258,2.664615384615385,10.0,666.423384338111,0.000666423384338111,,,,,,
img1368,train,2.27854889993,49.0064634,2.27767139993,2.27942639993,49.0055859,49.0073409,12327,2.9176331360946746,15.0,729.8183193804232,0.0007298183193804232,,,,,,
img896,train,2.25924389994,49.0450734,2.25836639994,2.26012139994,49.0441959,49.0459509,0,0.0,,,,,,,,,
img1408,train,2.28030389993,48.9959334,2.27942639993,2.28118139993,48.9950559,48.9968109,79404,18.793846153846154,57.0,4706.982114295027,0.004706982114295027,,,,,,
img1850,train,2.29609889993,49.0362984,2.29522139993,2.29697639993,49.0354209,49.0371759,0,0.0,,,,,,,,,
img1839,train,2.29609889993,49.016993400000004,2.29522139993,2.29697639993,49.0161159,49.0178709,0,0.0,,,,,,,,,
img1341,train,2.27679389993,49.038053399999995,2.27591639993,2.27767139993,49.0371759,49.0389309,0,0.0,,,,,,,,,
img214,train,2.22414389995,49.020503399999996,2.22326639995,2.22502139995,49.0196259,49.0213809,98040,23.204733727810652,31.0,5809.379070060217,0.005809379070060217,,,,,,
img954,train,2.26275389994,48.985403399999996,2.26187639994,2.26363139994,48.9845259,48.9862809,113685,26.90769230769231,47.0,6741.79547152595,0.00674179547152595,,,,,,
img449,train,2.24169389995,49.020503399999996,2.24081639995,2.24257139995,49.0196259,49.0213809,108087,25.582721893491122,61.0,6404.854202579411,0.006404854202579411,,,,,,
img1284,train,2.27503889993,49.016993400000004,2.27416139993,2.27591639993,49.0161159,49.0178709,0,0.0,,,,,,,,,
img1748,train,2.29258889993,49.0187484,2.29171139993,2.29346639993,49.0178709,49.0196259,9722,2.3010650887573965,4.0,576.1731848941965,0.0005761731848941966,,,,,,
img947,train,2.2609988999399997,49.0538484,2.26012139994,2.26187639994,49.0529709,49.0547259,0,0.0,,,,,,,,,
img1718,train,2.29083389993,49.046828399999995,2.28995639993,2.29171139993,49.0459509,49.0477059,0,0.0,,,,,,,,,
img154,train,2.21712389996,49.0275234,2.21624639996,2.21800139996,49.0266459,49.0284009,67808,16.049230769230768,26.0,4016.844664013226,0.004016844664013226,,,,,,
img1218,train,2.273283899935,48.9801384,2.27240639994,2.27416139993,48.9792609,48.9810159,8474,2.0056804733727813,9.0,502.51391232646614,0.0005025139123264661,,,,,,
img1276,train,2.27503889993,49.002953399999996,2.27416139993,2.27591639993,49.0020759,49.0038309,50608,11.978224852071005,20.0,2999.053200828344,0.0029990532008283438,,,,,,
img1263,train,2.27503889993,48.9801384,2.27416139993,2.27591639993,48.9792609,48.9810159,14218,3.365207100591716,9.0,843.073152935558,0.000843073152935558,,,,,,
img613,train,2.248713899945,49.0222584,2.24783639995,2.24959139994,49.0213809,49.0231359,36845,8.720710059171598,24.0,2183.06463132913,0.00218306463132913,,,,,,
img1831,train,2.29609889993,49.002953399999996,2.29522139993,2.29697639993,49.0020759,49.0038309,61262,14.499881656804734,32.0,3631.945155939553,0.003631945155939553,,,,,,
img946,train,2.2609988999399997,49.052093400000004,2.26012139994,2.26187639994,49.0512159,49.0529709,0,0.0,,,,,,,,,
img1663,train,2.28907889993,49.0310334,2.28820139993,2.28995639993,49.0301559,49.0319109,0,0.0,,,,,,,,,
img23,train,2.1943088999700002,49.0415634,2.19343139997,2.19518639997,49.0406859,49.0424409,0,0.0,,,,,,,,,
img1801,train,2.29434389993,49.0310334,2.29346639993,2.29522139993,49.0301559,49.0319109,0,0.0,,,,,,,,,
img1553,train,2.28556889993,49.002953399999996,2.28469139993,2.28644639993,49.0020759,49.0038309,75392,17.844260355029586,21.0,4468.6772965160335,0.004468677296516034,,,,,,
img1268,train,2.27503889993,48.9889134,2.27416139993,2.27591639993,48.9880359,48.9897909,97593,23.0989349112426,60.0,5787.644792413318,0.005787644792413318,,,,,,
img1467,train,2.28205889993,49.016993400000004,2.28118139993,2.28293639993,49.0161159,49.0178709,41310,9.777514792899408,22.0,2447.5914119087915,0.0024475914119087916,,,,,,
img1784,train,2.29434389993,49.0011984,2.29346639993,2.29522139993,49.0003209,49.0020759,70284,16.63526627218935,40.0,4165.936850426686,0.004165936850426686,,,,,,
img986,train,2.26275389994,49.0415634,2.26187639994,2.26363139994,49.0406859,49.0424409,0,0.0,,,,,,,,,
img855,train,2.2574888999400002,49.052093400000004,2.25661139994,2.25836639994,49.0512159,49.0529709,0,0.0,,,,,,,,,
img1466,train,2.28205889993,49.0152384,2.28118139993,2.28293639993,49.0143609,49.0161159,8887,2.103431952662722,5.0,526.914841689172,0.000526914841689172,,,,,,
img701,train,2.2522238999399997,49.0187484,2.25134639994,2.25310139994,49.0178709,49.0196259,40802,9.657278106508876,28.0,2416.643205485026,0.002416643205485026,,,,,,
img314,train,2.23291889995,49.038053399999995,2.23204139995,2.23379639995,49.0371759,49.0389309,0,0.0,,,,,,,,,
img480,train,2.2434488999499997,49.0134834,2.24257139995,2.24432639995,49.0126059,49.0143609,72269,17.10508875739645,47.0,4281.920547237585,0.004281920547237585,,,,,,
img216,train,2.22414389995,49.0240134,2.22326639995,2.22502139995,49.0231359,49.0248909,114493,27.098934911242605,35.0,6784.729314588642,0.006784729314588642,,,,,,
img461,train,2.24169389995,49.0415634,2.24081639995,2.24257139995,49.0406859,49.0424409,0,0.0,,,,,,,,,
img696,train,2.2522238999399997,49.0099734,2.25134639994,2.25310139994,49.0090959,49.0108509,70967,16.796923076923076,53.0,4205.99620407359,0.00420599620407359,,,,,,
img892,train,2.25924389994,49.038053399999995,2.25836639994,2.26012139994,49.0371759,49.0389309,0,0.0,,,,,,,,,
img103,train,2.21010389996,49.029278399999995,2.20922639996,2.21098139996,49.0284009,49.0301559,30153,7.1368047337278115,15.0,1785.7305647774588,0.0017857305647774589,,,,,,
img978,train,2.26275389994,49.0275234,2.26187639994,2.26363139994,49.0266459,49.0284009,0,0.0,,,,,,,,,
img178,train,2.21887889996,49.0398084,2.21800139996,2.21975639996,49.0389309,49.0406859,2415,0.5715976331360947,1.0,143.9271036697768,0.0001439271036697768,,,,,,
img113,train,2.21185889996,49.0275234,2.21098139996,2.21273639996,49.0266459,49.0284009,71471,16.91621301775148,24.0,4233.986758648721,0.004233986758648721,,,,,,
img4,train,2.1890438999699997,49.0450734,2.18816639997,2.18992139997,49.0441959,49.0459509,0,0.0,,,,,,,,,
img26,train,2.1943088999700002,49.046828399999995,2.19343139997,2.19518639997,49.0459509,49.0477059,22653,5.361656804733728,3.0,1342.0402674669099,0.0013420402674669098,,,,,,
img1691,train,2.29083389993,48.999443400000004,2.28995639993,2.29171139993,48.9985659,49.0003209,83445,19.750295857988164,53.0,4946.054995782517,0.004946054995782517,,,,,,
img1082,train,2.26626389994,49.055603399999995,2.26538639994,2.26714139994,49.0547259,49.0564809,44231,10.46887573964497,29.0,2620.7541616747735,0.0026207541616747737,,,,,,
img1378,train,2.27854889993,49.0240134,2.27767139993,2.27942639993,49.0231359,49.0248909,0,0.0,,,,,,,,,
img1555,train,2.28556889993,49.0064634,2.28469139993,2.28644639993,49.0055859,49.0073409,70402,16.66319526627219,22.0,4172.9273952590265,0.004172927395259027,,,,,,
img1773,train,2.29434389993,48.981893400000004,2.29346639993,2.29522139993,48.9810159,48.9827709,87497,20.709349112426032,11.0,5188.859083259393,0.005188859083259393,,,,,,
img870,train,2.25924389994,48.999443400000004,2.25836639994,2.26012139994,48.9985659,49.0003209,96164,22.7607100591716,58.0,5700.979094380354,0.0057009790943803535,,,,,,
img941,train,2.2609988999399997,49.043318400000004,2.26012139994,2.26187639994,49.0424409,49.0441959,0,0.0,,,,,,,,,
img1389,train,2.27854889993,49.043318400000004,2.27767139993,2.27942639993,49.0424409,49.0441959,0,0.0,,,,,,,,,
img1118,train,2.26801889994,49.0415634,2.26714139994,2.26889639994,49.0406859,49.0424409,0,0.0,,,,,,,,,
img1696,train,2.29083389993,49.008218400000004,2.28995639993,2.29171139993,49.0073409,49.0090959,1306,0.30911242603550293,3.0,77.41564749348468,7.741564749348468e-05,,,,,,
img193,train,2.22063389996,49.0398084,2.21975639996,2.22151139996,49.0389309,49.0406859,7088,1.6776331360946746,3.0,420.19539397888036,0.0004201953939788804,,,,,,
img41,train,2.197818899965,49.038053399999995,2.19694139997,2.19869639996,49.0371759,49.0389309,0,0.0,,,,,,,,,
img244,train,2.22765389995,49.038053399999995,2.22677639995,2.22853139995,49.0371759,49.0389309,0,0.0,,,,,,,,,
img111,train,2.21185889996,49.0240134,2.21098139996,2.21273639996,49.0231359,49.0248909,76098,18.01136094674556,40.0,4508.439966563599,0.0045084399665635995,,,,,,
img98,train,2.21010389996,49.020503399999996,2.20922639996,2.21098139996,49.0196259,49.0213809,0,0.0,,,,,,,,,
img509,train,2.24520389995,48.9871584,2.24432639995,2.24608139995,48.9862809,48.9880359,136947,32.41349112426036,9.0,8120.074983884059,0.008120074983884059,,,,,,
img706,train,2.2522238999399997,49.0275234,2.25134639994,2.25310139994,49.0266459,49.0284009,0,0.0,,,,,,,,,
img1184,train,2.27152889994,48.999443400000004,2.27065139994,2.27240639994,48.9985659,49.0003209,71819,16.998579881656806,20.0,4257.149565019996,0.004257149565019996,,,,,,
img1009,train,2.26450889994,49.0047084,2.26363139994,2.26538639994,49.0038309,49.0055859,98526,23.319763313609467,11.0,5839.929979684157,0.005839929979684157,,,,,,
img1562,train,2.28556889993,49.0187484,2.28469139993,2.28644639993,49.0178709,49.0196259,2711,0.6416568047337279,2.0,160.7898733770545,0.0001607898733770545,,,,,,
img1810,train,2.29434389993,49.046828399999995,2.29346639993,2.29522139993,49.0459509,49.0477059,57160,13.528994082840237,4.0,3385.3807112860227,0.0033853807112860226,,,,,,
img820,train,2.2574888999400002,48.990668400000004,2.25661139994,2.25836639994,48.9897909,48.9915459,87431,20.693727810650888,13.0,5184.621227564098,0.005184621227564098,,,,,,
img621,train,2.248713899945,49.0362984,2.24783639995,2.24959139994,49.0354209,49.0371759,0,0.0,,,,,,,,,
img1749,train,2.29258889993,49.020503399999996,2.29171139993,2.29346639993,49.0196259,49.0213809,10879,2.5749112426035503,7.0,644.5696387628785,0.0006445696387628785,,,,,,
img1596,train,2.28732389993,48.9959334,2.28644639993,2.28820139993,48.9950559,48.9968109,70967,16.796923076923076,22.0,4206.9805765511055,0.004206980576551105,,,,,,
img663,train,2.25046889994,49.0310334,2.24959139994,2.25134639994,49.0301559,49.0319109,0,0.0,,,,,,,,,
img1527,train,2.28381389993,49.0398084,2.28293639993,2.28469139993,49.0389309,49.0406859,0,0.0,,,,,,,,,
img225,train,2.22589889995,49.0187484,2.22502139995,2.22677639995,49.0178709,49.0196259,56419,13.353609467455621,43.0,3342.6255272389308,0.0033426255272389306,,,,,,
img1281,train,2.27503889993,49.011728399999996,2.27416139993,2.27591639993,49.0108509,49.0126059,8392,1.9862721893491124,10.0,497.78796093068235,0.0004977879609306823,,,,,,
img1743,train,2.29258889993,49.0099734,2.29171139993,2.29346639993,49.0090959,49.0108509,0,0.0,,,,,,,,,
img1226,train,2.273283899935,48.994178399999996,2.27240639994,2.27416139993,48.9933009,48.9950559,85962,20.34603550295858,55.0,5096.469780721428,0.005096469780721428,,,,,,
img1322,train,2.27679389993,49.0047084,2.27591639993,2.27767139993,49.0038309,49.0055859,36035,8.528994082840237,20.0,2133.5961906132625,0.0021335961906132623,,,,,,
img514,train,2.24520389995,49.0047084,2.24432639995,2.24608139995,49.0038309,49.0055859,0,0.0,,,,,,,,,
img515,train,2.24520389995,49.0064634,2.24432639995,2.24608139995,49.0055859,49.0073409,33417,7.909349112426035,27.0,1980.497245065632,0.0019804972450656317,,,,,,
img617,train,2.248713899945,49.029278399999995,2.24783639995,2.24959139994,49.0284009,49.0301559,0,0.0,,,,,,,,,
img435,train,2.2399388999500003,49.052093400000004,2.23906139995,2.24081639995,49.0512159,49.0529709,0,0.0,,,,,,,,,
img1597,train,2.28732389993,48.9976884,2.28644639993,2.28820139993,48.9968109,48.9985659,73259,17.33940828402367,44.0,4341.182035820419,0.0043411820358204185,,,,,,
img1077,train,2.26626389994,49.046828399999995,2.26538639994,2.26714139994,49.0459509,49.0477059,0,0.0,,,,,,,,,
img108,train,2.21185889996,49.0187484,2.21098139996,2.21273639996,49.0178709,49.0196259,0,0.0,,,,,,,,,
img336,train,2.2346738999499998,49.029278399999995,2.23379639995,2.23555139995,49.0284009,49.0301559,0,0.0,,,,,,,,,
img1898,train,2.297853899925,49.0573584,2.29697639993,2.29873139992,49.0564809,49.0582359,0,0.0,,,,,,,,,
img230,train,2.22589889995,49.0275234,2.22502139995,2.22677639995,49.0266459,49.0284009,28308,6.700118343195266,4.0,1677.3451159674598,0.0016773451159674598,,,,,,
img534,train,2.24520389995,49.0398084,2.24432639995,2.24608139995,49.0389309,49.0406859,0,0.0,,,,,,,,,
img1246,train,2.273283899935,49.029278399999995,2.27240639994,2.27416139993,49.0284009,49.0301559,0,0.0,,,,,,,,,
img1012,train,2.26450889994,49.0099734,2.26363139994,2.26538639994,49.0090959,49.0108509,23199,5.490887573964497,16.0,1375.82122736065,0.00137582122736065,,,,,,
img217,train,2.22414389995,49.025768400000004,2.22326639995,2.22502139995,49.0248909,49.0266459,126159,29.860118343195268,23.0,7475.4275936558315,0.007475427593655832,,,,,,
img1701,train,2.29083389993,49.016993400000004,2.28995639993,2.29171139993,49.0161159,49.0178709,16984,4.019881656804734,11.0,1006.1959252948701,0.0010061959252948701,,,,,,
img1254,train,2.273283899935,49.043318400000004,2.27240639994,2.27416139993,49.0424409,49.0441959,0,0.0,,,,,,,,,
img1456,train,2.28205889993,48.9976884,2.28118139993,2.28293639993,48.9968109,48.9985659,88779,21.012781065088756,69.0,5263.185868426358,0.005263185868426358,,,,,,
img999,train,2.26450889994,48.9871584,2.26363139994,2.26538639994,48.9862809,48.9880359,72616,17.187218934911243,43.0,4305.529466676367,0.004305529466676367,,,,,,
img1615,train,2.28732389993,49.029278399999995,2.28644639993,2.28820139993,49.0284009,49.0301559,0,0.0,,,,,,,,,
img1202,train,2.27152889994,49.0310334,2.27065139994,2.27240639994,49.0301559,49.0319109,0,0.0,,,,,,,,,
img802,train,2.25573389994,49.038053399999995,2.25485639994,2.25661139994,49.0371759,49.0389309,0,0.0,,,,,,,,,
img926,train,2.2609988999399997,49.016993400000004,2.26012139994,2.26187639994,49.0161159,49.0178709,13554,3.208047337278107,5.0,803.2701237628976,0.0008032701237628976,,,,,,
img1381,train,2.27854889993,49.029278399999995,2.27767139993,2.27942639993,49.0284009,49.0301559,0,0.0,,,,,,,,,
img1704,train,2.29083389993,49.0222584,2.28995639993,2.29171139993,49.0213809,49.0231359,28022,6.6324260355029585,5.0,1660.153092543564,0.001660153092543564,,,,,,
img958,train,2.26275389994,48.9924234,2.26187639994,2.26363139994,48.9915459,48.9933009,41435,9.807100591715976,34.0,2456.9520151184456,0.0024569520151184457,,,,,,
img1265,train,2.27503889993,48.9836484,2.27416139993,2.27591639993,48.9827709,48.9845259,70901,16.781301775147927,42.0,4203.787888910357,0.004203787888910356,,,,,,
img1733,train,2.29258889993,48.9924234,2.29171139993,2.29346639993,48.9915459,48.9933009,136827,32.38508875739645,9.0,8111.981429497273,0.008111981429497274,,,,,,
img1780,train,2.29434389993,48.994178399999996,2.29346639993,2.29522139993,48.9933009,48.9950559,40345,9.549112426035503,7.0,2390.9352093173034,0.0023909352093173034,,,,,,
img1579,train,2.28556889993,49.0485834,2.28469139993,2.28644639993,49.0477059,49.0494609,0,0.0,,,,,,,,,
img871,train,2.25924389994,49.0011984,2.25836639994,2.26012139994,49.0003209,49.0020759,89994,21.3003550295858,61.0,5334.479230357428,0.005334479230357428,,,,,,
img1859,train,2.29609889993,49.052093400000004,2.29522139993,2.29697639993,49.0512159,49.0529709,0,0.0,,,,,,,,,
img1804,train,2.29434389993,49.0362984,2.29346639993,2.29522139993,49.0354209,49.0371759,0,0.0,,,,,,,,,
img292,train,2.2311638999500003,49.043318400000004,2.23028639995,2.23204139995,49.0424409,49.0441959,3650,0.863905325443787,2.0,216.11175668897545,0.00021611175668897545,,,,,,
img146,train,2.21536889996,49.0415634,2.21449139996,2.21624639996,49.0406859,49.0424409,12129,2.870769230769231,7.0,718.5982353693986,0.0007185982353693986,,,,,,
img500,train,2.2434488999499997,49.0485834,2.24257139995,2.24432639995,49.0477059,49.0494609,0,0.0,,,,,,,,,
img666,train,2.25046889994,49.0362984,2.24959139994,2.25134639994,49.0354209,49.0371759,0,0.0,,,,,,,,,
img1658,train,2.28907889993,49.0222584,2.28820139993,2.28995639993,49.0213809,49.0231359,0,0.0,,,,,,,,,
img357,train,2.23642889995,49.016993400000004,2.23555139995,2.23730639995,49.0161159,49.0178709,71481,16.918579881656804,57.0,4236.3876893352735,0.004236387689335273,,,,,,
img1566,train,2.28556889993,49.025768400000004,2.28469139993,2.28644639993,49.0248909,49.0266459,0,0.0,,,,,,,,,
img1108,train,2.26801889994,49.0240134,2.26714139994,2.26889639994,49.0231359,49.0248909,0,0.0,,,,,,,,,
img431,train,2.2399388999500003,49.0450734,2.23906139995,2.24081639995,49.0441959,49.0459509,11574,2.7394082840236686,5.0,685.9031996626401,0.0006859031996626401,,,,,,
img959,train,2.26275389994,48.994178399999996,2.26187639994,2.26363139994,48.9933009,48.9950559,88008,20.830295857988165,57.0,5218.366703665475,0.005218366703665475,,,,,,
img661,train,2.25046889994,49.0275234,2.24959139994,2.25134639994,49.0266459,49.0284009,0,0.0,,,,,,,,,
img280,train,2.2311638999500003,49.0222584,2.23028639995,2.23204139995,49.0213809,49.0231359,84705,20.048520710059172,70.0,5018.305421683283,0.005018305421683284,,,,,,
img940,train,2.2609988999399997,49.0415634,2.26012139994,2.26187639994,49.0406859,49.0424409,0,0.0,,,,,,,,,
img107,validation,2.21010389996,49.0362984,2.20922639996,2.21098139996,49.0354209,49.0371759,39962,9.458461538461538,22.0,2368.482083010199,0.002368482083010199,,,,,,
img875,validation,2.25924389994,49.008218400000004,2.25836639994,2.26012139994,49.0073409,49.0090959,70623,16.71550295857988,51.0,4185.411164682355,0.0041854111646823546,,,,,,
img1390,validation,2.27854889993,49.0450734,2.27767139993,2.27942639993,49.0441959,49.0459509,0,0.0,,,,,,,,,
img1788,validation,2.29434389993,49.008218400000004,2.29346639993,2.29522139993,49.0073409,49.0090959,0,0.0,,,,,,,,,
img441,validation,2.24169389995,48.9871584,2.24081639995,2.24257139995,48.9862809,48.9880359,0,0.0,,,,,,,,,
img119,validation,2.21361389996,49.016993400000004,2.21273639996,2.21449139996,49.0161159,49.0178709,0,0.0,,,,,,,,,
img1136,validation,2.26977389994,48.994178399999996,2.26889639994,2.27065139994,48.9933009,48.9950559,47219,11.176094674556213,34.0,2800.061946914886,0.002800061946914886,,,,,,
img202,validation,2.222388899955,49.025768400000004,2.22151139996,2.22326639995,49.0248909,49.0266459,89713,21.23384615384615,20.0,5315.457895853007,0.005315457895853007,,,,,,
img1266,validation,2.27503889993,48.985403399999996,2.27416139993,2.27591639993,48.9845259,48.9862809,77477,18.337751479289942,57.0,4592.287656023328,0.004592287656023328,,,,,,
img437,validation,2.2399388999500003,49.055603399999995,2.23906139995,2.24081639995,49.0547259,49.0564809,0,0.0,,,,,,,,,
img301,validation,2.23291889995,49.0152384,2.23204139995,2.23379639995,49.0143609,49.0161159,72896,17.253491124260357,56.0,4320.6084068361215,0.004320608406836121,,,,,,
img287,validation,2.2311638999500003,49.034543400000004,2.23028639995,2.23204139995,49.0336659,49.0354209,0,0.0,,,,,,,,,
img746,validation,2.25397889994,49.0187484,2.25310139994,2.25485639994,49.0178709,49.0196259,49329,11.675502958579882,31.0,2922.611194244999,0.002922611194244999,,,,,,
img166,validation,2.21887889996,49.0187484,2.21800139996,2.21975639996,49.0178709,49.0196259,47772,11.30698224852071,10.0,2829.7750986645065,0.0028297750986645063,,,,,,
img121,validation,2.21361389996,49.020503399999996,2.21273639996,2.21449139996,49.0196259,49.0213809,56990,13.488757396449705,36.0,3376.951966572801,0.0033769519665728014,,,,,,
img832,validation,2.2574888999400002,49.011728399999996,2.25661139994,2.25836639994,49.0108509,49.0126059,60743,14.377041420118344,37.0,3600.0379123563416,0.0036000379123563415,,,,,,
img428,validation,2.2399388999500003,49.0398084,2.23906139995,2.24081639995,49.0389309,49.0406859,0,0.0,,,,,,,,,
img576,validation,2.24695889995,49.0362984,2.24608139995,2.24783639995,49.0354209,49.0371759,0,0.0,,,,,,,,,
img724,validation,2.25397889994,48.9801384,2.25310139994,2.25485639994,48.9792609,48.9810159,18021,4.265325443786983,16.0,1068.8483403002456,0.0010688483403002455,,,,,,
img741,validation,2.25397889994,49.0099734,2.25310139994,2.25485639994,49.0090959,49.0108509,87464,20.701538461538462,67.0,5183.21176851447,0.00518321176851447,,,,,,
img930,validation,2.2609988999399997,49.0240134,2.26012139994,2.26187639994,49.0231359,49.0248909,0,0.0,,,,,,,,,
img228,validation,2.22589889995,49.0240134,2.22502139995,2.22677639995,49.0231359,49.0248909,66812,15.813491124260354,31.0,3959.514796529068,0.003959514796529068,,,,,,
img1150,validation,2.26977389994,49.0187484,2.26889639994,2.27065139994,49.0178709,49.0196259,0,0.0,,,,,,,,,
img1079,validation,2.26626389994,49.0503384,2.26538639994,2.26714139994,49.0494609,49.0512159,5105,1.208284023668639,3.0,302.44116299085283,0.00030244116299085283,,,,,,
img1760,validation,2.29258889993,49.0398084,2.29171139993,2.29346639993,49.0389309,49.0406859,0,0.0,,,,,,,,,
img1814,validation,2.29434389993,49.0538484,2.29346639993,2.29522139993,49.0529709,49.0547259,0,0.0,,,,,,,,,
img873,validation,2.25924389994,49.0047084,2.25836639994,2.26012139994,49.0038309,49.0055859,61907,14.652544378698225,47.0,3669.0191317653585,0.0036690191317653585,,,,,,
img1415,validation,2.28030389993,49.008218400000004,2.27942639993,2.28118139993,49.0073409,49.0090959,57642,13.643076923076924,34.0,3417.3481925555284,0.0034173481925555286,,,,,,
img1860,validation,2.29609889993,49.0538484,2.29522139993,2.29697639993,49.0529709,49.0547259,0,0.0,,,,,,,,,
img1614,validation,2.28732389993,49.0275234,2.28644639993,2.28820139993,49.0266459,49.0284009,0,0.0,,,,,,,,,
img186,validation,2.22063389996,49.025768400000004,2.21975639996,2.22151139996,49.0248909,49.0266459,78272,18.525917159763313,29.0,4637.632433976053,0.004637632433976053,,,,,,
img1844,validation,2.29609889993,49.025768400000004,2.29522139993,2.29697639993,49.0248909,49.0266459,0,0.0,,,,,,,,,
img775,validation,2.25573389994,48.990668400000004,2.25485639994,2.25661139994,48.9897909,48.9915459,57336,13.570650887573965,32.0,3399.583360477642,0.003399583360477642,,,,,,
img895,validation,2.25924389994,49.043318400000004,2.25836639994,2.26012139994,49.0424409,49.0441959,0,0.0,,,,,,,,,
img1888,validation,2.297853899925,49.0398084,2.29697639993,2.29873139992,49.0389309,49.0406859,0,0.0,,,,,,,,,
img337,validation,2.2346738999499998,49.0310334,2.23379639995,2.23555139995,49.0301559,49.0319109,0,0.0,,,,,,,,,
img300,validation,2.23291889995,49.0134834,2.23204139995,2.23379639995,49.0126059,49.0143609,63480,15.024852071005917,47.0,3762.9454577558754,0.0037629454577558755,,,,,,
img1122,validation,2.26801889994,49.0485834,2.26714139994,2.26889639994,49.0477059,49.0494609,0,0.0,,,,,,,,,
img134,validation,2.21536889996,49.0187484,2.21449139996,2.21624639996,49.0178709,49.0196259,67018,15.86224852071006,15.0,3973.17774853927,0.00397317774853927,,,,,,
img1410,validation,2.28030389993,48.999443400000004,2.27942639993,2.28118139993,48.9985659,49.0003209,64646,15.300828402366864,51.0,3831.593032975624,0.003831593032975624,,,,,,
img1684,validation,2.29083389993,48.9871584,2.28995639993,2.29171139993,48.9862809,48.9880359,82891,19.619171597633137,64.0,4914.352055933993,0.004914352055933993,,,,,,
img1350,validation,2.27679389993,49.0538484,2.27591639993,2.27767139993,49.0529709,49.0547259,0,0.0,,,,,,,,,
img299,validation,2.23291889995,49.011728399999996,2.23204139995,2.23379639995,49.0108509,49.0126059,26886,6.363550295857988,10.0,1592.9851087981313,0.0015929851087981312,,,,,,
img511,validation,2.24520389995,48.990668400000004,2.24432639995,2.24608139995,48.9897909,48.9915459,49762,11.777988165680474,14.0,2950.34507984766,0.0029503450798476602,,,,,,
img1866,validation,2.297853899925,49.0011984,2.29697639993,2.29873139992,49.0003209,49.0020759,2333,0.552189349112426,2.0,138.40012921387705,0.00013840012921387704,,,,,,
img62,validation,2.20308389996,49.0275234,2.20220639996,2.20396139996,49.0266459,49.0284009,0,0.0,,,,,,,,,
img1607,validation,2.28732389993,49.0152384,2.28644639993,2.28820139993,49.0143609,49.0161159,55582,13.155502958579882,31.0,3293.130482879857,0.003293130482879857,,,,,,
img270,validation,2.22940889995,49.046828399999995,2.22853139995,2.23028639995,49.0459509,49.0477059,0,0.0,,,,,,,,,
img987,validation,2.26275389994,49.043318400000004,2.26187639994,2.26363139994,49.0424409,49.0441959,0,0.0,,,,,,,,,
img464,validation,2.24169389995,49.046828399999995,2.24081639995,2.24257139995,49.0459509,49.0477059,7114,1.6837869822485207,3.0,421.6491534125316,0.00042164915341253155,,,,,,
img1347,validation,2.27679389993,49.0485834,2.27591639993,2.27767139993,49.0477059,49.0494609,0,0.0,,,,,,,,,
img528,validation,2.24520389995,49.029278399999995,2.24432639995,2.24608139995,49.0284009,49.0301559,0,0.0,,,,,,,,,
img642,validation,2.25046889994,48.994178399999996,2.24959139994,2.25134639994,48.9933009,48.9950559,66484,15.73585798816568,23.0,3941.0839551494587,0.003941083955149458,,,,,,
img19,validation,2.19255389997,49.0485834,2.19167639997,2.19343139997,49.0477059,49.0494609,249,0.05893491124260355,1.0,14.729230655223411,1.472923065522341e-05,,,,,,
img997,validation,2.26450889994,48.9836484,2.26363139994,2.26538639994,48.9827709,48.9845259,82970,19.637869822485207,45.0,4920.445897683982,0.0049204458976839826,,,,,,
img1741,validation,2.29258889993,49.0064634,2.29171139993,2.29346639993,49.0055859,49.0073409,12885,3.049704142011834,8.0,763.8424690294165,0.0007638424690294165,,,,,,
img1431,validation,2.28030389993,49.0362984,2.27942639993,2.28118139993,49.0354209,49.0371759,0,0.0,,,,,,,,,
img815,validation,2.2574888999400002,48.981893400000004,2.25661139994,2.25836639994,48.9810159,48.9827709,58956,13.954082840236687,45.0,3494.969386036857,0.003494969386036857,,,,,,
img416,validation,2.2399388999500003,49.0187484,2.23906139995,2.24081639995,49.0178709,49.0196259,68962,16.322366863905323,43.0,4084.7382830709334,0.004084738283070933,,,,,,
img563,validation,2.24695889995,49.0134834,2.24608139995,2.24783639995,49.0126059,49.0143609,22281,5.273609467455621,11.0,1320.105242827308,0.001320105242827308,,,,,,
img715,validation,2.2522238999399997,49.043318400000004,2.25134639994,2.25310139994,49.0424409,49.0441959,0,0.0,,,,,,,,,
img319,validation,2.23291889995,49.046828399999995,2.23204139995,2.23379639995,49.0459509,49.0477059,0,0.0,,,,,,,,,
img827,validation,2.2574888999400002,49.002953399999996,2.25661139994,2.25836639994,49.0020759,49.0038309,89041,21.074792899408283,24.0,5278.297891331899,0.005278297891331899,,,,,,
img1868,validation,2.297853899925,49.0047084,2.29697639993,2.29873139992,49.0038309,49.0055859,22344,5.288520710059172,13.0,1323.873051973365,0.001323873051973365,,,,,,
img1618,validation,2.28732389993,49.034543400000004,2.28644639993,2.28820139993,49.0336659,49.0354209,0,0.0,,,,,,,,,
img410,validation,2.2399388999500003,49.008218400000004,2.23906139995,2.24081639995,49.0073409,49.0090959,28891,6.83810650887574,3.0,1712.2804730605562,0.0017122804730605563,,,,,,
img551,validation,2.24695889995,48.9924234,2.24608139995,2.24783639995,48.9915459,48.9933009,83538,19.77230769230769,65.0,4953.428150064762,0.004953428150064762,,,,,,
img1152,validation,2.26977389994,49.0222584,2.26889639994,2.27065139994,49.0213809,49.0231359,0,0.0,,,,,,,,,
img730,validation,2.25397889994,48.990668400000004,2.25310139994,2.25485639994,48.9897909,48.9915459,89837,21.263195266272188,46.0,5325.626245345987,0.0053256262453459866,,,,,,
img1204,validation,2.27152889994,49.034543400000004,2.27065139994,2.27240639994,49.0336659,49.0354209,0,0.0,,,,,,,,,
img1712,validation,2.29083389993,49.0362984,2.28995639993,2.29171139993,49.0354209,49.0371759,0,0.0,,,,,,,,,
img1523,validation,2.28381389993,49.0327884,2.28293639993,2.28469139993,49.0319109,49.0336659,0,0.0,,,,,,,,,
img626,validation,2.248713899945,49.0450734,2.24783639995,2.24959139994,49.0441959,49.0459509,0,0.0,,,,,,,,,
img303,validation,2.23291889995,49.0187484,2.23204139995,2.23379639995,49.0178709,49.0196259,54188,12.825562130177515,43.0,3210.7445313100393,0.003210744531310039,,,,,,
img1147,validation,2.26977389994,49.0134834,2.26889639994,2.27065139994,49.0126059,49.0143609,41758,9.883550295857988,18.0,2473.6208034512924,0.0024736208034512926,,,,,,
img125,validation,2.21361389996,49.0275234,2.21273639996,2.21449139996,49.0266459,49.0284009,89453,21.172307692307694,23.0,5296.049558182039,0.0052960495581820385,,,,,,
img1546,validation,2.28556889993,48.990668400000004,2.28469139993,2.28644639993,48.9897909,48.9915459,99639,23.583195266272188,17.0,5905.644112532102,0.0059056441125321015,,,,,,
img1343,validation,2.27679389993,49.0415634,2.27591639993,2.27767139993,49.0406859,49.0424409,0,0.0,,,,,,,,,
img1305,validation,2.27503889993,49.0538484,2.27416139993,2.27591639993,49.0529709,49.0547259,0,0.0,,,,,,,,,
img694,validation,2.2522238999399997,49.0064634,2.25134639994,2.25310139994,49.0055859,49.0073409,76951,18.21325443786982,44.0,4560.7765889705925,0.004560776588970593,,,,,,
img240,validation,2.22765389995,49.0222584,2.22677639995,2.22853139995,49.0213809,49.0231359,65722,15.555502958579881,44.0,3893.2050059412377,0.003893205005941238,,,,,,
img894,validation,2.25924389994,49.0415634,2.25836639994,2.26012139994,49.0406859,49.0424409,0,0.0,,,,,,,,,
img204,validation,2.222388899955,49.0310334,2.22151139996,2.22326639995,49.0301559,49.0319109,1348,0.3190532544378698,2.0,79.93306098794211,7.993306098794211e-05,,,,,,
img1069,validation,2.26626389994,49.0327884,2.26538639994,2.26714139994,49.0319109,49.0336659,0,0.0,,,,,,,,,
img627,validation,2.248713899945,49.046828399999995,2.24783639995,2.24959139994,49.0459509,49.0477059,0,0.0,,,,,,,,,
img564,validation,2.24695889995,49.0152384,2.24608139995,2.24783639995,49.0143609,49.0161159,67544,15.986745562130178,33.0,4002.142202018135,0.004002142202018135,,,,,,
img1318,validation,2.27679389993,48.9976884,2.27591639993,2.27767139993,48.9968109,48.9985659,67951,16.083076923076923,56.0,4027.479557941353,0.004027479557941353,,,,,,
img584,validation,2.24695889995,49.0503384,2.24608139995,2.24783639995,49.0494609,49.0512159,0,0.0,,,,,,,,,
img953,validation,2.26275389994,48.9836484,2.26187639994,2.26363139994,48.9827709,48.9845259,72025,17.047337278106507,46.0,4270.25407504885,0.004270254075048849,,,,,,
img1668,validation,2.28907889993,49.0398084,2.28820139993,2.28995639993,49.0389309,49.0406859,0,0.0,,,,,,,,,
img643,validation,2.25046889994,48.9959334,2.24959139994,2.25134639994,48.9950559,48.9968109,8262,1.9555029585798818,3.0,489.03162264976714,0.0004890316226497672,,,,,,
img506,validation,2.24520389995,48.981893400000004,2.24432639995,2.24608139995,48.9810159,48.9827709,6644,1.572544378698225,2.0,393.93370315617335,0.0003939337031561733,,,,,,
img1244,validation,2.273283899935,49.025768400000004,2.27240639994,2.27416139993,49.0248909,49.0266459,0,0.0,,,,,,,,,
img561,validation,2.24695889995,49.0099734,2.24608139995,2.24783639995,49.0090959,49.0108509,82281,19.474792899408282,42.0,4877.029552972159,0.004877029552972159,,,,,,
img1304,validation,2.27503889993,49.052093400000004,2.27416139993,2.27591639993,49.0512159,49.0529709,0,0.0,,,,,,,,,
img949,validation,2.2609988999399997,49.0573584,2.26012139994,2.26187639994,49.0564809,49.0582359,0,0.0,,,,,,,,,
img156,validation,2.21712389996,49.0310334,2.21624639996,2.21800139996,49.0301559,49.0319109,69885,16.540828402366863,39.0,4138.2798288983095,0.004138279828898309,,,,,,
img1449,validation,2.28205889993,48.985403399999996,2.28118139993,2.28293639993,48.9845259,48.9862809,64514,15.269585798816568,24.0,3825.964563148656,0.003825964563148656,,,,,,
img1480,validation,2.28205889993,49.0398084,2.28118139993,2.28293639993,49.0389309,49.0406859,0,0.0,,,,,,,,,
img650,validation,2.25046889994,49.008218400000004,2.24959139994,2.25134639994,49.0073409,49.0090959,69091,16.352899408284024,49.0,4095.436992282555,0.004095436992282555,,,,,,
img1703,validation,2.29083389993,49.020503399999996,2.28995639993,2.29171139993,49.0196259,49.0213809,43588,10.316686390532544,8.0,2583.0415487341797,0.00258304154873418,,,,,,
img1855,validation,2.29609889993,49.0450734,2.29522139993,2.29697639993,49.0441959,49.0459509,62795,14.862721893491123,8.0,3718.926512840751,0.003718926512840751,,,,,,
img74,validation,2.20483889996,49.0327884,2.20396139996,2.20571639996,49.0319109,49.0336659,0,0.0,,,,,,,,,
img128,validation,2.21361389996,49.0327884,2.21273639996,2.21449139996,49.0319109,49.0336659,33023,7.816094674556213,28.0,1956.7178190324287,0.001956717819032429,,,,,,
img99,validation,2.21010389996,49.0222584,2.20922639996,2.21098139996,49.0213809,49.0231359,7878,1.8646153846153848,3.0,466.0786881371972,0.0004660786881371972,,,,,,
img6,validation,2.1890438999699997,49.0485834,2.18816639997,2.18992139997,49.0477059,49.0494609,2724,0.644733727810651,1.0,161.3121056138055,0.0001613121056138055,,,,,,
img709,validation,2.2522238999399997,49.0327884,2.25134639994,2.25310139994,49.0319109,49.0336659,0,0.0,,,,,,,,,
img1857,validation,2.29609889993,49.0485834,2.29522139993,2.29697639993,49.0477059,49.0494609,0,0.0,,,,,,,,,
img196,validation,2.222388899955,49.0152384,2.22151139996,2.22326639995,49.0143609,49.0161159,26631,6.30319526627219,6.0,1578.2562259595184,0.0015782562259595183,,,,,,
img789,validation,2.25573389994,49.0152384,2.25485639994,2.25661139994,49.0143609,49.0161159,55317,13.092781065088758,37.0,3277.5738201146814,0.0032775738201146812,,,,,,
img1902,validation,2.29960889992,49.038053399999995,2.29873139992,2.30048639992,49.0371759,49.0389309,0,0.0,,,,,,,,,
img63,validation,2.20308389996,49.029278399999995,2.20220639996,2.20396139996,49.0284009,49.0301559,0,0.0,,,,,,,,,
img1843,validation,2.29609889993,49.0240134,2.29522139993,2.29697639993,49.0231359,49.0248909,0,0.0,,,,,,,,,
img923,validation,2.2609988999399997,49.011728399999996,2.26012139994,2.26187639994,49.0108509,49.0126059,69969,16.560710059171598,44.0,4146.509208079026,0.004146509208079027,,,,,,
img1846,validation,2.29609889993,49.029278399999995,2.29522139993,2.29697639993,49.0284009,49.0301559,0,0.0,,,,,,,,,
img1599,validation,2.28732389993,49.0011984,2.28644639993,2.28820139993,49.0003209,49.0020759,30598,7.242130177514793,13.0,1813.9553226323085,0.0018139553226323086,,,,,,
img491,validation,2.2434488999499997,49.0327884,2.24257139995,2.24432639995,49.0319109,49.0336659,0,0.0,,,,,,,,,
img182,validation,2.22063389996,49.0187484,2.21975639996,2.22151139996,49.0178709,49.0196259,45110,10.676923076923076,18.0,2672.6947140467573,0.0026726947140467573,,,,,,
img24,validation,2.1943088999700002,49.043318400000004,2.19343139997,2.19518639997,49.0424409,49.0441959,0,0.0,,,,,,,,,
img356,validation,2.23642889995,49.0152384,2.23555139995,2.23730639995,49.0143609,49.0161159,58001,13.728047337278108,48.0,3438.4368133669705,0.0034384368133669706,,,,,,
img1648,validation,2.28907889993,49.0047084,2.28820139993,2.28995639993,49.0038309,49.0055859,75993,17.986508875739645,39.0,4503.066130199116,0.004503066130199116,,,,,,
img427,validation,2.2399388999500003,49.038053399999995,2.23906139995,2.24081639995,49.0371759,49.0389309,0,0.0,,,,,,,,,
img8,validation,2.19079889997,49.0415634,2.18992139997,2.19167639997,49.0406859,49.0424409,0,0.0,,,,,,,,,
img1016,validation,2.26450889994,49.016993400000004,2.26363139994,2.26538639994,49.0161159,49.0178709,36380,8.610650887573964,26.0,2154.766251712277,0.002154766251712277,,,,,,
img1491,validation,2.28381389993,48.976628399999996,2.28293639993,2.28469139993,48.9757509,48.9775059,0,0.0,,,,,,,,,
img897,validation,2.25924389994,49.046828399999995,2.25836639994,2.26012139994,49.0459509,49.0477059,0,0.0,,,,,,,,,
img1763,validation,2.29258889993,49.0450734,2.29171139993,2.29346639993,49.0441959,49.0459509,0,0.0,,,,,,,,,
img209,validation,2.22414389995,49.011728399999996,2.22326639995,2.22502139995,49.0108509,49.0126059,182,0.043076923076923075,1.0,10.71924272364489,1.071924272364489e-05,,,,,,
img289,validation,2.2311638999500003,49.038053399999995,2.23028639995,2.23204139995,49.0371759,49.0389309,0,0.0,,,,,,,,,
img1889,validation,2.297853899925,49.0415634,2.29697639993,2.29873139992,49.0406859,49.0424409,4414,1.044733727810651,2.0,261.44094595407614,0.00026144094595407613,,,,,,
img298,validation,2.23291889995,49.0099734,2.23204139995,2.23379639995,49.0090959,49.0108509,1973,0.4669822485207101,2.0,117.02302216619157,0.00011702302216619157,,,,,,
img495,validation,2.2434488999499997,49.0398084,2.24257139995,2.24432639995,49.0389309,49.0406859,0,0.0,,,,,,,,,
img1770,validation,2.29258889993,49.0573584,2.29171139993,2.29346639993,49.0564809,49.0582359,1637,0.38745562130177513,2.0,97.3916463251812,9.73916463251812e-05,,,,,,
img1885,validation,2.297853899925,49.034543400000004,2.29697639993,2.29873139992,49.0336659,49.0354209,0,0.0,,,,,,,,,
img1021,validation,2.26450889994,49.025768400000004,2.26363139994,2.26538639994,49.0248909,49.0266459,0,0.0,,,,,,,,,
img1000,validation,2.26450889994,48.9889134,2.26363139994,2.26538639994,48.9880359,48.9897909,75074,17.768994082840237,44.0,4450.315232556635,0.004450315232556635,,,,,,
img160,validation,2.21712389996,49.038053399999995,2.21624639996,2.21800139996,49.0371759,49.0389309,9831,2.3268639053254434,2.0,582.3357259065717,0.0005823357259065717,,,,,,
img310,validation,2.23291889995,49.0310334,2.23204139995,2.23379639995,49.0301559,49.0319109,0,0.0,,,,,,,,,
img1577,validation,2.28556889993,49.0450734,2.28469139993,2.28644639993,49.0441959,49.0459509,0,0.0,,,,,,,,,
img1772,validation,2.29434389993,48.9801384,2.29346639993,2.29522139993,48.9792609,48.9810159,1807,0.42769230769230765,1.0,107.19333690153944,0.00010719333690153944,,,,,,
img838,validation,2.2574888999400002,49.0222584,2.25661139994,2.25836639994,49.0213809,49.0231359,2867,0.6785798816568047,1.0,169.98877655527411,0.00016998877655527412,,,,,,
img92,validation,2.20834889996,49.029278399999995,2.20747139996,2.20922639996,49.0284009,49.0301559,4836,1.1446153846153846,1.0,286.44749936343806,0.0002864474993634381,,,,,,
img322,validation,2.23291889995,49.052093400000004,2.23204139995,2.23379639995,49.0512159,49.0529709,0,0.0,,,,,,,,,
img1457,validation,2.28205889993,48.999443400000004,2.28118139993,2.28293639993,48.9985659,49.0003209,27827,6.5862721893491125,25.0,1648.6513838163585,0.0016486513838163586,,,,,,
img1307,validation,2.27503889993,49.0573584,2.27416139993,2.27591639993,49.0564809,49.0582359,0,0.0,,,,,,,,,
img73,validation,2.20483889996,49.0310334,2.20396139996,2.20571639996,49.0301559,49.0319109,0,0.0,,,,,,,,,
img343,validation,2.2346738999499998,49.0415634,2.23379639995,2.23555139995,49.0406859,49.0424409,949,0.2246153846153846,3.0,55.71696505946774,5.5716965059467737e-05,,,,,,
img133,validation,2.21536889996,49.016993400000004,2.21449139996,2.21624639996,49.0161159,49.0178709,39344,9.312189349112426,3.0,2331.1921375206275,0.0023311921375206274,,,,,,
img743,validation,2.25397889994,49.0134834,2.25310139994,2.25485639994,49.0126059,49.0143609,61151,14.473609467455622,48.0,3625.3922040862026,0.0036253922040862026,,,,,,
img365,validation,2.23642889995,49.0310334,2.23555139995,2.23730639995,49.0301559,49.0319109,0,0.0,,,,,,,,,
img1652,validation,2.28907889993,49.011728399999996,2.28820139993,2.28995639993,49.0108509,49.0126059,17884,4.232899408284023,11.0,1060.494761652033,0.001060494761652033,,,,,,
img1308,validation,2.27679389993,48.9801384,2.27591639993,2.27767139993,48.9792609,48.9810159,17353,4.107218934911243,21.0,1028.106097805375,0.001028106097805375,,,,,,
img123,validation,2.21361389996,49.0240134,2.21273639996,2.21449139996,49.0231359,49.0248909,70699,16.733491124260354,53.0,4187.227968423219,0.004187227968423219,,,,,,
img254,validation,2.22940889995,49.0187484,2.22853139995,2.23028639995,49.0178709,49.0196259,49206,11.646390532544379,39.0,2916.4541715756404,0.0029164541715756406,,,,,,
img1768,validation,2.29258889993,49.0538484,2.29171139993,2.29346639993,49.0529709,49.0547259,0,0.0,,,,,,,,,
img690,validation,2.2522238999399997,48.999443400000004,2.25134639994,2.25310139994,48.9985659,49.0003209,82615,19.553846153846155,63.0,4897.148660644592,0.0048971486606445925,,,,,,
img1025,validation,2.26450889994,49.0327884,2.26363139994,2.26538639994,49.0319109,49.0336659,0,0.0,,,,,,,,,
img347,validation,2.2346738999499998,49.0485834,2.23379639995,2.23555139995,49.0477059,49.0494609,0,0.0,,,,,,,,,
img1598,validation,2.28732389993,48.999443400000004,2.28644639993,2.28820139993,48.9985659,49.0003209,40384,9.558343195266271,22.0,2393.3792759131125,0.0023933792759131124,,,,,,
img975,validation,2.26275389994,49.0222584,2.26187639994,2.26363139994,49.0213809,49.0231359,0,0.0,,,,,,,,,
img1011,validation,2.26450889994,49.008218400000004,2.26363139994,2.26538639994,49.0073409,49.0090959,66323,15.69775147928994,32.0,3930.31123122792,0.00393031123122792,,,,,,
img824,validation,2.2574888999400002,48.9976884,2.25661139994,2.25836639994,48.9968109,48.9985659,63283,14.978224852071007,42.0,3750.3052044993005,0.0037503052044993005,,,,,,
img1659,validation,2.28907889993,49.0240134,2.28820139993,2.28995639993,49.0231359,49.0248909,0,0.0,,,,,,,,,
img847,validation,2.2574888999400002,49.038053399999995,2.25661139994,2.25836639994,49.0371759,49.0389309,0,0.0,,,,,,,,,
img194,validation,2.222388899955,49.011728399999996,2.22151139996,2.22326639995,49.0108509,49.0126059,0,0.0,,,,,,,,,
img679,validation,2.2522238999399997,48.9801384,2.25134639994,2.25310139994,48.9792609,48.9810159,11734,2.777278106508876,10.0,695.6549058330982,0.0006956549058330982,,,,,,
img791,validation,2.25573389994,49.0187484,2.25485639994,2.25661139994,49.0178709,49.0196259,59972,14.194556213017751,37.0,3555.130155835058,0.003555130155835058,,,,,,
img1066,validation,2.26626389994,49.0275234,2.26538639994,2.26714139994,49.0266459,49.0284009,0,0.0,,,,,,,,,
img1135,validation,2.26977389994,48.9924234,2.26889639994,2.27065139994,48.9915459,48.9933009,69680,16.49230769230769,52.0,4131.431962215679,0.004131431962215679,,,,,,
img380,validation,2.23642889995,49.0573584,2.23555139995,2.23730639995,49.0564809,49.0582359,0,0.0,,,,,,,,,
img1682,validation,2.29083389993,48.9836484,2.28995639993,2.29171139993,48.9827709,48.9845259,10082,2.3862721893491123,1.0,597.8510566090962,0.0005978510566090961,,,,,,
img212,validation,2.22414389995,49.016993400000004,2.22326639995,2.22502139995,49.0161159,49.0178709,31051,7.349349112426036,21.0,1839.660147216829,0.0018396601472168291,,,,,,
img443,validation,2.24169389995,49.0099734,2.24081639995,2.24257139995,49.0090959,49.0108509,94506,22.36828402366864,16.0,5601.122993050661,0.005601122993050661,,,,,,
img1093,test,2.26801889994,48.9976884,2.26714139994,2.26889639994,48.9968109,48.9985659,72341,17.122130177514794,58.0,4288.782197811831,0.004288782197811831,0.6065986838198785,0.7551340480095731,0.6802105263150358,0.84860590812838,90250.0,21.360946745562128
img1538,test,2.28556889993,48.976628399999996,2.28469139993,2.28644639993,48.9757509,48.9775059,0,0.0,,,,0.0,0.0,0.0,0.0,0.0,0.0
img527,test,2.24520389995,49.0275234,2.24432639995,2.24608139995,49.0266459,49.0284009,0,0.0,,,,0.0,0.0,0.0,0.0,0.0,0.0
img891,test,2.25924389994,49.0362984,2.25836639994,2.26012139994,49.0354209,49.0371759,0,0.0,,,,0.0,0.0,0.0,0.0,0.0,0.0
img345,test,2.2346738999499998,49.0450734,2.23379639995,2.23555139995,49.0441959,49.0459509,0,0.0,,,,0.0,0.0,0.0,0.0,0.0,0.0
img1595,test,2.28732389993,48.994178399999996,2.28644639993,2.28820139993,48.9933009,48.9950559,95605,22.628402366863906,33.0,5669.561446550631,0.005669561446550632,0.5111823300125499,0.676532963442346,0.7483547000408968,0.6172898906954476,78861.0,18.66532544378698
img608,test,2.248713899945,49.0134834,2.24783639995,2.24959139994,49.0126059,49.0143609,14883,3.522603550295858,11.0,882.563798372702,0.000882563798372702,0.4684852399207154,0.6380523646884041,0.5187849720201995,0.8285291943772859,23769.0,5.625798816568048
img494,test,2.2434488999499997,49.038053399999995,2.24257139995,2.24432639995,49.0371759,49.0389309,0,0.0,,,,0.0,0.0,0.0,0.0,0.0,0.0
img707,test,2.2522238999399997,49.029278399999995,2.25134639994,2.25310139994,49.0284009,49.0301559,0,0.0,,,,0.0,0.0,0.0,0.0,0.0,0.0
img1484,test,2.28205889993,49.046828399999995,2.28118139993,2.28293639993,49.0459509,49.0477059,0,0.0,,,,0.0,0.0,0.0,0.0,0.0,0.0
img1534,test,2.28381389993,49.052093400000004,2.28293639993,2.28469139993,49.0512159,49.0529709,0,0.0,,,,0.0,0.0,0.0,0.0,0.0,0.0
img1511,test,2.28381389993,49.011728399999996,2.28293639993,2.28469139993,49.0108509,49.0126059,69433,16.433846153846154,38.0,4115.588598010101,0.004115588598010101,0.6657838732553018,0.7993640518973403,0.7880322982398466,0.8110264571589719,71459.0,16.91337278106509
img1235,test,2.273283899935,49.0099734,2.27240639994,2.27416139993,49.0090959,49.0108509,12492,2.9566863905325445,5.0,740.3941334989623,0.0007403941334989623,0.7052555795485582,0.8271552815974536,0.8751116669566275,0.784181876394619,11194.0,2.649467455621302
img681,test,2.2522238999399997,48.9836484,2.25134639994,2.25310139994,48.9827709,48.9845259,77073,18.24213017751479,44.0,4571.128577821721,0.004571128577821721,0.6560070252983226,0.7922756549660721,0.7325363596289858,0.8626237463173062,90760.0,21.481656804733728
img844,test,2.2574888999400002,49.0327884,2.25661139994,2.25836639994,49.0319109,49.0336659,0,0.0,,,,0.0,0.0,0.0,0.0,0.0,0.0
img1047,test,2.26626389994,48.994178399999996,2.26538639994,2.26714139994,48.9933009,48.9950559,77885,18.43431952662722,31.0,4617.026685277944,0.004617026685277944,0.7109614395879579,0.8310665841296518,0.7812012744889825,0.8877319124338605,88506.0,20.948165680473373
img1601,test,2.28732389993,49.0047084,2.28644639993,2.28820139993,49.0038309,49.0055859,77211,18.274792899408286,25.0,4577.90357360928,0.00457790357360928,0.6873647319900603,0.8147198041521106,0.8191625860839258,0.8103249536972578,76378.0,18.07763313609468
img1432,test,2.28030389993,49.038053399999995,2.27942639993,2.28118139993,49.0371759,49.0389309,0,0.0,,,,0.0,0.0,0.0,0.0,0.0,0.0
img1179,test,2.27152889994,48.990668400000004,2.27065139994,2.27240639994,48.9897909,48.9915459,83353,19.728520710059172,51.0,4946.6824214413255,0.004946682421441325,0.5885554160147384,0.7409945036620339,0.6715242374906943,0.8264969467195824,102589.0,24.281420118343195
img1851,test,2.29609889993,49.038053399999995,2.29522139993,2.29697639993,49.0371759,49.0389309,0,0.0,,,,0.0,0.0,0.0,0.0,0.0,0.0
img1451,test,2.28205889993,48.9889134,2.28118139993,2.28293639993,48.9880359,48.9897909,92987,22.008757396449706,50.0,5514.0404828080755,0.005514040482808075,0.7124213125580701,0.8320631229400341,0.7881437448290836,0.8811661845194692,103962.0,24.606390532544378
img1162,test,2.26977389994,49.0398084,2.26889639994,2.27065139994,49.0389309,49.0406859,0,0.0,,,,0.0,0.0,0.0,0.0,0.0,0.0
img243,test,2.22765389995,49.0275234,2.22677639995,2.22853139995,49.0266459,49.0284009,29713,7.032662721893492,14.0,1760.0602792381562,0.0017600602792381562,0.5311413705291018,0.6937848859058134,0.608224943585081,0.807357049100369,39441.0,9.335147928994084
img372,test,2.23642889995,49.043318400000004,2.23555139995,2.23730639995,49.0424409,49.0441959,160,0.0378698224852071,1.0,9.604934403932667,9.604934403932667e-06,0.0,0.0,0.0,0.0,0.0,0.0
img387,test,2.23818389995,49.0187484,2.23730639995,2.23906139995,49.0178709,49.0196259,68094,16.116923076923076,42.0,4036.096213985544,0.004036096213985544,0.6350549760944113,0.7767995393174376,0.6882738446180232,0.8914588656843606,88196.0,20.874792899408284
img260,test,2.22940889995,49.029278399999995,2.22853139995,2.23028639995,49.0284009,49.0301559,8101,1.917396449704142,6.0,480.19027814565425,0.00048019027814565426,0.5717642635532308,0.7275445520827201,0.7056025982982762,0.7508949512313184,8621.0,2.040473372781065
img793,test,2.25573389994,49.0222584,2.25485639994,2.25661139994,49.0213809,49.0231359,1353,0.32023668639053254,1.0,80.37302064797015,8.037302064797015e-05,0.4980793853714417,0.664957264928848,0.7882472136992658,0.5750184774150023,987.0,0.2336094674556212
img1223,test,2.273283899935,48.9889134,2.27240639994,2.27416139993,48.9880359,48.9897909,95289,22.553609467455622,65.0,5650.493648378416,0.0056504936483784155,0.5681895271615638,0.7246439506454192,0.6685113251381999,0.7910671745943487,112758.0,26.68828402366864
img1812,test,2.29434389993,49.0503384,2.29346639993,2.29522139993,49.0494609,49.0512159,0,0.0,,,,0.0,0.0,0.0,0.0,0.0,0.0
img853,test,2.2574888999400002,49.0485834,2.25661139994,2.25836639994,49.0477059,49.0494609,0,0.0,,,,0.0,0.0,0.0,0.0,0.0,0.0
img75,test,2.20483889996,49.034543400000004,2.20396139996,2.20571639996,49.0336659,49.0354209,19666,4.654674556213018,11.0,1164.9300198965504,0.0011649300198965506,0.3380157517328728,0.5052492861838233,0.4447107949255927,0.5848672836337594,25864.0,6.121656804733728
img1278,test,2.27503889993,49.0064634,2.27416139993,2.27591639993,49.0055859,49.0073409,4853,1.148639053254438,3.0,287.94475247428363,0.0002879447524742836,0.2610127939917183,0.4139732685272541,0.2935297665176744,0.7020399752585609,11607.0,2.747218934911243
img1574,test,2.28556889993,49.0398084,2.28469139993,2.28644639993,49.0389309,49.0406859,0,0.0,,,,0.0,0.0,0.0,0.0,0.0,0.0
img1036,test,2.26450889994,49.052093400000004,2.26363139994,2.26538639994,49.0512159,49.0529709,2614,0.6186982248520709,3.0,154.4867173271042,0.0001544867173271042,0.5215768602630843,0.6855741223258383,0.5720133026203118,0.855394032101936,3909.0,0.925207100591716
img109,test,2.21185889996,49.020503399999996,2.21098139996,2.21273639996,49.0196259,49.0213809,16653,3.9415384615384617,13.0,987.3862183154656,0.0009873862183154656,0.3997346093514024,0.5711577132991349,0.5475023406920333,0.5969494985852581,18157.0,4.297514792899408
img913,test,2.2609988999399997,48.994178399999996,2.26012139994,2.26187639994,48.9933009,48.9950559,63056,14.924497041420118,46.0,3738.4595513779004,0.0037384595513779003,0.5893591160214482,0.7416311519284039,0.6602666468592117,0.8458671656926449,80781.0,19.119763313609468
img867,test,2.25924389994,48.994178399999996,2.25836639994,2.26012139994,48.9933009,48.9950559,114168,27.022011834319525,42.0,6768.019484667248,0.006768019484667248,0.4609317302291949,0.6310106361464032,0.7461266258598578,0.5466680681096746,83648.0,19.79834319526627
img1081,test,2.26626389994,49.0538484,2.26538639994,2.26714139994,49.0529709,49.0547259,50449,11.940591715976332,24.0,2987.178181775873,0.002987178181775873,0.6493745119345735,0.7874191182606713,0.7405273266968037,0.8406509544275592,57270.0,13.555029585798817
img1620,test,2.28732389993,49.038053399999995,2.28644639993,2.28820139993,49.0371759,49.0389309,0,0.0,,,,0.0,0.0,0.0,0.0,0.0,0.0
img1290,test,2.27503889993,49.0275234,2.27416139993,2.27591639993,49.0266459,49.0284009,0,0.0,,,,0.0,0.0,0.0,0.0,0.0,0.0
img168,test,2.21887889996,49.0222584,2.21800139996,2.21975639996,49.0213809,49.0231359,66395,15.714792899408284,39.0,3932.6687040037245,0.0039326687040037245,0.5930905672505837,0.7445785938889362,0.7684134615372301,0.7221778748388852,62400.0,14.76923076923077
img1629,test,2.28732389993,49.0538484,2.28644639993,2.28820139993,49.0529709,49.0547259,53,0.012544378698224853,1.0,3.169569070320759,3.169569070320759e-06,0.0,0.0,0.0,0.0,9.0,0.0021301775147928
img317,test,2.23291889995,49.043318400000004,2.23204139995,2.23379639995,49.0424409,49.0441959,7227,1.7105325443786983,6.0,428.24517522695595,0.00042824517522695594,0.6737645183252816,0.8050887815442881,0.7918897216168109,0.8187352981760242,7472.0,1.7685207100591718
img1636,test,2.28907889993,48.9836484,2.28820139993,2.28995639993,48.9827709,48.9845259,176,0.04165680473372781,1.0,10.395113565559607,1.0395113565559606e-05,0.0652818991073708,0.12256267409044,0.0652818991073708,0.9999999994318182,2696.0,0.6381065088757396
img1727,test,2.29258889993,48.981893400000004,2.29171139993,2.29346639993,48.9810159,48.9827709,43167,10.217041420118344,8.0,2560.5020302763387,0.002560502030276339,0.5506075794170292,0.7101830104868146,0.712901795091592,0.7074848842849689,42839.0,10.139408284023668
img1872,test,2.297853899925,49.011728399999996,2.29697639993,2.29873139992,49.0108509,49.0126059,0,0.0,,,,0.0,0.0,0.0,0.0,537.0,0.1271005917159763
img768,test,2.25397889994,49.0573584,2.25310139994,2.25485639994,49.0564809,49.0582359,0,0.0,,,,0.0,0.0,0.0,0.0,0.0,0.0
img3,test,2.18728889997,49.0503384,2.18641139997,2.18816639997,49.0494609,49.0512159,0,0.0,,,,0.0,0.0,0.0,0.0,0.0,0.0
img94,test,2.20834889996,49.0327884,2.20747139996,2.20922639996,49.0319109,49.0336659,0,0.0,,,,0.0,0.0,0.0,0.0,0.0,0.0
img648,test,2.25046889994,49.0047084,2.24959139994,2.25134639994,49.0038309,49.0055859,89180,21.107692307692307,16.0,5285.861190027645,0.005285861190027645,0.520253129778905,0.6844296118693957,0.7394852969881419,0.6370038125133023,76821.0,18.18248520710059
img1331,test,2.27679389993,49.020503399999996,2.27591639993,2.27767139993,49.0196259,49.0213809,26345,6.235502958579882,9.0,1561.2613306795827,0.0015612613306795827,0.6025251482326838,0.7519696634990943,0.7300117945575967,0.7752894287311622,27979.0,6.62224852071006
img1180,test,2.27152889994,48.9924234,2.27065139994,2.27240639994,48.9915459,48.9933009,80225,18.988165680473372,56.0,4755.417534580108,0.004755417534580108,0.6428458791330246,0.7826003489411584,0.7153237959572312,0.8638454347137876,96882.0,22.930650887573965
img403,test,2.23818389995,49.046828399999995,2.23730639995,2.23906139995,49.0459509,49.0477059,0,0.0,,,,0.0,0.0,0.0,0.0,0.0,0.0
img998,test,2.26450889994,48.985403399999996,2.26363139994,2.26538639994,48.9845259,48.9862809,57915,13.707692307692307,43.0,3433.5793697211166,0.0034335793697211165,0.5377222046905731,0.6993749625912123,0.6927233307349627,0.7061555728210201,59038.0,13.973491124260354
img235,test,2.22765389995,49.0134834,2.22677639995,2.22853139995,49.0126059,49.0143609,16505,3.906508875739645,10.0,977.7853213577301,0.00097778532135773,0.6599947875910347,0.7951769397406501,0.8253161256627212,0.7671614662177088,15342.0,3.631242603550296
img956,test,2.26275389994,48.9889134,2.26187639994,2.26363139994,48.9880359,48.9897909,104219,24.667218934911244,24.0,6179.241606859612,0.006179241606859612,0.486874968142772,0.6548969867330788,0.6687871331686283,0.6415720741893114,99978.0,23.663431952662723
img1013,test,2.26450889994,49.011728399999996,2.26363139994,2.26538639994,49.0108509,49.0126059,19460,4.6059171597633135,11.0,1153.4608698057757,0.0011534608698057756,0.4651653058477273,0.6349663126627042,0.5714696813953897,0.7143371017435028,24325.0,5.757396449704142
img760,test,2.25397889994,49.043318400000004,2.25310139994,2.25485639994,49.0424409,49.0441959,0,0.0,,,,0.0,0.0,0.0,0.0,0.0,0.0
img1544,test,2.28556889993,48.9871584,2.28469139993,2.28644639993,48.9862809,48.9880359,10304,2.4388165680473373,10.0,610.776683189836,0.000610776683189836,0.6061666302164431,0.7547991831143417,0.7088909726305609,0.8070652173834717,11731.0,2.776568047337278
img1807,test,2.29434389993,49.0415634,2.29346639993,2.29522139993,49.0406859,49.0424409,14817,3.5069822485207096,11.0,876.7185464961211,0.0008767185464961211,0.536866840728267,0.6986510821898724,0.7035034897994833,0.6938651548849708,14614.0,3.4589349112426038
img833,test,2.2574888999400002,49.0134834,2.25661139994,2.25836639994,49.0126059,49.0143609,47015,11.127810650887573,33.0,2786.7499959808983,0.0027867499959808983,0.6089471944209885,0.7569511249747761,0.674776034900798,0.8619164096546593,60054.0,14.21396449704142
img174,test,2.21887889996,49.0327884,2.21800139996,2.21975639996,49.0319109,49.0336659,89952,21.290414201183435,27.0,5324.909064558902,0.0053249090645589026,0.6039210572069171,0.7530558371227956,0.7348171499288754,0.7722229633573771,94531.0,22.374201183431957
img1592,test,2.28732389993,48.9889134,2.28644639993,2.28820139993,48.9880359,48.9897909,83472,19.756686390532543,28.0,4949.607245589612,0.004949607245589612,0.443113552777193,0.6141076728500613,0.6539966159043601,0.5788048686977924,73875.0,17.485207100591715
img1496,test,2.28381389993,48.985403399999996,2.28293639993,2.28469139993,48.9845259,48.9862809,74871,17.72094674556213,9.0,4439.330505310727,0.004439330505310727,0.1389443089729563,0.2439878892730925,0.6406950990934142,0.1506858463221398,17609.0,4.167810650887574
img339,test,2.2346738999499998,49.034543400000004,2.23379639995,2.23555139995,49.0336659,49.0354209,0,0.0,,,,0.0,0.0,0.0,0.0,0.0,0.0
img191,test,2.22063389996,49.034543400000004,2.21975639996,2.22151139996,49.0336659,49.0354209,28829,6.823431952662721,4.0,1707.9868754449028,0.0017079868754449029,0.3925487293350834,0.5637845499633155,0.7797586227974039,0.4414998785929394,16323.0,3.8634319526627214
img933,test,2.2609988999399997,49.029278399999995,2.26012139994,2.26187639994,49.0284009,49.0301559,0,0.0,,,,0.0,0.0,0.0,0.0,0.0,0.0
img1142,test,2.26977389994,49.0047084,2.26889639994,2.27065139994,49.0038309,49.0055859,76950,18.213017751479292,43.0,4561.339109566734,0.0045613391095667335,0.6708152546236471,0.8029795667322285,0.769226191183782,0.8398310591282133,84013.0,19.884733727810648
img638,test,2.25046889994,48.9871584,2.24959139994,2.25134639994,48.9862809,48.9880359,39625,9.378698224852071,16.0,2349.3301374590014,0.0023493301374590014,0.4756572945167213,0.6446717625890223,0.7272611989958873,0.5789274447934917,31543.0,7.465798816568048
img390,test,2.23818389995,49.0240134,2.23730639995,2.23906139995,49.0231359,49.0248909,50519,11.95715976331361,34.0,2993.040401630259,0.002993040401630259,0.5767777489795567,0.7315904214818226,0.6497779416952503,0.836972228268895,65073.0,15.40189349112426
img118,test,2.21185889996,49.0362984,2.21098139996,2.21273639996,49.0354209,49.0371759,111395,26.365680473372784,32.0,6598.244804787929,0.006598244804787929,0.573600808909921,0.7290296314822956,0.8036030970188983,0.6671215045552609,92476.0,21.887810650887573
img241,test,2.22765389995,49.0240134,2.22677639995,2.22853139995,49.0231359,49.0248909,70294,16.637633136094674,35.0,4172.762831187614,0.004172762831187614,0.6492061072020461,0.7872952984675202,0.7346511226668786,0.8480666913238,81146.0,19.20615384615385
img980,test,2.26275389994,49.0310334,2.26187639994,2.26363139994,49.0301559,49.0319109,0,0.0,,,,0.0,0.0,0.0,0.0,3469.0,0.8210650887573964
img1454,test,2.28205889993,48.994178399999996,2.28118139993,2.28293639993,48.9933009,48.9950559,81680,19.332544378698223,34.0,4842.737794955196,0.004842737794955195,0.491285532792906,0.6588752079862503,0.7218608721004494,0.6059990205673286,68570.0,16.22958579881657
img1461,test,2.28205889993,49.0064634,2.28118139993,2.28293639993,49.0055859,49.0073409,70996,16.80378698224852,46.0,4208.673575466407,0.004208673575466407,0.6130823980569053,0.7601377323259061,0.7020776400101411,0.8286664037398886,83797.0,19.83360946745562
img1071,test,2.26626389994,49.0362984,2.26538639994,2.26714139994,49.0354209,49.0371759,0,0.0,,,,0.0,0.0,0.0,0.0,0.0,0.0
img1509,test,2.28381389993,49.008218400000004,2.28293639993,2.28469139993,49.0073409,49.0090959,107337,25.405207100591713,32.0,6361.523529731678,0.006361523529731678,0.6161631496377308,0.762501174186339,0.7333551306975157,0.7940598302535062,116222.0,27.50816568047337
img1256,test,2.273283899935,49.046828399999995,2.27240639994,2.27416139993,49.0459509,49.0477059,0,0.0,,,,0.0,0.0,0.0,0.0,0.0,0.0
img780,test,2.25573389994,48.999443400000004,2.25485639994,2.25661139994,48.9985659,49.0003209,57112,13.517633136094675,47.0,3386.0139459944016,0.0033860139459944015,0.669952226675265,0.8023609489824554,0.7562215266359497,0.8544964280696622,64534.0,15.27431952662722
img960,test,2.26275389994,48.9959334,2.26187639994,2.26363139994,48.9950559,48.9968109,84143,19.915502958579882,65.0,4987.771030502079,0.004987771030502079,0.6075914848692755,0.7559028404765195,0.7004604088910631,0.8208763652343976,98608.0,23.339171597633136
img555,test,2.24695889995,48.999443400000004,2.24608139995,2.24783639995,48.9985659,49.0003209,46656,11.042840236686391,14.0,2766.8054547795573,0.002766805454779557,0.5788309399711694,0.7332399249557895,0.8220009584132314,0.6617798353895281,37562.0,8.890414201183432
img332,test,2.2346738999499998,49.0222584,2.23379639995,2.23555139995,49.0213809,49.0231359,96246,22.780118343195266,44.0,5703.631153017509,0.005703631153017509,0.6219525160905335,0.7669182789514136,0.7450208180252315,0.7901419279754066,102075.0,24.159763313609467
img703,test,2.2522238999399997,49.0222584,2.25134639994,2.25310139994,49.0213809,49.0231359,35036,8.292544378698224,26.0,2076.139848810766,0.0020761398488107663,0.6251305874755493,0.7693296677734885,0.7386086088695575,0.8027172051581153,38077.0,9.012307692307692
img1170,test,2.26977389994,49.0538484,2.26889639994,2.27065139994,49.0529709,49.0547259,44040,10.423668639053254,27.0,2611.6244224373327,0.002611624422437333,0.5653998673015084,0.7223711706021346,0.6382463596449554,0.8320390554022887,57412.0,13.588639053254436
img1486,test,2.28205889993,49.0503384,2.28118139993,2.28293639993,49.0494609,49.0512159,0,0.0,,,,0.0,0.0,0.0,0.0,0.0,0.0
img455,test,2.24169389995,49.0310334,2.24081639995,2.24257139995,49.0301559,49.0319109,0,0.0,,,,0.0,0.0,0.0,0.0,0.0,0.0
img453,test,2.24169389995,49.0275234,2.24081639995,2.24257139995,49.0266459,49.0284009,0,0.0,,,,0.0,0.0,0.0,0.0,0.0,0.0
img1334,test,2.27679389993,49.025768400000004,2.27591639993,2.27767139993,49.0248909,49.0266459,0,0.0,,,,0.0,0.0,0.0,0.0,0.0,0.0
img994,test,2.26275389994,49.055603399999995,2.26187639994,2.26363139994,49.0547259,49.0564809,0,0.0,,,,0.0,0.0,0.0,0.0,0.0,0.0
img88,test,2.20834889996,49.0222584,2.20747139996,2.20922639996,49.0213809,49.0231359,0,0.0,,,,0.0,0.0,0.0,0.0,63.0,0.0149112426035502
img137,test,2.21536889996,49.0240134,2.21449139996,2.21624639996,49.0231359,49.0248909,51279,12.137041420118342,39.0,3037.2025434515094,0.0030372025434515096,0.621794298989334,0.766797983414817,0.7246173070902763,0.8141929444786088,57618.0,13.63739644970414
img1201,test,2.27152889994,49.029278399999995,2.27065139994,2.27240639994,49.0284009,49.0301559,0,0.0,,,,0.0,0.0,0.0,0.0,0.0,0.0
img641,test,2.25046889994,48.9924234,2.24959139994,2.25134639994,48.9915459,48.9933009,97286,23.02627218934911,37.0,5768.572327286993,0.005768572327286993,0.6263202176056571,0.7702298856343979,0.7531061848675974,0.788150401906967,101813.0,24.09775147928994
img502,test,2.2434488999499997,49.052093400000004,2.24257139995,2.24432639995,49.0512159,49.0529709,0,0.0,,,,0.0,0.0,0.0,0.0,0.0,0.0
img510,test,2.24520389995,48.9889134,2.24432639995,2.24608139995,48.9880359,48.9897909,251741,59.58366863905326,5.0,14925.761109973242,0.014925761109973242,0.1346068776046601,0.2372749192016836,0.8532739705789018,0.1377963859680633,40654.0,9.62224852071006
img693,test,2.2522238999399997,49.0047084,2.25134639994,2.25310139994,49.0038309,49.0055859,89420,21.16449704142012,16.0,5301.194811978892,0.0053011948119788925,0.4368505690247847,0.6080668072829352,0.8481367329767279,0.4739208230815545,49966.0,11.826272189349114
img1754,test,2.29258889993,49.029278399999995,2.29171139993,2.29346639993,49.0284009,49.0301559,3624,0.8577514792899409,1.0,215.20311070009961,0.0002152031107000996,0.5958559256275009,0.7467540346954646,0.6664500757923663,0.8490618101310966,4617.0,1.0927810650887575
img304,test,2.23291889995,49.020503399999996,2.23204139995,2.23379639995,49.0196259,49.0213809,70916,16.78485207100592,53.0,4202.182240990411,0.00420218224099041,0.6728447033035316,0.8044317586382033,0.7870035614062338,0.8226493316024273,74128.0,17.54508875739645
img710,test,2.2522238999399997,49.034543400000004,2.25134639994,2.25310139994,49.0336659,49.0354209,0,0.0,,,,0.0,0.0,0.0,0.0,0.0,0.0
img716,test,2.2522238999399997,49.0450734,2.25134639994,2.25310139994,49.0441959,49.0459509,0,0.0,,,,0.0,0.0,0.0,0.0,0.0,0.0
img907,test,2.2609988999399997,48.9836484,2.26012139994,2.26187639994,48.9827709,48.9845259,37128,8.787692307692307,40.0,2201.4740755525872,0.0022014740755525873,0.6353794343078958,0.7770422214912992,0.731761290627869,0.8282967032944724,42026.0,9.94698224852071
img1670,test,2.28907889993,49.043318400000004,2.28820139993,2.28995639993,49.0424409,49.0441959,0,0.0,,,,0.0,0.0,0.0,0.0,899.0,0.2127810650887573
img571,test,2.24695889995,49.0275234,2.24608139995,2.24783639995,49.0266459,49.0284009,0,0.0,,,,0.0,0.0,0.0,0.0,0.0,0.0
img1164,test,2.26977389994,49.043318400000004,2.26889639994,2.27065139994,49.0424409,49.0441959,0,0.0,,,,0.0,0.0,0.0,0.0,0.0,0.0
img1700,test,2.29083389993,49.0152384,2.28995639993,2.29171139993,49.0143609,49.0161159,799,0.18911242603550296,1.0,47.35375181013193,4.735375181013193e-05,0.7236467235780012,0.8396694214413405,0.7499999999261812,0.9536921150245692,1016.0,0.240473372781065
img367,test,2.23642889995,49.034543400000004,2.23555139995,2.23730639995,49.0336659,49.0354209,0,0.0,,,,0.0,0.0,0.0,0.0,0.0,0.0
img1296,test,2.27503889993,49.038053399999995,2.27416139993,2.27591639993,49.0371759,49.0389309,0,0.0,,,,0.0,0.0,0.0,0.0,0.0,0.0
img90,test,2.20834889996,49.025768400000004,2.20747139996,2.20922639996,49.0248909,49.0266459,5786,1.3694674556213018,6.0,343.4877810083219,0.00034348778100832194,0.6792014221156953,0.8089576547165394,0.7648598706380527,0.8584514344822252,6494.0,1.537041420118343
img1196,test,2.27152889994,49.020503399999996,2.27065139994,2.27240639994,49.0196259,49.0213809,0,0.0,,,,0.0,0.0,0.0,0.0,0.0,0.0
img50,test,2.19957389996,49.038053399999995,2.19869639996,2.20045139996,49.0371759,49.0389309,0,0.0,,,,0.0,0.0,0.0,0.0,0.0,0.0
img1815,test,2.29434389993,49.055603399999995,2.29346639993,2.29522139993,49.0547259,49.0564809,0,0.0,,,,0.0,0.0,0.0,0.0,0.0,0.0
img653,test,2.25046889994,49.0134834,2.24959139994,2.25134639994,49.0126059,49.0143609,59466,14.074792899408283,42.0,3523.9185696907984,0.0035239185696907985,0.5536600379375731,0.7127170995175194,0.6863884130187099,0.7411462011893499,64210.0,15.197633136094671
img56,test,2.20132889996,49.0327884,2.20045139996,2.20220639996,49.0319109,49.0336659,0,0.0,,,,0.0,0.0,0.0,0.0,6633.0,1.5699408284023668
img1400,test,2.28030389993,48.981893400000004,2.27942639993,2.28118139993,48.9810159,48.9827709,101733,24.078816568047337,69.0,6034.455260934285,0.006034455260934286,0.6062867731190941,0.7548923184392585,0.708889713688287,0.8072798403656559,115853.0,27.420828402366865
img674,test,2.25046889994,49.0503384,2.24959139994,2.25134639994,49.0494609,49.0512159,31479,7.450650887573965,8.0,1864.414654823474,0.0018644146548234739,0.4541394161736211,0.6246160596741542,0.7357539733784048,0.5426474792701717,23217.0,5.495147928994083
img1337,test,2.27679389993,49.0310334,2.27591639993,2.27767139993,49.0301559,49.0319109,0,0.0,,,,0.0,0.0,0.0,0.0,0.0,0.0
img1621,test,2.28732389993,49.0398084,2.28644639993,2.28820139993,49.0389309,49.0406859,0,0.0,,,,0.0,0.0,0.0,0.0,0.0,0.0
img1908,test,2.29960889992,49.0485834,2.29873139992,2.30048639992,49.0477059,49.0494609,0,0.0,,,,0.0,0.0,0.0,0.0,0.0,0.0
img1446,test,2.28205889993,48.9801384,2.28118139993,2.28293639993,48.9792609,48.9810159,86437,20.45846153846154,42.0,5127.511950638074,0.005127511950638074,0.5409282774781757,0.7020810577419454,0.6941849682212311,0.7101588440127374,88426.0,20.92923076923077
img1873,test,2.297853899925,49.0134834,2.29697639993,2.29873139992,49.0126059,49.0143609,0,0.0,,,,0.0,0.0,0.0,0.0,0.0,0.0
img197,test,2.222388899955,49.016993400000004,2.22151139996,2.22326639995,49.0161159,49.0178709,34761,8.227455621301775,22.0,2059.410719626879,0.002059410719626879,0.6873465744238175,0.8147070493310214,0.7539964258592524,0.8860504588450101,40849.0,9.668402366863903
img1713,test,2.29083389993,49.038053399999995,2.28995639993,2.29171139993,49.0371759,49.0389309,0,0.0,,,,0.0,0.0,0.0,0.0,0.0,0.0
img1633,test,2.28907889993,48.9783834,2.28820139993,2.28995639993,48.9775059,48.9792609,36656,8.675976331360946,22.0,2174.078609981501,0.002174078609981501,0.6525746774908953,0.7897672478942975,0.7560507011309046,0.8266313836729958,40078.0,9.485917159763313
img1623,test,2.28732389993,49.043318400000004,2.28644639993,2.28820139993,49.0424409,49.0441959,0,0.0,,,,0.0,0.0,0.0,0.0,0.0,0.0
img385,test,2.23818389995,49.0152384,2.23730639995,2.23906139995,49.0143609,49.0161159,75246,17.809704142011835,56.0,4459.0722590828445,0.004459072259082844,0.6237663254133142,0.7682956785725192,0.7302355096314337,0.8105414241277802,83521.0,19.76828402366864
img850,test,2.2574888999400002,49.043318400000004,2.25661139994,2.25836639994,49.0424409,49.0441959,0,0.0,,,,0.0,0.0,0.0,0.0,0.0,0.0
img944,test,2.2609988999399997,49.0485834,2.26012139994,2.26187639994,49.0477059,49.0494609,0,0.0,,,,0.0,0.0,0.0,0.0,0.0,0.0
img1086,test,2.26801889994,48.985403399999996,2.26714139994,2.26889639994,48.9845259,48.9862809,73177,17.32,59.0,4339.910255214124,0.004339910255214124,0.6047451552321534,0.7536961906511154,0.6666036229136021,0.8669663965441778,95172.0,22.525917159763317
img283,test,2.2311638999500003,49.0275234,2.23028639995,2.23204139995,49.0266459,49.0284009,18234,4.315739644970415,14.0,1080.5900631238287,0.0010805900631238286,0.6452797202769,0.784401232598065,0.7606388459517741,0.8096961719819584,19410.0,4.594082840236687
img651,test,2.25046889994,49.0099734,2.24959139994,2.25134639994,49.0090959,49.0108509,77382,18.315266272189348,59.0,4586.354085212203,0.0045863540852122036,0.6461762806077177,0.7850632866234342,0.7269794430795444,0.8532346023612039,90821.0,21.49609467455621
img845,test,2.2574888999400002,49.034543400000004,2.25661139994,2.25836639994,49.0336659,49.0354209,0,0.0,,,,0.0,0.0,0.0,0.0,0.0,0.0
img652,test,2.25046889994,49.011728399999996,2.24959139994,2.25134639994,49.0108509,49.0126059,75340,17.831952662721893,60.0,4465.184645463022,0.004465184645463022,0.6146990516734907,0.7613790954251324,0.6940659724870316,0.8431510485786525,91523.0,21.662248520710055
img1092,test,2.26801889994,48.9959334,2.26714139994,2.26889639994,48.9950559,48.9968109,39843,9.430295857988167,31.0,2362.658024726615,0.002362658024726615,0.6126051682680803,0.7597708110113666,0.708745247146749,0.8187134502903428,46025.0,10.893491124260354
img40,test,2.197818899965,49.0362984,2.19694139997,2.19869639996,49.0354209,49.0371759,0,0.0,,,,0.0,0.0,0.0,0.0,0.0,0.0
img792,test,2.25573389994,49.020503399999996,2.25485639994,2.25661139994,49.0196259,49.0213809,65594,15.525207100591714,28.0,3885.8862880484403,0.0038858862880484404,0.7306464017092292,0.8443624312714888,0.8344200309621972,0.8545446229825067,67176.0,15.8996449704142
img1270,test,2.27503889993,48.9924234,2.27416139993,2.27591639993,48.9915459,48.9933009,100622,23.815857988165682,13.0,5962.768715803796,0.005962768715803796,0.5689812699858889,0.7252875236566798,0.6688033829471005,0.7921925622619386,119186.0,28.209704142011837
img351,test,2.2346738999499998,49.055603399999995,2.23379639995,2.23555139995,49.0547259,49.0564809,0,0.0,,,,0.0,0.0,0.0,0.0,0.0,0.0
img1393,test,2.27854889993,49.0503384,2.27767139993,2.27942639993,49.0494609,49.0512159,0,0.0,,,,0.0,0.0,0.0,0.0,0.0,0.0
img1052,test,2.26626389994,49.002953399999996,2.26538639994,2.26714139994,49.0020759,49.0038309,90417,21.400473372781065,27.0,5357.862238956887,0.005357862238956887,0.5313055444063497,0.6939249274544017,0.7962278742040496,0.6149175486903846,69828.0,16.527337278106508
img1800,test,2.29434389993,49.029278399999995,2.29346639993,2.29522139993,49.0284009,49.0301559,0,0.0,,,,0.0,0.0,0.0,0.0,0.0,0.0
img1039,test,2.26450889994,49.0573584,2.26363139994,2.26538639994,49.0564809,49.0582359,0,0.0,,,,0.0,0.0,0.0,0.0,0.0,0.0
img1845,test,2.29609889993,49.0275234,2.29522139993,2.29697639993,49.0266459,49.0284009,0,0.0,,,,0.0,0.0,0.0,0.0,400.0,0.0946745562130177
img1619,test,2.28732389993,49.0362984,2.28644639993,2.28820139993,49.0354209,49.0371759,0,0.0,,,,0.0,0.0,0.0,0.0,0.0,0.0
img305,test,2.23291889995,49.0222584,2.23204139995,2.23379639995,49.0213809,49.0231359,113642,26.897514792899408,67.0,6734.335610361808,0.006734335610361808,0.5872828826370224,0.7399851520623013,0.7221808069549263,0.7586895689967101,119387.0,28.25727810650888
img969,test,2.26275389994,49.011728399999996,2.26187639994,2.26363139994,49.0108509,49.0126059,62776,14.858224852071006,35.0,3719.776692349918,0.003719776692349918,0.6303026107815846,0.7732338850631059,0.6956466378895353,0.8703007518783129,78537.0,18.58863905325444
img46,test,2.19957389996,49.0310334,2.19869639996,2.20045139996,49.0301559,49.0319109,0,0.0,,,,0.0,0.0,0.0,0.0,0.0,0.0
img863,test,2.25924389994,48.9871584,2.25836639994,2.26012139994,48.9862809,48.9880359,87563,20.72497041420118,60.0,5193.398701551613,0.005193398701551613,0.6545942083948676,0.7912444091411315,0.7419716056781224,0.8475269234712749,100020.0,23.673372781065087
img1526,test,2.28381389993,49.038053399999995,2.28293639993,2.28469139993,49.0371759,49.0389309,0,0.0,,,,0.0,0.0,0.0,0.0,0.0,0.0
img1070,test,2.26626389994,49.034543400000004,2.26538639994,2.26714139994,49.0336659,49.0354209,0,0.0,,,,0.0,0.0,0.0,0.0,88.0,0.0208284023668639
img373,test,2.23642889995,49.0450734,2.23555139995,2.23730639995,49.0441959,49.0459509,0,0.0,,,,0.0,0.0,0.0,0.0,0.0,0.0
img392,test,2.23818389995,49.0275234,2.23730639995,2.23906139995,49.0266459,49.0284009,3036,0.7185798816568048,2.0,179.069025328823,0.00017906902532882299,0.4617852975361206,0.6318100179478785,0.8015189873011889,0.521409749653445,1975.0,0.4674556213017751
img1117,test,2.26801889994,49.0398084,2.26714139994,2.26889639994,49.0389309,49.0406859,0,0.0,,,,0.0,0.0,0.0,0.0,0.0,0.0
img434,test,2.2399388999500003,49.0503384,2.23906139995,2.24081639995,49.0494609,49.0512159,0,0.0,,,,0.0,0.0,0.0,0.0,2253.0,0.5332544378698224
img1245,test,2.273283899935,49.0275234,2.27240639994,2.27416139993,49.0266459,49.0284009,0,0.0,,,,0.0,0.0,0.0,0.0,0.0,0.0
img816,test,2.2574888999400002,48.9836484,2.25661139994,2.25836639994,48.9827709,48.9845259,64868,15.353372781065088,47.0,3845.840781589364,0.0038458407815893637,0.642681463350115,0.7824784995618305,0.7370716086383633,0.8338471973841742,73385.0,17.36923076923077
img1010,test,2.26450889994,49.0064634,2.26363139994,2.26538639994,49.0055859,49.0073409,66967,15.850177514792898,35.0,3965.617202057162,0.003965617202057162,0.6508528723821657,0.7885050003795807,0.73394920357076,0.8518225394584619,77722.0,18.39573964497041
img1172,test,2.26977389994,49.0573584,2.26889639994,2.27065139994,49.0564809,49.0582359,0,0.0,,,,0.0,0.0,0.0,0.0,0.0,0.0
img1420,test,2.28030389993,49.016993400000004,2.27942639993,2.28118139993,49.0161159,49.0178709,4314,1.0210650887573964,2.0,255.79978213682944,0.00025579978213682945,0.6200426439100204,0.7654645959362271,0.8855054810936205,0.674084376433146,3284.0,0.7772781065088757
img990,test,2.26275389994,49.0485834,2.26187639994,2.26363139994,49.0477059,49.0494609,0,0.0,,,,0.0,0.0,0.0,0.0,0.0,0.0
img206,test,2.222388899955,49.034543400000004,2.22151139996,2.22326639995,49.0336659,49.0354209,0,0.0,,,,0.0,0.0,0.0,0.0,0.0,0.0
img1459,test,2.28205889993,49.002953399999996,2.28118139993,2.28293639993,49.0020759,49.0038309,55542,13.146035502958581,9.0,3292.6951422734955,0.0032926951422734955,0.4228080020620587,0.5943289627965096,0.7284676492089253,0.5019084656647187,38268.0,9.057514792899408
img1425,test,2.28030389993,49.025768400000004,2.27942639993,2.28118139993,49.0248909,49.0266459,0,0.0,,,,0.0,0.0,0.0,0.0,0.0,0.0
img512,test,2.24520389995,48.9924234,2.24432639995,2.24608139995,48.9915459,48.9933009,3974,0.9405917159763313,5.0,235.2067499172711,0.00023520674991727111,0.4707870593840208,0.6401838476620684,0.5664213787651738,0.7360342224273771,5164.0,1.222248520710059
img1735,test,2.29258889993,48.9959334,2.29171139993,2.29346639993,48.9950559,48.9968109,16308,3.859881656804734,4.0,966.8701822791548,0.0009668701822791549,0.6215526302586638,0.7666141926697947,0.7718316862404634,0.7614667647733537,16089.0,3.8080473372781065
img328,test,2.2346738999499998,49.0152384,2.23379639995,2.23555139995,49.0143609,49.0161159,75006,17.752899408284023,54.0,4443.039998036956,0.004443039998036955,0.6947602705925041,0.8198920905192206,0.7963879951729383,0.8448257472724251,79568.0,18.83266272189349
img1897,test,2.297853899925,49.055603399999995,2.29697639993,2.29873139992,49.0547259,49.0564809,0,0.0,,,,0.0,0.0,0.0,0.0,16.0,0.0037869822485207
img1289,test,2.27503889993,49.025768400000004,2.27416139993,2.27591639993,49.0248909,49.0266459,0,0.0,,,,0.0,0.0,0.0,0.0,0.0,0.0
img1230,test,2.273283899935,49.0011984,2.27240639994,2.27416139993,49.0003209,49.0020759,96910,22.937278106508877,22.0,5744.280561248487,0.005744280561248487,0.3703943338765061,0.5405660614908591,0.6931484291745614,0.4430399339588866,61942.0,14.660828402366862
img1540,test,2.28556889993,48.9801384,2.28469139993,2.28644639993,48.9792609,48.9810159,72743,17.217278106508875,44.0,4313.306766428787,0.004313306766428787,0.4673305101669257,0.6369805669940871,0.6308445235390298,0.6432371499654355,74172.0,17.555502958579883
img628,test,2.248713899945,49.0485834,2.24783639995,2.24959139994,49.0477059,49.0494609,0,0.0,,,,0.0,0.0,0.0,0.0,0.0,0.0
img691,test,2.2522238999399997,49.0011984,2.25134639994,2.25310139994,49.0003209,49.0020759,83508,19.765207100591716,74.0,4949.780135052313,0.004949780135052313,0.6280804779178526,0.771559497748051,0.7328643151105035,0.8145686640791127,92818.0,21.968757396449703
img478,test,2.2434488999499997,49.0099734,2.24257139995,2.24432639995,49.0090959,49.0108509,72392,17.13420118343195,23.0,4290.044147548134,0.004290044147548134,0.623461416061201,0.7680643468248559,0.7082366386389567,0.8389324787257723,85751.0,20.296094674556212
img1342,test,2.27679389993,49.0398084,2.27591639993,2.27767139993,49.0389309,49.0406859,0,0.0,,,,0.0,0.0,0.0,0.0,0.0,0.0
