image_id,split,center_lon,center_lat,min_lon,max_lon,min_lat,max_lat
img795,train,2.25573389994,49.025768400000004,2.25485639994,2.25661139994,49.0248909,49.0266459
img1158,train,2.26977389994,49.0327884,2.26889639994,2.27065139994,49.0319109,49.0336659
img905,train,2.2609988999399997,48.9801384,2.26012139994,2.26187639994,48.9792609,48.9810159
img1673,train,2.28907889993,49.0485834,2.28820139993,2.28995639993,49.0477059,49.0494609
img1372,train,2.27854889993,49.0134834,2.27767139993,2.27942639993,49.0126059,49.0143609
img1730,train,2.29258889993,48.9871584,2.29171139993,2.29346639993,48.9862809,48.9880359
img519,train,2.24520389995,49.0134834,2.24432639995,2.24608139995,49.0126059,49.0143609
img1112,train,2.26801889994,49.0310334,2.26714139994,2.26889639994,49.0301559,49.0319109
img165,train,2.21887889996,49.016993400000004,2.21800139996,2.21975639996,49.0161159,49.0178709
img381,train,2.23818389995,49.008218400000004,2.23730639995,2.23906139995,49.0073409,49.0090959
img233,train,2.22765389995,49.0099734,2.22677639995,2.22853139995,49.0090959,49.0108509
img276,train,2.2311638999500003,49.0152384,2.23028639995,2.23204139995,49.0143609,49.0161159
img1605,train,2.28732389993,49.011728399999996,2.28644639993,2.28820139993,49.0108509,49.0126059
img1626,train,2.28732389993,49.0485834,2.28644639993,2.28820139993,49.0477059,49.0494609
img418,train,2.2399388999500003,49.0222584,2.23906139995,2.24081639995,49.0213809,49.0231359
img962,train,2.26275389994,48.999443400000004,2.26187639994,2.26363139994,48.9985659,49.0003209
img587,train,2.24695889995,49.055603399999995,2.24608139995,2.24783639995,49.0547259,49.0564809
img1173,train,2.27152889994,48.9801384,2.27065139994,2.27240639994,48.9792609,48.9810159
img733,train,2.25397889994,48.9959334,2.25310139994,2.25485639994,48.9950559,48.9968109
img83,train,2.20659389996,49.0310334,2.20571639996,2.20747139996,49.0301559,49.0319109
img616,train,2.248713899945,49.0275234,2.24783639995,2.24959139994,49.0266459,49.0284009
img1588,train,2.28732389993,48.981893400000004,2.28644639993,2.28820139993,48.9810159,48.9827709
img139,train,2.21536889996,49.0275234,2.21449139996,2.21624639996,49.0266459,49.0284009
img1091,train,2.26801889994,48.994178399999996,2.26714139994,2.26889639994,48.9933009,48.9950559
img1018,train,2.26450889994,49.020503399999996,2.26363139994,2.26538639994,49.0196259,49.0213809
img163,train,2.21887889996,49.0134834,2.21800139996,2.21975639996,49.0126059,49.0143609
img1163,train,2.26977389994,49.0415634,2.26889639994,2.27065139994,49.0406859,49.0424409
img1155,train,2.26977389994,49.0275234,2.26889639994,2.27065139994,49.0266459,49.0284009
img594,train,2.248713899945,48.9889134,2.24783639995,2.24959139994,48.9880359,48.9897909
img1762,train,2.29258889993,49.043318400000004,2.29171139993,2.29346639993,49.0424409,49.0441959
img736,train,2.25397889994,49.0011984,2.25310139994,2.25485639994,49.0003209,49.0020759
img1495,train,2.28381389993,48.9836484,2.28293639993,2.28469139993,48.9827709,48.9845259
img783,train,2.25573389994,49.0047084,2.25485639994,2.25661139994,49.0038309,49.0055859
img1187,train,2.27152889994,49.0047084,2.27065139994,2.27240639994,49.0038309,49.0055859
img1286,train,2.27503889993,49.020503399999996,2.27416139993,2.27591639993,49.0196259,49.0213809
img463,train,2.24169389995,49.0450734,2.24081639995,2.24257139995,49.0441959,49.0459509
img904,train,2.2609988999399997,48.9783834,2.26012139994,2.26187639994,48.9775059,48.9792609
img1750,train,2.29258889993,49.0222584,2.29171139993,2.29346639993,49.0213809,49.0231359
img1379,train,2.27854889993,49.025768400000004,2.27767139993,2.27942639993,49.0248909,49.0266459
img1035,train,2.26450889994,49.0503384,2.26363139994,2.26538639994,49.0494609,49.0512159
img1858,train,2.29609889993,49.0503384,2.29522139993,2.29697639993,49.0494609,49.0512159
img1736,train,2.29258889993,48.9976884,2.29171139993,2.29346639993,48.9968109,48.9985659
img672,train,2.25046889994,49.046828399999995,2.24959139994,2.25134639994,49.0459509,49.0477059
img1627,train,2.28732389993,49.0503384,2.28644639993,2.28820139993,49.0494609,49.0512159
img1755,train,2.29258889993,49.0310334,2.29171139993,2.29346639993,49.0301559,49.0319109
img490,train,2.2434488999499997,49.0310334,2.24257139995,2.24432639995,49.0301559,49.0319109
img1027,train,2.26450889994,49.0362984,2.26363139994,2.26538639994,49.0354209,49.0371759
img1589,train,2.28732389993,48.9836484,2.28644639993,2.28820139993,48.9827709,48.9845259
img848,train,2.2574888999400002,49.0398084,2.25661139994,2.25836639994,49.0389309,49.0406859
img1792,train,2.29434389993,49.0152384,2.29346639993,2.29522139993,49.0143609,49.0161159
img1460,train,2.28205889993,49.0047084,2.28118139993,2.28293639993,49.0038309,49.0055859
img34,train,2.19606389997,49.043318400000004,2.19518639997,2.19694139997,49.0424409,49.0441959
img1836,train,2.29609889993,49.011728399999996,2.29522139993,2.29697639993,49.0108509,49.0126059
img1338,train,2.27679389993,49.0327884,2.27591639993,2.27767139993,49.0319109,49.0336659
img1865,train,2.297853899925,48.999443400000004,2.29697639993,2.29873139992,48.9985659,49.0003209
img1020,train,2.26450889994,49.0240134,2.26363139994,2.26538639994,49.0231359,49.0248909
img1040,train,2.26626389994,48.981893400000004,2.26538639994,2.26714139994,48.9810159,48.9827709
img1391,train,2.27854889993,49.046828399999995,2.27767139993,2.27942639993,49.0459509,49.0477059
img1065,train,2.26626389994,49.025768400000004,2.26538639994,2.26714139994,49.0248909,49.0266459
img1776,train,2.29434389993,48.9871584,2.29346639993,2.29522139993,48.9862809,48.9880359
img811,train,2.25573389994,49.0538484,2.25485639994,2.25661139994,49.0529709,49.0547259
img1109,train,2.26801889994,49.025768400000004,2.26714139994,2.26889639994,49.0248909,49.0266459
img560,train,2.24695889995,49.008218400000004,2.24608139995,2.24783639995,49.0073409,49.0090959
img935,train,2.2609988999399997,49.0327884,2.26012139994,2.26187639994,49.0319109,49.0336659
img219,train,2.22414389995,49.0398084,2.22326639995,2.22502139995,49.0389309,49.0406859
img507,train,2.24520389995,48.9836484,2.24432639995,2.24608139995,48.9827709,48.9845259
img369,train,2.23642889995,49.038053399999995,2.23555139995,2.23730639995,49.0371759,49.0389309
img1793,train,2.29434389993,49.016993400000004,2.29346639993,2.29522139993,49.0161159,49.0178709
img1360,train,2.27854889993,48.9924234,2.27767139993,2.27942639993,48.9915459,48.9933009
img1153,train,2.26977389994,49.0240134,2.26889639994,2.27065139994,49.0231359,49.0248909
img21,train,2.1943088999700002,49.038053399999995,2.19343139997,2.19518639997,49.0371759,49.0389309
img1711,train,2.29083389993,49.034543400000004,2.28995639993,2.29171139993,49.0336659,49.0354209
img1026,train,2.26450889994,49.034543400000004,2.26363139994,2.26538639994,49.0336659,49.0354209
img1492,train,2.28381389993,48.9783834,2.28293639993,2.28469139993,48.9775059,48.9792609
img836,train,2.2574888999400002,49.0187484,2.25661139994,2.25836639994,49.0178709,49.0196259
img718,train,2.2522238999399997,49.0485834,2.25134639994,2.25310139994,49.0477059,49.0494609
img1125,train,2.26801889994,49.0538484,2.26714139994,2.26889639994,49.0529709,49.0547259
img389,train,2.23818389995,49.0222584,2.23730639995,2.23906139995,49.0213809,49.0231359
img1194,train,2.27152889994,49.016993400000004,2.27065139994,2.27240639994,49.0161159,49.0178709
img101,train,2.21010389996,49.025768400000004,2.20922639996,2.21098139996,49.0248909,49.0266459
img708,train,2.2522238999399997,49.0310334,2.25134639994,2.25310139994,49.0301559,49.0319109
img162,train,2.21712389996,49.0415634,2.21624639996,2.21800139996,49.0406859,49.0424409
img656,train,2.25046889994,49.0187484,2.24959139994,2.25134639994,49.0178709,49.0196259
img1330,train,2.27679389993,49.0187484,2.27591639993,2.27767139993,49.0178709,49.0196259
img622,train,2.248713899945,49.038053399999995,2.24783639995,2.24959139994,49.0371759,49.0389309
img749,train,2.25397889994,49.0240134,2.25310139994,2.25485639994,49.0231359,49.0248909
img600,train,2.248713899945,48.999443400000004,2.24783639995,2.24959139994,48.9985659,49.0003209
img313,train,2.23291889995,49.0362984,2.23204139995,2.23379639995,49.0354209,49.0371759
img857,train,2.2574888999400002,49.055603399999995,2.25661139994,2.25836639994,49.0547259,49.0564809
img1643,train,2.28907889993,48.9959334,2.28820139993,2.28995639993,48.9950559,48.9968109
img1664,train,2.28907889993,49.0327884,2.28820139993,2.28995639993,49.0319109,49.0336659
img1742,train,2.29258889993,49.008218400000004,2.29171139993,2.29346639993,49.0073409,49.0090959
img767,train,2.25397889994,49.055603399999995,2.25310139994,2.25485639994,49.0547259,49.0564809
img215,train,2.22414389995,49.0222584,2.22326639995,2.22502139995,49.0213809,49.0231359
img1132,train,2.26977389994,48.9871584,2.26889639994,2.27065139994,48.9862809,48.9880359
img1324,train,2.27679389993,49.008218400000004,2.27591639993,2.27767139993,49.0073409,49.0090959
img258,train,2.22940889995,49.025768400000004,2.22853139995,2.23028639995,49.0248909,49.0266459
img1438,train,2.28030389993,49.0485834,2.27942639993,2.28118139993,49.0477059,49.0494609
img1311,train,2.27679389993,48.985403399999996,2.27591639993,2.27767139993,48.9845259,48.9862809
img1683,train,2.29083389993,48.985403399999996,2.28995639993,2.29171139993,48.9845259,48.9862809
img1892,train,2.297853899925,49.046828399999995,2.29697639993,2.29873139992,49.0459509,49.0477059
img589,train,2.248713899945,48.9801384,2.24783639995,2.24959139994,48.9792609,48.9810159
img10,train,2.19079889997,49.0450734,2.18992139997,2.19167639997,49.0441959,49.0459509
img402,train,2.23818389995,49.0450734,2.23730639995,2.23906139995,49.0441959,49.0459509
img1234,train,2.273283899935,49.008218400000004,2.27240639994,2.27416139993,49.0073409,49.0090959
img1747,train,2.29258889993,49.016993400000004,2.29171139993,2.29346639993,49.0161159,49.0178709
img1264,train,2.27503889993,48.981893400000004,2.27416139993,2.27591639993,48.9810159,48.9827709
img1064,train,2.26626389994,49.0240134,2.26538639994,2.26714139994,49.0231359,49.0248909
img220,train,2.22414389995,49.0415634,2.22326639995,2.22502139995,49.0406859,49.0424409
img294,train,2.2311638999500003,49.046828399999995,2.23028639995,2.23204139995,49.0459509,49.0477059
img735,train,2.25397889994,48.999443400000004,2.25310139994,2.25485639994,48.9985659,49.0003209
img1583,train,2.28556889993,49.055603399999995,2.28469139993,2.28644639993,49.0547259,49.0564809
img1821,train,2.29609889993,48.985403399999996,2.29522139993,2.29697639993,48.9845259,48.9862809
img140,train,2.21536889996,49.029278399999995,2.21449139996,2.21624639996,49.0284009,49.0301559
img474,train,2.2434488999499997,48.9889134,2.24257139995,2.24432639995,48.9880359,48.9897909
img1206,train,2.27152889994,49.038053399999995,2.27065139994,2.27240639994,49.0371759,49.0389309
img1217,train,2.27152889994,49.0573584,2.27065139994,2.27240639994,49.0564809,49.0582359
img444,train,2.24169389995,49.011728399999996,2.24081639995,2.24257139995,49.0108509,49.0126059
img232,train,2.22589889995,49.0415634,2.22502139995,2.22677639995,49.0406859,49.0424409
img747,train,2.25397889994,49.020503399999996,2.25310139994,2.25485639994,49.0196259,49.0213809
img1547,train,2.28556889993,48.9924234,2.28469139993,2.28644639993,48.9915459,48.9933009
img1541,train,2.28556889993,48.981893400000004,2.28469139993,2.28644639993,48.9810159,48.9827709
img887,train,2.25924389994,49.029278399999995,2.25836639994,2.26012139994,49.0284009,49.0301559
img1140,train,2.26977389994,49.0011984,2.26889639994,2.27065139994,49.0003209,49.0020759
img976,train,2.26275389994,49.0240134,2.26187639994,2.26363139994,49.0231359,49.0248909
img1274,train,2.27503889993,48.999443400000004,2.27416139993,2.27591639993,48.9985659,49.0003209
img1610,train,2.28732389993,49.020503399999996,2.28644639993,2.28820139993,49.0196259,49.0213809
img625,train,2.248713899945,49.043318400000004,2.24783639995,2.24959139994,49.0424409,49.0441959
img1413,train,2.28030389993,49.0047084,2.27942639993,2.28118139993,49.0038309,49.0055859
img1383,train,2.27854889993,49.0327884,2.27767139993,2.27942639993,49.0319109,49.0336659
img69,train,2.20308389996,49.0398084,2.20220639996,2.20396139996,49.0389309,49.0406859
img943,train,2.2609988999399997,49.046828399999995,2.26012139994,2.26187639994,49.0459509,49.0477059
img546,train,2.24695889995,48.9836484,2.24608139995,2.24783639995,48.9827709,48.9845259
img1205,train,2.27152889994,49.0362984,2.27065139994,2.27240639994,49.0354209,49.0371759
img1102,train,2.26801889994,49.0134834,2.26714139994,2.26889639994,49.0126059,49.0143609
img85,train,2.20659389996,49.034543400000004,2.20571639996,2.20747139996,49.0336659,49.0354209
img1587,train,2.28732389993,48.9801384,2.28644639993,2.28820139993,48.9792609,48.9810159
img796,train,2.25573389994,49.0275234,2.25485639994,2.25661139994,49.0266459,49.0284009
img1225,train,2.273283899935,48.9924234,2.27240639994,2.27416139993,48.9915459,48.9933009
img1645,train,2.28907889993,48.999443400000004,2.28820139993,2.28995639993,48.9985659,49.0003209
img1581,train,2.28556889993,49.052093400000004,2.28469139993,2.28644639993,49.0512159,49.0529709
img1239,train,2.273283899935,49.016993400000004,2.27240639994,2.27416139993,49.0161159,49.0178709
img1676,train,2.28907889993,49.0538484,2.28820139993,2.28995639993,49.0529709,49.0547259
img147,train,2.21712389996,49.0152384,2.21624639996,2.21800139996,49.0143609,49.0161159
img631,train,2.248713899945,49.0538484,2.24783639995,2.24959139994,49.0529709,49.0547259
img918,train,2.2609988999399997,49.002953399999996,2.26012139994,2.26187639994,49.0020759,49.0038309
img821,train,2.2574888999400002,48.9924234,2.25661139994,2.25836639994,48.9915459,48.9933009
img1299,train,2.27503889993,49.043318400000004,2.27416139993,2.27591639993,49.0424409,49.0441959
img1716,train,2.29083389993,49.043318400000004,2.28995639993,2.29171139993,49.0424409,49.0441959
img1111,train,2.26801889994,49.029278399999995,2.26714139994,2.26889639994,49.0284009,49.0301559
img1689,train,2.29083389993,48.9959334,2.28995639993,2.29171139993,48.9950559,48.9968109
img586,train,2.24695889995,49.0538484,2.24608139995,2.24783639995,49.0529709,49.0547259
img1817,train,2.29609889993,48.9783834,2.29522139993,2.29697639993,48.9775059,48.9792609
img1551,train,2.28556889993,48.999443400000004,2.28469139993,2.28644639993,48.9985659,49.0003209
img1159,train,2.26977389994,49.034543400000004,2.26889639994,2.27065139994,49.0336659,49.0354209
img429,train,2.2399388999500003,49.0415634,2.23906139995,2.24081639995,49.0406859,49.0424409
img278,train,2.2311638999500003,49.0187484,2.23028639995,2.23204139995,49.0178709,49.0196259
img1791,train,2.29434389993,49.0134834,2.29346639993,2.29522139993,49.0126059,49.0143609
img1250,train,2.273283899935,49.0362984,2.27240639994,2.27416139993,49.0354209,49.0371759
img1653,train,2.28907889993,49.0134834,2.28820139993,2.28995639993,49.0126059,49.0143609
img1249,train,2.273283899935,49.034543400000004,2.27240639994,2.27416139993,49.0336659,49.0354209
img535,train,2.24520389995,49.0415634,2.24432639995,2.24608139995,49.0406859,49.0424409
img544,train,2.24520389995,49.0573584,2.24432639995,2.24608139995,49.0564809,49.0582359
img1838,train,2.29609889993,49.0152384,2.29522139993,2.29697639993,49.0143609,49.0161159
img1292,train,2.27503889993,49.0310334,2.27416139993,2.27591639993,49.0301559,49.0319109
img158,train,2.21712389996,49.034543400000004,2.21624639996,2.21800139996,49.0336659,49.0354209
img245,train,2.22765389995,49.0398084,2.22677639995,2.22853139995,49.0389309,49.0406859
img1660,train,2.28907889993,49.025768400000004,2.28820139993,2.28995639993,49.0248909,49.0266459
img229,train,2.22589889995,49.025768400000004,2.22502139995,2.22677639995,49.0248909,49.0266459
img234,train,2.22765389995,49.011728399999996,2.22677639995,2.22853139995,49.0108509,49.0126059
img242,train,2.22765389995,49.025768400000004,2.22677639995,2.22853139995,49.0248909,49.0266459
img932,train,2.2609988999399997,49.0275234,2.26012139994,2.26187639994,49.0266459,49.0284009
img721,train,2.2522238999399997,49.0538484,2.25134639994,2.25310139994,49.0529709,49.0547259
img781,train,2.25573389994,49.0011984,2.25485639994,2.25661139994,49.0003209,49.0020759
img100,train,2.21010389996,49.0240134,2.20922639996,2.21098139996,49.0231359,49.0248909
img1725,train,2.29258889993,48.9783834,2.29171139993,2.29346639993,48.9775059,48.9792609
img751,train,2.25397889994,49.0275234,2.25310139994,2.25485639994,49.0266459,49.0284009
img297,train,2.2311638999500003,49.052093400000004,2.23028639995,2.23204139995,49.0512159,49.0529709
img1444,train,2.28205889993,48.976628399999996,2.28118139993,2.28293639993,48.9757509,48.9775059
img110,train,2.21185889996,49.0222584,2.21098139996,2.21273639996,49.0213809,49.0231359
img786,train,2.25573389994,49.0099734,2.25485639994,2.25661139994,49.0090959,49.0108509
img1424,train,2.28030389993,49.0240134,2.27942639993,2.28118139993,49.0231359,49.0248909
img1057,train,2.26626389994,49.011728399999996,2.26538639994,2.26714139994,49.0108509,49.0126059
img1558,train,2.28556889993,49.011728399999996,2.28469139993,2.28644639993,49.0108509,49.0126059
img89,train,2.20834889996,49.0240134,2.20747139996,2.20922639996,49.0231359,49.0248909
img1719,train,2.29083389993,49.0485834,2.28995639993,2.29171139993,49.0477059,49.0494609
img261,train,2.22940889995,49.0310334,2.22853139995,2.23028639995,49.0301559,49.0319109
img516,train,2.24520389995,49.008218400000004,2.24432639995,2.24608139995,49.0073409,49.0090959
img1603,train,2.28732389993,49.008218400000004,2.28644639993,2.28820139993,49.0073409,49.0090959
img469,train,2.24169389995,49.055603399999995,2.24081639995,2.24257139995,49.0547259,49.0564809
img407,train,2.23818389995,49.0538484,2.23730639995,2.23906139995,49.0529709,49.0547259
img1878,train,2.297853899925,49.0222584,2.29697639993,2.29873139992,49.0213809,49.0231359
img865,train,2.25924389994,48.990668400000004,2.25836639994,2.26012139994,48.9897909,48.9915459
img1137,train,2.26977389994,48.9959334,2.26889639994,2.27065139994,48.9950559,48.9968109
img902,train,2.25924389994,49.055603399999995,2.25836639994,2.26012139994,49.0547259,49.0564809
img664,train,2.25046889994,49.0327884,2.24959139994,2.25134639994,49.0319109,49.0336659
img1672,train,2.28907889993,49.046828399999995,2.28820139993,2.28995639993,49.0459509,49.0477059
img1258,train,2.273283899935,49.0503384,2.27240639994,2.27416139993,49.0494609,49.0512159
img1799,train,2.29434389993,49.0275234,2.29346639993,2.29522139993,49.0266459,49.0284009
img849,train,2.2574888999400002,49.0415634,2.25661139994,2.25836639994,49.0406859,49.0424409
img839,train,2.2574888999400002,49.0240134,2.25661139994,2.25836639994,49.0231359,49.0248909
img1692,train,2.29083389993,49.0011984,2.28995639993,2.29171139993,49.0003209,49.0020759
img360,train,2.23642889995,49.0222584,2.23555139995,2.23730639995,49.0213809,49.0231359
img43,train,2.197818899965,49.0415634,2.19694139997,2.19869639996,49.0406859,49.0424409
img1854,train,2.29609889993,49.043318400000004,2.29522139993,2.29697639993,49.0424409,49.0441959
img1617,train,2.28732389993,49.0327884,2.28644639993,2.28820139993,49.0319109,49.0336659
img271,train,2.22940889995,49.0485834,2.22853139995,2.23028639995,49.0477059,49.0494609
img1635,train,2.28907889993,48.981893400000004,2.28820139993,2.28995639993,48.9810159,48.9827709
img1764,train,2.29258889993,49.046828399999995,2.29171139993,2.29346639993,49.0459509,49.0477059
img1556,train,2.28556889993,49.008218400000004,2.28469139993,2.28644639993,49.0073409,49.0090959
img1852,train,2.29609889993,49.0398084,2.29522139993,2.29697639993,49.0389309,49.0406859
img188,train,2.22063389996,49.029278399999995,2.21975639996,2.22151139996,49.0284009,49.0301559
img1687,train,2.29083389993,48.9924234,2.28995639993,2.29171139993,48.9915459,48.9933009
img1775,train,2.29434389993,48.985403399999996,2.29346639993,2.29522139993,48.9845259,48.9862809
img1525,train,2.28381389993,49.0362984,2.28293639993,2.28469139993,49.0354209,49.0371759
img47,train,2.19957389996,49.0327884,2.19869639996,2.20045139996,49.0319109,49.0336659
img618,train,2.248713899945,49.0310334,2.24783639995,2.24959139994,49.0301559,49.0319109
img1199,train,2.27152889994,49.025768400000004,2.27065139994,2.27240639994,49.0248909,49.0266459
img890,train,2.25924389994,49.034543400000004,2.25836639994,2.26012139994,49.0336659,49.0354209
img349,train,2.2346738999499998,49.052093400000004,2.23379639995,2.23555139995,49.0512159,49.0529709
img988,train,2.26275389994,49.0450734,2.26187639994,2.26363139994,49.0441959,49.0459509
img1728,train,2.29258889993,48.9836484,2.29171139993,2.29346639993,48.9827709,48.9845259
img1114,train,2.26801889994,49.034543400000004,2.26714139994,2.26889639994,49.0336659,49.0354209
img1203,train,2.27152889994,49.0327884,2.27065139994,2.27240639994,49.0319109,49.0336659
img518,train,2.24520389995,49.011728399999996,2.24432639995,2.24608139995,49.0108509,49.0126059
img1841,train,2.29609889993,49.020503399999996,2.29522139993,2.29697639993,49.0196259,49.0213809
img1032,train,2.26450889994,49.0450734,2.26363139994,2.26538639994,49.0441959,49.0459509
img311,train,2.23291889995,49.0327884,2.23204139995,2.23379639995,49.0319109,49.0336659
img1030,train,2.26450889994,49.0415634,2.26363139994,2.26538639994,49.0406859,49.0424409
img624,train,2.248713899945,49.0415634,2.24783639995,2.24959139994,49.0406859,49.0424409
img1462,train,2.28205889993,49.008218400000004,2.28118139993,2.28293639993,49.0073409,49.0090959
img1906,train,2.29960889992,49.0450734,2.29873139992,2.30048639992,49.0441959,49.0459509
img52,train,2.19957389996,49.0415634,2.19869639996,2.20045139996,49.0406859,49.0424409
img750,train,2.25397889994,49.025768400000004,2.25310139994,2.25485639994,49.0248909,49.0266459
img1912,train,2.29960889992,49.055603399999995,2.29873139992,2.30048639992,49.0547259,49.0564809
img1616,train,2.28732389993,49.0310334,2.28644639993,2.28820139993,49.0301559,49.0319109
img1275,train,2.27503889993,49.0011984,2.27416139993,2.27591639993,49.0003209,49.0020759
img462,train,2.24169389995,49.043318400000004,2.24081639995,2.24257139995,49.0424409,49.0441959
img1666,train,2.28907889993,49.0362984,2.28820139993,2.28995639993,49.0354209,49.0371759
img38,train,2.19606389997,49.0503384,2.19518639997,2.19694139997,49.0494609,49.0512159
img1197,train,2.27152889994,49.0222584,2.27065139994,2.27240639994,49.0213809,49.0231359
img1396,train,2.27854889993,49.055603399999995,2.27767139993,2.27942639993,49.0547259,49.0564809
img723,train,2.2522238999399997,49.0573584,2.25134639994,2.25310139994,49.0564809,49.0582359
img1229,train,2.273283899935,48.999443400000004,2.27240639994,2.27416139993,48.9985659,49.0003209
img1359,train,2.27854889993,48.990668400000004,2.27767139993,2.27942639993,48.9897909,48.9915459
img1530,train,2.28381389993,49.0450734,2.28293639993,2.28469139993,49.0441959,49.0459509
img734,train,2.25397889994,48.9976884,2.25310139994,2.25485639994,48.9968109,48.9985659
img807,train,2.25573389994,49.046828399999995,2.25485639994,2.25661139994,49.0459509,49.0477059
img678,train,2.25046889994,49.0573584,2.24959139994,2.25134639994,49.0564809,49.0582359
img748,train,2.25397889994,49.0222584,2.25310139994,2.25485639994,49.0213809,49.0231359
img1468,train,2.28205889993,49.0187484,2.28118139993,2.28293639993,49.0178709,49.0196259
img1185,train,2.27152889994,49.0011984,2.27065139994,2.27240639994,49.0003209,49.0020759
img604,train,2.248713899945,49.0064634,2.24783639995,2.24959139994,49.0055859,49.0073409
img1833,train,2.29609889993,49.0064634,2.29522139993,2.29697639993,49.0055859,49.0073409
img488,train,2.2434488999499997,49.0275234,2.24257139995,2.24432639995,49.0266459,49.0284009
img1211,train,2.27152889994,49.046828399999995,2.27065139994,2.27240639994,49.0459509,49.0477059
img1828,train,2.29609889993,48.9976884,2.29522139993,2.29697639993,48.9968109,48.9985659
img955,train,2.26275389994,48.9871584,2.26187639994,2.26363139994,48.9862809,48.9880359
img1320,train,2.27679389993,49.0011984,2.27591639993,2.27767139993,49.0003209,49.0020759
img503,train,2.2434488999499997,49.0538484,2.24257139995,2.24432639995,49.0529709,49.0547259
img637,train,2.25046889994,48.985403399999996,2.24959139994,2.25134639994,48.9845259,48.9862809
img1665,train,2.28907889993,49.034543400000004,2.28820139993,2.28995639993,49.0336659,49.0354209
img395,train,2.23818389995,49.0327884,2.23730639995,2.23906139995,49.0319109,49.0336659
img501,train,2.2434488999499997,49.0503384,2.24257139995,2.24432639995,49.0494609,49.0512159
img1724,train,2.29083389993,49.0573584,2.28995639993,2.29171139993,49.0564809,49.0582359
img350,train,2.2346738999499998,49.0538484,2.23379639995,2.23555139995,49.0529709,49.0547259
img1856,train,2.29609889993,49.046828399999995,2.29522139993,2.29697639993,49.0459509,49.0477059
img1143,train,2.26977389994,49.0064634,2.26889639994,2.27065139994,49.0055859,49.0073409
img1416,train,2.28030389993,49.0099734,2.27942639993,2.28118139993,49.0090959,49.0108509
img1723,train,2.29083389993,49.055603399999995,2.28995639993,2.29171139993,49.0547259,49.0564809
img1818,train,2.29609889993,48.9801384,2.29522139993,2.29697639993,48.9792609,48.9810159
img1104,train,2.26801889994,49.016993400000004,2.26714139994,2.26889639994,49.0161159,49.0178709
img629,train,2.248713899945,49.0503384,2.24783639995,2.24959139994,49.0494609,49.0512159
img1175,train,2.27152889994,48.9836484,2.27065139994,2.27240639994,48.9827709,48.9845259
img1309,train,2.27679389993,48.981893400000004,2.27591639993,2.27767139993,48.9810159,48.9827709
img858,train,2.2574888999400002,49.0573584,2.25661139994,2.25836639994,49.0564809,49.0582359
img692,train,2.2522238999399997,49.002953399999996,2.25134639994,2.25310139994,49.0020759,49.0038309
img1751,train,2.29258889993,49.0240134,2.29171139993,2.29346639993,49.0231359,49.0248909
img530,train,2.24520389995,49.0327884,2.24432639995,2.24608139995,49.0319109,49.0336659
img1573,train,2.28556889993,49.038053399999995,2.28469139993,2.28644639993,49.0371759,49.0389309
img1867,train,2.297853899925,49.002953399999996,2.29697639993,2.29873139992,49.0020759,49.0038309
img277,train,2.2311638999500003,49.016993400000004,2.23028639995,2.23204139995,49.0161159,49.0178709
img545,train,2.24695889995,48.981893400000004,2.24608139995,2.24783639995,48.9810159,48.9827709
img1095,train,2.26801889994,49.0011984,2.26714139994,2.26889639994,49.0003209,49.0020759
img699,train,2.2522238999399997,49.0152384,2.25134639994,2.25310139994,49.0143609,49.0161159
img1414,train,2.28030389993,49.0064634,2.27942639993,2.28118139993,49.0055859,49.0073409
img713,train,2.2522238999399997,49.0398084,2.25134639994,2.25310139994,49.0389309,49.0406859
img1501,train,2.28381389993,48.994178399999996,2.28293639993,2.28469139993,48.9933009,48.9950559
img1335,train,2.27679389993,49.0275234,2.27591639993,2.27767139993,49.0266459,49.0284009
img185,train,2.22063389996,49.0240134,2.21975639996,2.22151139996,49.0231359,49.0248909
img481,train,2.2434488999499997,49.0152384,2.24257139995,2.24432639995,49.0143609,49.0161159
img1074,train,2.26626389994,49.0415634,2.26538639994,2.26714139994,49.0406859,49.0424409
img630,train,2.248713899945,49.052093400000004,2.24783639995,2.24959139994,49.0512159,49.0529709
img659,train,2.25046889994,49.0240134,2.24959139994,2.25134639994,49.0231359,49.0248909
img1089,train,2.26801889994,48.990668400000004,2.26714139994,2.26889639994,48.9897909,48.9915459
img1470,train,2.28205889993,49.0222584,2.28118139993,2.28293639993,49.0213809,49.0231359
img203,train,2.222388899955,49.0275234,2.22151139996,2.22326639995,49.0266459,49.0284009
img952,train,2.26275389994,48.981893400000004,2.26187639994,2.26363139994,48.9810159,48.9827709
img460,train,2.24169389995,49.0398084,2.24081639995,2.24257139995,49.0389309,49.0406859
img822,train,2.2574888999400002,48.994178399999996,2.25661139994,2.25836639994,48.9933009,48.9950559
img1649,train,2.28907889993,49.0064634,2.28820139993,2.28995639993,49.0055859,49.0073409
img634,train,2.25046889994,48.9801384,2.24959139994,2.25134639994,48.9792609,48.9810159
img1240,train,2.273283899935,49.0187484,2.27240639994,2.27416139993,49.0178709,49.0196259
img1820,train,2.29609889993,48.9836484,2.29522139993,2.29697639993,48.9827709,48.9845259
img1297,train,2.27503889993,49.0398084,2.27416139993,2.27591639993,49.0389309,49.0406859
img27,train,2.1943088999700002,49.0485834,2.19343139997,2.19518639997,49.0477059,49.0494609
img473,train,2.2434488999499997,48.9871584,2.24257139995,2.24432639995,48.9862809,48.9880359
img157,train,2.21712389996,49.0327884,2.21624639996,2.21800139996,49.0319109,49.0336659
img1076,train,2.26626389994,49.0450734,2.26538639994,2.26714139994,49.0441959,49.0459509
img1103,train,2.26801889994,49.0152384,2.26714139994,2.26889639994,49.0143609,49.0161159
img1488,train,2.28205889993,49.0538484,2.28118139993,2.28293639993,49.0529709,49.0547259
img1809,train,2.29434389993,49.0450734,2.29346639993,2.29522139993,49.0441959,49.0459509
img211,train,2.22414389995,49.0152384,2.22326639995,2.22502139995,49.0143609,49.0161159
img924,train,2.2609988999399997,49.0134834,2.26012139994,2.26187639994,49.0126059,49.0143609
img127,train,2.21361389996,49.0310334,2.21273639996,2.21449139996,49.0301559,49.0319109
img1893,train,2.297853899925,49.0485834,2.29697639993,2.29873139992,49.0477059,49.0494609
img1371,train,2.27854889993,49.011728399999996,2.27767139993,2.27942639993,49.0108509,49.0126059
img1149,train,2.26977389994,49.016993400000004,2.26889639994,2.27065139994,49.0161159,49.0178709
img348,train,2.2346738999499998,49.0503384,2.23379639995,2.23555139995,49.0494609,49.0512159
img132,train,2.21536889996,49.0152384,2.21449139996,2.21624639996,49.0143609,49.0161159
img362,train,2.23642889995,49.025768400000004,2.23555139995,2.23730639995,49.0248909,49.0266459
img393,train,2.23818389995,49.029278399999995,2.23730639995,2.23906139995,49.0284009,49.0301559
img813,train,2.25573389994,49.0573584,2.25485639994,2.25661139994,49.0564809,49.0582359
img1640,train,2.28907889993,48.990668400000004,2.28820139993,2.28995639993,48.9897909,48.9915459
img1176,train,2.27152889994,48.985403399999996,2.27065139994,2.27240639994,48.9845259,48.9862809
img5,train,2.1890438999699997,49.046828399999995,2.18816639997,2.18992139997,49.0459509,49.0477059
img537,train,2.24520389995,49.0450734,2.24432639995,2.24608139995,49.0441959,49.0459509
img1059,train,2.26626389994,49.0152384,2.26538639994,2.26714139994,49.0143609,49.0161159
img1632,train,2.28907889993,48.976628399999996,2.28820139993,2.28995639993,48.9757509,48.9775059
img124,train,2.21361389996,49.025768400000004,2.21273639996,2.21449139996,49.0248909,49.0266459
img1402,train,2.28030389993,48.985403399999996,2.27942639993,2.28118139993,48.9845259,48.9862809
img1326,train,2.27679389993,49.011728399999996,2.27591639993,2.27767139993,49.0108509,49.0126059
img577,train,2.24695889995,49.038053399999995,2.24608139995,2.24783639995,49.0371759,49.0389309
img1570,train,2.28556889993,49.0327884,2.28469139993,2.28644639993,49.0319109,49.0336659
img86,train,2.20659389996,49.0362984,2.20571639996,2.20747139996,49.0354209,49.0371759
img1434,train,2.28030389993,49.0415634,2.27942639993,2.28118139993,49.0406859,49.0424409
img20,train,2.19255389997,49.0503384,2.19167639997,2.19343139997,49.0494609,49.0512159
img1422,train,2.28030389993,49.020503399999996,2.27942639993,2.28118139993,49.0196259,49.0213809
img423,train,2.2399388999500003,49.0310334,2.23906139995,2.24081639995,49.0301559,49.0319109
img377,train,2.23642889995,49.052093400000004,2.23555139995,2.23730639995,49.0512159,49.0529709
img102,train,2.21010389996,49.0275234,2.20922639996,2.21098139996,49.0266459,49.0284009
img540,train,2.24520389995,49.0503384,2.24432639995,2.24608139995,49.0494609,49.0512159
img173,train,2.21887889996,49.0310334,2.21800139996,2.21975639996,49.0301559,49.0319109
img1045,train,2.26626389994,48.990668400000004,2.26538639994,2.26714139994,48.9897909,48.9915459
img685,train,2.2522238999399997,48.990668400000004,2.25134639994,2.25310139994,48.9897909,48.9915459
img1455,train,2.28205889993,48.9959334,2.28118139993,2.28293639993,48.9950559,48.9968109
img411,train,2.2399388999500003,49.0099734,2.23906139995,2.24081639995,49.0090959,49.0108509
img1796,train,2.29434389993,49.0222584,2.29346639993,2.29522139993,49.0213809,49.0231359
img725,train,2.25397889994,48.981893400000004,2.25310139994,2.25485639994,48.9810159,48.9827709
img164,train,2.21887889996,49.0152384,2.21800139996,2.21975639996,49.0143609,49.0161159
img961,train,2.26275389994,48.9976884,2.26187639994,2.26363139994,48.9968109,48.9985659
img466,train,2.24169389995,49.0503384,2.24081639995,2.24257139995,49.0494609,49.0512159
img1436,train,2.28030389993,49.0450734,2.27942639993,2.28118139993,49.0441959,49.0459509
img1489,train,2.28205889993,49.055603399999995,2.28118139993,2.28293639993,49.0547259,49.0564809
img1189,train,2.27152889994,49.008218400000004,2.27065139994,2.27240639994,49.0073409,49.0090959
img595,train,2.248713899945,48.990668400000004,2.24783639995,2.24959139994,48.9897909,48.9915459
img669,train,2.25046889994,49.0415634,2.24959139994,2.25134639994,49.0406859,49.0424409
img269,train,2.22940889995,49.0450734,2.22853139995,2.23028639995,49.0441959,49.0459509
img785,train,2.25573389994,49.008218400000004,2.25485639994,2.25661139994,49.0073409,49.0090959
img727,train,2.25397889994,48.985403399999996,2.25310139994,2.25485639994,48.9845259,48.9862809
img471,train,2.2434488999499997,48.9836484,2.24257139995,2.24432639995,48.9827709,48.9845259
img1105,train,2.26801889994,49.0187484,2.26714139994,2.26889639994,49.0178709,49.0196259
img1123,train,2.26801889994,49.0503384,2.26714139994,2.26889639994,49.0494609,49.0512159
img805,train,2.25573389994,49.043318400000004,2.25485639994,2.25661139994,49.0424409,49.0441959
img533,train,2.24520389995,49.038053399999995,2.24432639995,2.24608139995,49.0371759,49.0389309
img1452,train,2.28205889993,48.990668400000004,2.28118139993,2.28293639993,48.9897909,48.9915459
img189,train,2.22063389996,49.0310334,2.21975639996,2.22151139996,49.0301559,49.0319109
img1443,train,2.28030389993,49.0573584,2.27942639993,2.28118139993,49.0564809,49.0582359
img208,train,2.222388899955,49.0398084,2.22151139996,2.22326639995,49.0389309,49.0406859
img882,train,2.25924389994,49.020503399999996,2.25836639994,2.26012139994,49.0196259,49.0213809
img599,train,2.248713899945,48.9976884,2.24783639995,2.24959139994,48.9968109,48.9985659
img720,train,2.2522238999399997,49.052093400000004,2.25134639994,2.25310139994,49.0512159,49.0529709
img359,train,2.23642889995,49.020503399999996,2.23555139995,2.23730639995,49.0196259,49.0213809
img654,train,2.25046889994,49.0152384,2.24959139994,2.25134639994,49.0143609,49.0161159
img948,train,2.2609988999399997,49.055603399999995,2.26012139994,2.26187639994,49.0547259,49.0564809
img1007,train,2.26450889994,49.0011984,2.26363139994,2.26538639994,49.0003209,49.0020759
img1608,train,2.28732389993,49.016993400000004,2.28644639993,2.28820139993,49.0161159,49.0178709
img425,train,2.2399388999500003,49.034543400000004,2.23906139995,2.24081639995,49.0336659,49.0354209
img1685,train,2.29083389993,48.9889134,2.28995639993,2.29171139993,48.9880359,48.9897909
img1433,train,2.28030389993,49.0398084,2.27942639993,2.28118139993,49.0389309,49.0406859
img1120,train,2.26801889994,49.0450734,2.26714139994,2.26889639994,49.0441959,49.0459509
img1536,train,2.28381389993,49.055603399999995,2.28293639993,2.28469139993,49.0547259,49.0564809
img484,train,2.2434488999499997,49.020503399999996,2.24257139995,2.24432639995,49.0196259,49.0213809
img282,train,2.2311638999500003,49.025768400000004,2.23028639995,2.23204139995,49.0248909,49.0266459
img1336,train,2.27679389993,49.029278399999995,2.27591639993,2.27767139993,49.0284009,49.0301559
img1277,train,2.27503889993,49.0047084,2.27416139993,2.27591639993,49.0038309,49.0055859
img1693,train,2.29083389993,49.002953399999996,2.28995639993,2.29171139993,49.0020759,49.0038309
img1008,train,2.26450889994,49.002953399999996,2.26363139994,2.26538639994,49.0020759,49.0038309
img1463,train,2.28205889993,49.0099734,2.28118139993,2.28293639993,49.0090959,49.0108509
img1740,train,2.29258889993,49.0047084,2.29171139993,2.29346639993,49.0038309,49.0055859
img250,train,2.22940889995,49.011728399999996,2.22853139995,2.23028639995,49.0108509,49.0126059
img670,train,2.25046889994,49.043318400000004,2.24959139994,2.25134639994,49.0424409,49.0441959
img819,train,2.2574888999400002,48.9889134,2.25661139994,2.25836639994,48.9880359,48.9897909
img1654,train,2.28907889993,49.0152384,2.28820139993,2.28995639993,49.0143609,49.0161159
img1499,train,2.28381389993,48.990668400000004,2.28293639993,2.28469139993,48.9897909,48.9915459
img532,train,2.24520389995,49.0362984,2.24432639995,2.24608139995,49.0354209,49.0371759
img1907,train,2.29960889992,49.046828399999995,2.29873139992,2.30048639992,49.0459509,49.0477059
img335,train,2.2346738999499998,49.0275234,2.23379639995,2.23555139995,49.0266459,49.0284009
img1840,train,2.29609889993,49.0187484,2.29522139993,2.29697639993,49.0178709,49.0196259
img1312,train,2.27679389993,48.9871584,2.27591639993,2.27767139993,48.9862809,48.9880359
img804,train,2.25573389994,49.0415634,2.25485639994,2.25661139994,49.0406859,49.0424409
img183,train,2.22063389996,49.020503399999996,2.21975639996,2.22151139996,49.0196259,49.0213809
img412,train,2.2399388999500003,49.011728399999996,2.23906139995,2.24081639995,49.0108509,49.0126059
img580,train,2.24695889995,49.043318400000004,2.24608139995,2.24783639995,49.0424409,49.0441959
img378,train,2.23642889995,49.0538484,2.23555139995,2.23730639995,49.0529709,49.0547259
img1285,train,2.27503889993,49.0187484,2.27416139993,2.27591639993,49.0178709,49.0196259
img1593,train,2.28732389993,48.990668400000004,2.28644639993,2.28820139993,48.9897909,48.9915459
img181,train,2.22063389996,49.016993400000004,2.21975639996,2.22151139996,49.0161159,49.0178709
img1141,train,2.26977389994,49.002953399999996,2.26889639994,2.27065139994,49.0020759,49.0038309
img1429,train,2.28030389993,49.0327884,2.27942639993,2.28118139993,49.0319109,49.0336659
img1795,train,2.29434389993,49.020503399999996,2.29346639993,2.29522139993,49.0196259,49.0213809
img368,train,2.23642889995,49.0362984,2.23555139995,2.23730639995,49.0354209,49.0371759
img1472,train,2.28205889993,49.025768400000004,2.28118139993,2.28293639993,49.0248909,49.0266459
img321,train,2.23291889995,49.0503384,2.23204139995,2.23379639995,49.0494609,49.0512159
img49,train,2.19957389996,49.0362984,2.19869639996,2.20045139996,49.0354209,49.0371759
img451,train,2.24169389995,49.0240134,2.24081639995,2.24257139995,49.0231359,49.0248909
img1394,train,2.27854889993,49.052093400000004,2.27767139993,2.27942639993,49.0512159,49.0529709
img151,train,2.21712389996,49.0222584,2.21624639996,2.21800139996,49.0213809,49.0231359
img1515,train,2.28381389993,49.0187484,2.28293639993,2.28469139993,49.0178709,49.0196259
img445,train,2.24169389995,49.0134834,2.24081639995,2.24257139995,49.0126059,49.0143609
img302,train,2.23291889995,49.016993400000004,2.23204139995,2.23379639995,49.0161159,49.0178709
img657,train,2.25046889994,49.020503399999996,2.24959139994,2.25134639994,49.0196259,49.0213809
img864,train,2.25924389994,48.9889134,2.25836639994,2.26012139994,48.9880359,48.9897909
img384,train,2.23818389995,49.0134834,2.23730639995,2.23906139995,49.0126059,49.0143609
img505,train,2.2434488999499997,49.0573584,2.24257139995,2.24432639995,49.0564809,49.0582359
img1678,train,2.28907889993,49.0573584,2.28820139993,2.28995639993,49.0564809,49.0582359
img1847,train,2.29609889993,49.0310334,2.29522139993,2.29697639993,49.0301559,49.0319109
img520,train,2.24520389995,49.0152384,2.24432639995,2.24608139995,49.0143609,49.0161159
img96,train,2.20834889996,49.0362984,2.20747139996,2.20922639996,49.0354209,49.0371759
img517,train,2.24520389995,49.0099734,2.24432639995,2.24608139995,49.0090959,49.0108509
img1397,train,2.27854889993,49.0573584,2.27767139993,2.27942639993,49.0564809,49.0582359
img1388,train,2.27854889993,49.0415634,2.27767139993,2.27942639993,49.0406859,49.0424409
img1879,train,2.297853899925,49.0240134,2.29697639993,2.29873139992,49.0231359,49.0248909
img1001,train,2.26450889994,48.990668400000004,2.26363139994,2.26538639994,48.9897909,48.9915459
img1238,train,2.273283899935,49.0152384,2.27240639994,2.27416139993,49.0143609,49.0161159
img868,train,2.25924389994,48.9959334,2.25836639994,2.26012139994,48.9950559,48.9968109
img391,train,2.23818389995,49.025768400000004,2.23730639995,2.23906139995,49.0248909,49.0266459
img1050,train,2.26626389994,48.999443400000004,2.26538639994,2.26714139994,48.9985659,49.0003209
img1647,train,2.28907889993,49.002953399999996,2.28820139993,2.28995639993,49.0020759,49.0038309
img499,train,2.2434488999499997,49.046828399999995,2.24257139995,2.24432639995,49.0459509,49.0477059
img1881,train,2.297853899925,49.0275234,2.29697639993,2.29873139992,49.0266459,49.0284009
img687,train,2.2522238999399997,48.994178399999996,2.25134639994,2.25310139994,48.9933009,48.9950559
img1759,train,2.29258889993,49.038053399999995,2.29171139993,2.29346639993,49.0371759,49.0389309
img914,train,2.2609988999399997,48.9959334,2.26012139994,2.26187639994,48.9950559,48.9968109
img1586,train,2.28732389993,48.9783834,2.28644639993,2.28820139993,48.9775059,48.9792609
img903,train,2.25924389994,49.0573584,2.25836639994,2.26012139994,49.0564809,49.0582359
img370,train,2.23642889995,49.0398084,2.23555139995,2.23730639995,49.0389309,49.0406859
img852,train,2.2574888999400002,49.046828399999995,2.25661139994,2.25836639994,49.0459509,49.0477059
img742,train,2.25397889994,49.011728399999996,2.25310139994,2.25485639994,49.0108509,49.0126059
img1060,train,2.26626389994,49.016993400000004,2.26538639994,2.26714139994,49.0161159,49.0178709
img440,train,2.24169389995,48.985403399999996,2.24081639995,2.24257139995,48.9845259,48.9862809
img1805,train,2.29434389993,49.038053399999995,2.29346639993,2.29522139993,49.0371759,49.0389309
img338,train,2.2346738999499998,49.0327884,2.23379639995,2.23555139995,49.0319109,49.0336659
img1049,train,2.26626389994,48.9976884,2.26538639994,2.26714139994,48.9968109,48.9985659
img1811,train,2.29434389993,49.0485834,2.29346639993,2.29522139993,49.0477059,49.0494609
img1644,train,2.28907889993,48.9976884,2.28820139993,2.28995639993,48.9968109,48.9985659
img579,train,2.24695889995,49.0415634,2.24608139995,2.24783639995,49.0406859,49.0424409
img966,train,2.26275389994,49.0064634,2.26187639994,2.26363139994,49.0055859,49.0073409
img1146,train,2.26977389994,49.011728399999996,2.26889639994,2.27065139994,49.0108509,49.0126059
img665,train,2.25046889994,49.034543400000004,2.24959139994,2.25134639994,49.0336659,49.0354209
img1849,train,2.29609889993,49.034543400000004,2.29522139993,2.29697639993,49.0336659,49.0354209
img738,train,2.25397889994,49.0047084,2.25310139994,2.25485639994,49.0038309,49.0055859
img293,train,2.2311638999500003,49.0450734,2.23028639995,2.23204139995,49.0441959,49.0459509
img354,train,2.23642889995,49.011728399999996,2.23555139995,2.23730639995,49.0108509,49.0126059
img1651,train,2.28907889993,49.0099734,2.28820139993,2.28995639993,49.0090959,49.0108509
img1585,train,2.28732389993,48.976628399999996,2.28644639993,2.28820139993,48.9757509,48.9775059
img570,train,2.24695889995,49.025768400000004,2.24608139995,2.24783639995,49.0248909,49.0266459
img1252,train,2.273283899935,49.0398084,2.27240639994,2.27416139993,49.0389309,49.0406859
img921,train,2.2609988999399997,49.008218400000004,2.26012139994,2.26187639994,49.0073409,49.0090959
img14,train,2.19255389997,49.0398084,2.19167639997,2.19343139997,49.0389309,49.0406859
img862,train,2.25924389994,48.985403399999996,2.25836639994,2.26012139994,48.9845259,48.9862809
img1253,train,2.273283899935,49.0415634,2.27240639994,2.27416139993,49.0406859,49.0424409
img841,train,2.2574888999400002,49.0275234,2.25661139994,2.25836639994,49.0266459,49.0284009
img1423,train,2.28030389993,49.0222584,2.27942639993,2.28118139993,49.0213809,49.0231359
img272,train,2.22940889995,49.0503384,2.22853139995,2.23028639995,49.0494609,49.0512159
img876,train,2.25924389994,49.0099734,2.25836639994,2.26012139994,49.0090959,49.0108509
img143,train,2.21536889996,49.034543400000004,2.21449139996,2.21624639996,49.0336659,49.0354209
img1405,train,2.28030389993,48.990668400000004,2.27942639993,2.28118139993,48.9897909,48.9915459
img971,train,2.26275389994,49.0152384,2.26187639994,2.26363139994,49.0143609,49.0161159
img936,train,2.2609988999399997,49.034543400000004,2.26012139994,2.26187639994,49.0336659,49.0354209
img1129,train,2.26977389994,48.981893400000004,2.26889639994,2.27065139994,48.9810159,48.9827709
img1314,train,2.27679389993,48.990668400000004,2.27591639993,2.27767139993,48.9897909,48.9915459
img1686,train,2.29083389993,48.990668400000004,2.28995639993,2.29171139993,48.9897909,48.9915459
img476,train,2.2434488999499997,49.0064634,2.24257139995,2.24432639995,49.0055859,49.0073409
img1034,train,2.26450889994,49.0485834,2.26363139994,2.26538639994,49.0477059,49.0494609
img536,train,2.24520389995,49.043318400000004,2.24432639995,2.24608139995,49.0424409,49.0441959
img205,train,2.222388899955,49.0327884,2.22151139996,2.22326639995,49.0319109,49.0336659
img493,train,2.2434488999499997,49.0362984,2.24257139995,2.24432639995,49.0354209,49.0371759
img1869,train,2.297853899925,49.0064634,2.29697639993,2.29873139992,49.0055859,49.0073409
img1746,train,2.29258889993,49.0152384,2.29171139993,2.29346639993,49.0143609,49.0161159
img1824,train,2.29609889993,48.990668400000004,2.29522139993,2.29697639993,48.9897909,48.9915459
img673,train,2.25046889994,49.0485834,2.24959139994,2.25134639994,49.0477059,49.0494609
img1766,train,2.29258889993,49.0503384,2.29171139993,2.29346639993,49.0494609,49.0512159
img1332,train,2.27679389993,49.0222584,2.27591639993,2.27767139993,49.0213809,49.0231359
img1354,train,2.27854889993,48.981893400000004,2.27767139993,2.27942639993,48.9810159,48.9827709
img1362,train,2.27854889993,48.9959334,2.27767139993,2.27942639993,48.9950559,48.9968109
img1181,train,2.27152889994,48.994178399999996,2.27065139994,2.27240639994,48.9933009,48.9950559
img1063,train,2.26626389994,49.0222584,2.26538639994,2.26714139994,49.0213809,49.0231359
img1822,train,2.29609889993,48.9871584,2.29522139993,2.29697639993,48.9862809,48.9880359
img614,train,2.248713899945,49.0240134,2.24783639995,2.24959139994,49.0231359,49.0248909
img323,train,2.23291889995,49.0538484,2.23204139995,2.23379639995,49.0529709,49.0547259
img1022,train,2.26450889994,49.0275234,2.26363139994,2.26538639994,49.0266459,49.0284009
img1883,train,2.297853899925,49.0310334,2.29697639993,2.29873139992,49.0301559,49.0319109
img1717,train,2.29083389993,49.0450734,2.28995639993,2.29171139993,49.0441959,49.0459509
img722,train,2.2522238999399997,49.055603399999995,2.25134639994,2.25310139994,49.0547259,49.0564809
img396,train,2.23818389995,49.034543400000004,2.23730639995,2.23906139995,49.0336659,49.0354209
img135,train,2.21536889996,49.020503399999996,2.21449139996,2.21624639996,49.0196259,49.0213809
img649,train,2.25046889994,49.0064634,2.24959139994,2.25134639994,49.0055859,49.0073409
img1485,train,2.28205889993,49.0485834,2.28118139993,2.28293639993,49.0477059,49.0494609
img680,train,2.2522238999399997,48.981893400000004,2.25134639994,2.25310139994,48.9810159,48.9827709
img1564,train,2.28556889993,49.0222584,2.28469139993,2.28644639993,49.0213809,49.0231359
img901,train,2.25924389994,49.0538484,2.25836639994,2.26012139994,49.0529709,49.0547259
img1506,train,2.28381389993,49.002953399999996,2.28293639993,2.28469139993,49.0020759,49.0038309
img32,train,2.19606389997,49.0398084,2.19518639997,2.19694139997,49.0389309,49.0406859
img78,train,2.20483889996,49.0398084,2.20396139996,2.20571639996,49.0389309,49.0406859
img731,train,2.25397889994,48.9924234,2.25310139994,2.25485639994,48.9915459,48.9933009
img1532,train,2.28381389993,49.0485834,2.28293639993,2.28469139993,49.0477059,49.0494609
img1327,train,2.27679389993,49.0134834,2.27591639993,2.27767139993,49.0126059,49.0143609
img1028,train,2.26450889994,49.038053399999995,2.26363139994,2.26538639994,49.0371759,49.0389309
img1029,train,2.26450889994,49.0398084,2.26363139994,2.26538639994,49.0389309,49.0406859
img1348,train,2.27679389993,49.0503384,2.27591639993,2.27767139993,49.0494609,49.0512159
img615,train,2.248713899945,49.025768400000004,2.24783639995,2.24959139994,49.0248909,49.0266459
img582,train,2.24695889995,49.046828399999995,2.24608139995,2.24783639995,49.0459509,49.0477059
img1168,train,2.26977389994,49.0503384,2.26889639994,2.27065139994,49.0494609,49.0512159
img597,train,2.248713899945,48.994178399999996,2.24783639995,2.24959139994,48.9933009,48.9950559
img543,train,2.24520389995,49.055603399999995,2.24432639995,2.24608139995,49.0547259,49.0564809
img1344,train,2.27679389993,49.043318400000004,2.27591639993,2.27767139993,49.0424409,49.0441959
img17,train,2.19255389997,49.0450734,2.19167639997,2.19343139997,49.0441959,49.0459509
img1019,train,2.26450889994,49.0222584,2.26363139994,2.26538639994,49.0213809,49.0231359
img470,train,2.24169389995,49.0573584,2.24081639995,2.24257139995,49.0564809,49.0582359
img1395,train,2.27854889993,49.0538484,2.27767139993,2.27942639993,49.0529709,49.0547259
img1656,train,2.28907889993,49.0187484,2.28820139993,2.28995639993,49.0178709,49.0196259
img1779,train,2.29434389993,48.9924234,2.29346639993,2.29522139993,48.9915459,48.9933009
img306,train,2.23291889995,49.0240134,2.23204139995,2.23379639995,49.0231359,49.0248909
img1078,train,2.26626389994,49.0485834,2.26538639994,2.26714139994,49.0477059,49.0494609
img1487,train,2.28205889993,49.052093400000004,2.28118139993,2.28293639993,49.0512159,49.0529709
img379,train,2.23642889995,49.055603399999995,2.23555139995,2.23730639995,49.0547259,49.0564809
img689,train,2.2522238999399997,48.9976884,2.25134639994,2.25310139994,48.9968109,48.9985659
img1130,train,2.26977389994,48.9836484,2.26889639994,2.27065139994,48.9827709,48.9845259
img482,train,2.2434488999499997,49.016993400000004,2.24257139995,2.24432639995,49.0161159,49.0178709
img1622,train,2.28732389993,49.0415634,2.28644639993,2.28820139993,49.0406859,49.0424409
img1450,train,2.28205889993,48.9871584,2.28118139993,2.28293639993,48.9862809,48.9880359
img774,train,2.25573389994,48.9889134,2.25485639994,2.25661139994,48.9880359,48.9897909
img1219,train,2.273283899935,48.981893400000004,2.27240639994,2.27416139993,48.9810159,48.9827709
img1357,train,2.27854889993,48.9871584,2.27767139993,2.27942639993,48.9862809,48.9880359
img991,train,2.26275389994,49.0503384,2.26187639994,2.26363139994,49.0494609,49.0512159
img552,train,2.24695889995,48.994178399999996,2.24608139995,2.24783639995,48.9933009,48.9950559
img1826,train,2.29609889993,48.994178399999996,2.29522139993,2.29697639993,48.9933009,48.9950559
img1294,train,2.27503889993,49.034543400000004,2.27416139993,2.27591639993,49.0336659,49.0354209
img1261,train,2.273283899935,49.055603399999995,2.27240639994,2.27416139993,49.0547259,49.0564809
img1430,train,2.28030389993,49.034543400000004,2.27942639993,2.28118139993,49.0336659,49.0354209
img1207,train,2.27152889994,49.0398084,2.27065139994,2.27240639994,49.0389309,49.0406859
img1517,train,2.28381389993,49.0222584,2.28293639993,2.28469139993,49.0213809,49.0231359
img1464,train,2.28205889993,49.011728399999996,2.28118139993,2.28293639993,49.0108509,49.0126059
img773,train,2.25573389994,48.9871584,2.25485639994,2.25661139994,48.9862809,48.9880359
img1373,train,2.27854889993,49.0152384,2.27767139993,2.27942639993,49.0143609,49.0161159
img142,train,2.21536889996,49.0327884,2.21449139996,2.21624639996,49.0319109,49.0336659
img44,train,2.197818899965,49.043318400000004,2.19694139997,2.19869639996,49.0424409,49.0441959
img122,train,2.21361389996,49.0222584,2.21273639996,2.21449139996,49.0213809,49.0231359
img1127,train,2.26801889994,49.0573584,2.26714139994,2.26889639994,49.0564809,49.0582359
img1474,train,2.28205889993,49.029278399999995,2.28118139993,2.28293639993,49.0284009,49.0301559
img1909,train,2.29960889992,49.0503384,2.29873139992,2.30048639992,49.0494609,49.0512159
img95,train,2.20834889996,49.034543400000004,2.20747139996,2.20922639996,49.0336659,49.0354209
img1611,train,2.28732389993,49.0222584,2.28644639993,2.28820139993,49.0213809,49.0231359
img837,train,2.2574888999400002,49.020503399999996,2.25661139994,2.25836639994,49.0196259,49.0213809
img1417,train,2.28030389993,49.011728399999996,2.27942639993,2.28118139993,49.0108509,49.0126059
img859,train,2.25924389994,48.9801384,2.25836639994,2.26012139994,48.9792609,48.9810159
img1630,train,2.28732389993,49.055603399999995,2.28644639993,2.28820139993,49.0547259,49.0564809
img513,train,2.24520389995,48.994178399999996,2.24432639995,2.24608139995,48.9933009,48.9950559
img765,train,2.25397889994,49.052093400000004,2.25310139994,2.25485639994,49.0512159,49.0529709
img1113,train,2.26801889994,49.0327884,2.26714139994,2.26889639994,49.0319109,49.0336659
img1767,train,2.29258889993,49.052093400000004,2.29171139993,2.29346639993,49.0512159,49.0529709
img28,train,2.1943088999700002,49.0503384,2.19343139997,2.19518639997,49.0494609,49.0512159
img263,train,2.22940889995,49.034543400000004,2.22853139995,2.23028639995,49.0336659,49.0354209
img1193,train,2.27152889994,49.0152384,2.27065139994,2.27240639994,49.0143609,49.0161159
img1017,train,2.26450889994,49.0187484,2.26363139994,2.26538639994,49.0178709,49.0196259
img59,train,2.20132889996,49.038053399999995,2.20045139996,2.20220639996,49.0371759,49.0389309
img358,train,2.23642889995,49.0187484,2.23555139995,2.23730639995,49.0178709,49.0196259
img1280,train,2.27503889993,49.0099734,2.27416139993,2.27591639993,49.0090959,49.0108509
img581,train,2.24695889995,49.0450734,2.24608139995,2.24783639995,49.0441959,49.0459509
img1188,train,2.27152889994,49.0064634,2.27065139994,2.27240639994,49.0055859,49.0073409
img1352,train,2.27679389993,49.0573584,2.27591639993,2.27767139993,49.0564809,49.0582359
img334,train,2.2346738999499998,49.025768400000004,2.23379639995,2.23555139995,49.0248909,49.0266459
img714,train,2.2522238999399997,49.0415634,2.25134639994,2.25310139994,49.0406859,49.0424409
img977,train,2.26275389994,49.025768400000004,2.26187639994,2.26363139994,49.0248909,49.0266459
img542,train,2.24520389995,49.0538484,2.24432639995,2.24608139995,49.0529709,49.0547259
img712,train,2.2522238999399997,49.038053399999995,2.25134639994,2.25310139994,49.0371759,49.0389309
img1208,train,2.27152889994,49.0415634,2.27065139994,2.27240639994,49.0406859,49.0424409
img115,train,2.21185889996,49.0310334,2.21098139996,2.21273639996,49.0301559,49.0319109
img1156,train,2.26977389994,49.029278399999995,2.26889639994,2.27065139994,49.0284009,49.0301559
img1478,train,2.28205889993,49.0362984,2.28118139993,2.28293639993,49.0354209,49.0371759
img1404,train,2.28030389993,48.9889134,2.27942639993,2.28118139993,48.9880359,48.9897909
img1090,train,2.26801889994,48.9924234,2.26714139994,2.26889639994,48.9915459,48.9933009
img574,train,2.24695889995,49.0327884,2.24608139995,2.24783639995,49.0319109,49.0336659
img1062,train,2.26626389994,49.020503399999996,2.26538639994,2.26714139994,49.0196259,49.0213809
img1315,train,2.27679389993,48.9924234,2.27591639993,2.27767139993,48.9915459,48.9933009
img1442,train,2.28030389993,49.055603399999995,2.27942639993,2.28118139993,49.0547259,49.0564809
img1339,train,2.27679389993,49.034543400000004,2.27591639993,2.27767139993,49.0336659,49.0354209
img1038,train,2.26450889994,49.055603399999995,2.26363139994,2.26538639994,49.0547259,49.0564809
img766,train,2.25397889994,49.0538484,2.25310139994,2.25485639994,49.0529709,49.0547259
img851,train,2.2574888999400002,49.0450734,2.25661139994,2.25836639994,49.0441959,49.0459509
img830,train,2.2574888999400002,49.008218400000004,2.25661139994,2.25836639994,49.0073409,49.0090959
img492,train,2.2434488999499997,49.034543400000004,2.24257139995,2.24432639995,49.0336659,49.0354209
img353,train,2.23642889995,49.0099734,2.23555139995,2.23730639995,49.0090959,49.0108509
img866,train,2.25924389994,48.9924234,2.25836639994,2.26012139994,48.9915459,48.9933009
img1121,train,2.26801889994,49.046828399999995,2.26714139994,2.26889639994,49.0459509,49.0477059
img37,train,2.19606389997,49.0485834,2.19518639997,2.19694139997,49.0477059,49.0494609
img893,train,2.25924389994,49.0398084,2.25836639994,2.26012139994,49.0389309,49.0406859
img602,train,2.248713899945,49.002953399999996,2.24783639995,2.24959139994,49.0020759,49.0038309
img697,train,2.2522238999399997,49.011728399999996,2.25134639994,2.25310139994,49.0108509,49.0126059
img1679,train,2.29083389993,48.9783834,2.28995639993,2.29171139993,48.9775059,48.9792609
img1041,train,2.26626389994,48.9836484,2.26538639994,2.26714139994,48.9827709,48.9845259
img340,train,2.2346738999499998,49.0362984,2.23379639995,2.23555139995,49.0354209,49.0371759
img942,train,2.2609988999399997,49.0450734,2.26012139994,2.26187639994,49.0441959,49.0459509
img1560,train,2.28556889993,49.0152384,2.28469139993,2.28644639993,49.0143609,49.0161159
img757,train,2.25397889994,49.038053399999995,2.25310139994,2.25485639994,49.0371759,49.0389309
img585,train,2.24695889995,49.052093400000004,2.24608139995,2.24783639995,49.0512159,49.0529709
img1273,train,2.27503889993,48.9976884,2.27416139993,2.27591639993,48.9968109,48.9985659
img1251,train,2.273283899935,49.038053399999995,2.27240639994,2.27416139993,49.0371759,49.0389309
img1714,train,2.29083389993,49.0398084,2.28995639993,2.29171139993,49.0389309,49.0406859
img1262,train,2.273283899935,49.0573584,2.27240639994,2.27416139993,49.0564809,49.0582359
img619,train,2.248713899945,49.0327884,2.24783639995,2.24959139994,49.0319109,49.0336659
img1255,train,2.273283899935,49.0450734,2.27240639994,2.27416139993,49.0441959,49.0459509
img788,train,2.25573389994,49.0134834,2.25485639994,2.25661139994,49.0126059,49.0143609
img1072,train,2.26626389994,49.038053399999995,2.26538639994,2.26714139994,49.0371759,49.0389309
img1535,train,2.28381389993,49.0538484,2.28293639993,2.28469139993,49.0529709,49.0547259
img344,train,2.2346738999499998,49.043318400000004,2.23379639995,2.23555139995,49.0424409,49.0441959
img951,train,2.26275389994,48.9801384,2.26187639994,2.26363139994,48.9792609,48.9810159
img486,train,2.2434488999499997,49.0240134,2.24257139995,2.24432639995,49.0231359,49.0248909
img1471,train,2.28205889993,49.0240134,2.28118139993,2.28293639993,49.0231359,49.0248909
img472,train,2.2434488999499997,48.985403399999996,2.24257139995,2.24432639995,48.9845259,48.9862809
img159,train,2.21712389996,49.0362984,2.21624639996,2.21800139996,49.0354209,49.0371759
img636,train,2.25046889994,48.9836484,2.24959139994,2.25134639994,48.9827709,48.9845259
img778,train,2.25573389994,48.9959334,2.25485639994,2.25661139994,48.9950559,48.9968109
img898,train,2.25924389994,49.0485834,2.25836639994,2.26012139994,49.0477059,49.0494609
img1232,train,2.273283899935,49.0047084,2.27240639994,2.27416139993,49.0038309,49.0055859
img825,train,2.2574888999400002,48.999443400000004,2.25661139994,2.25836639994,48.9985659,49.0003209
img578,train,2.24695889995,49.0398084,2.24608139995,2.24783639995,49.0389309,49.0406859
img1003,train,2.26450889994,48.994178399999996,2.26363139994,2.26538639994,48.9933009,48.9950559
img1669,train,2.28907889993,49.0415634,2.28820139993,2.28995639993,49.0406859,49.0424409
img843,train,2.2574888999400002,49.0310334,2.25661139994,2.25836639994,49.0301559,49.0319109
img1825,train,2.29609889993,48.9924234,2.29522139993,2.29697639993,48.9915459,48.9933009
img1707,train,2.29083389993,49.0275234,2.28995639993,2.29171139993,49.0266459,49.0284009
img676,train,2.25046889994,49.0538484,2.24959139994,2.25134639994,49.0529709,49.0547259
img755,train,2.25397889994,49.034543400000004,2.25310139994,2.25485639994,49.0336659,49.0354209
img728,train,2.25397889994,48.9871584,2.25310139994,2.25485639994,48.9862809,48.9880359
img1778,train,2.29434389993,48.990668400000004,2.29346639993,2.29522139993,48.9897909,48.9915459
img252,train,2.22940889995,49.0152384,2.22853139995,2.23028639995,49.0143609,49.0161159
img12,train,2.19079889997,49.0485834,2.18992139997,2.19167639997,49.0477059,49.0494609
img1803,train,2.29434389993,49.034543400000004,2.29346639993,2.29522139993,49.0336659,49.0354209
img794,train,2.25573389994,49.0240134,2.25485639994,2.25661139994,49.0231359,49.0248909
img1224,train,2.273283899935,48.990668400000004,2.27240639994,2.27416139993,48.9897909,48.9915459
img1174,train,2.27152889994,48.981893400000004,2.27065139994,2.27240639994,48.9810159,48.9827709
img200,train,2.222388899955,49.0222584,2.22151139996,2.22326639995,49.0213809,49.0231359
img1124,train,2.26801889994,49.052093400000004,2.26714139994,2.26889639994,49.0512159,49.0529709
img554,train,2.24695889995,48.9976884,2.24608139995,2.24783639995,48.9968109,48.9985659
img1533,train,2.28381389993,49.0503384,2.28293639993,2.28469139993,49.0494609,49.0512159
img452,train,2.24169389995,49.025768400000004,2.24081639995,2.24257139995,49.0248909,49.0266459
img879,train,2.25924389994,49.0152384,2.25836639994,2.26012139994,49.0143609,49.0161159
img1613,train,2.28732389993,49.025768400000004,2.28644639993,2.28820139993,49.0248909,49.0266459
img1154,train,2.26977389994,49.025768400000004,2.26889639994,2.27065139994,49.0248909,49.0266459
img1182,train,2.27152889994,48.9959334,2.27065139994,2.27240639994,48.9950559,48.9968109
img817,train,2.2574888999400002,48.985403399999996,2.25661139994,2.25836639994,48.9845259,48.9862809
img408,train,2.23818389995,49.055603399999995,2.23730639995,2.23906139995,49.0547259,49.0564809
img809,train,2.25573389994,49.0503384,2.25485639994,2.25661139994,49.0494609,49.0512159
img1528,train,2.28381389993,49.0415634,2.28293639993,2.28469139993,49.0406859,49.0424409
img909,train,2.2609988999399997,48.9871584,2.26012139994,2.26187639994,48.9862809,48.9880359
img1301,train,2.27503889993,49.046828399999995,2.27416139993,2.27591639993,49.0459509,49.0477059
img136,train,2.21536889996,49.0222584,2.21449139996,2.21624639996,49.0213809,49.0231359
img605,train,2.248713899945,49.008218400000004,2.24783639995,2.24959139994,49.0073409,49.0090959
img485,train,2.2434488999499997,49.0222584,2.24257139995,2.24432639995,49.0213809,49.0231359
img1667,train,2.28907889993,49.038053399999995,2.28820139993,2.28995639993,49.0371759,49.0389309
img925,train,2.2609988999399997,49.0152384,2.26012139994,2.26187639994,49.0143609,49.0161159
img1392,train,2.27854889993,49.0485834,2.27767139993,2.27942639993,49.0477059,49.0494609
img1706,train,2.29083389993,49.025768400000004,2.28995639993,2.29171139993,49.0248909,49.0266459
img155,train,2.21712389996,49.029278399999995,2.21624639996,2.21800139996,49.0284009,49.0301559
img1043,train,2.26626389994,48.9871584,2.26538639994,2.26714139994,48.9862809,48.9880359
img70,train,2.20483889996,49.025768400000004,2.20396139996,2.20571639996,49.0248909,49.0266459
img1834,train,2.29609889993,49.008218400000004,2.29522139993,2.29697639993,49.0073409,49.0090959
img1048,train,2.26626389994,48.9959334,2.26538639994,2.26714139994,48.9950559,48.9968109
img931,train,2.2609988999399997,49.025768400000004,2.26012139994,2.26187639994,49.0248909,49.0266459
img284,train,2.2311638999500003,49.029278399999995,2.23028639995,2.23204139995,49.0284009,49.0301559
img1368,train,2.27854889993,49.0064634,2.27767139993,2.27942639993,49.0055859,49.0073409
img896,train,2.25924389994,49.0450734,2.25836639994,2.26012139994,49.0441959,49.0459509
img1408,train,2.28030389993,48.9959334,2.27942639993,2.28118139993,48.9950559,48.9968109
img1850,train,2.29609889993,49.0362984,2.29522139993,2.29697639993,49.0354209,49.0371759
img1839,train,2.29609889993,49.016993400000004,2.29522139993,2.29697639993,49.0161159,49.0178709
img1341,train,2.27679389993,49.038053399999995,2.27591639993,2.27767139993,49.0371759,49.0389309
img214,train,2.22414389995,49.020503399999996,2.22326639995,2.22502139995,49.0196259,49.0213809
img954,train,2.26275389994,48.985403399999996,2.26187639994,2.26363139994,48.9845259,48.9862809
img449,train,2.24169389995,49.020503399999996,2.24081639995,2.24257139995,49.0196259,49.0213809
img1284,train,2.27503889993,49.016993400000004,2.27416139993,2.27591639993,49.0161159,49.0178709
img1748,train,2.29258889993,49.0187484,2.29171139993,2.29346639993,49.0178709,49.0196259
img947,train,2.2609988999399997,49.0538484,2.26012139994,2.26187639994,49.0529709,49.0547259
img1718,train,2.29083389993,49.046828399999995,2.28995639993,2.29171139993,49.0459509,49.0477059
img154,train,2.21712389996,49.0275234,2.21624639996,2.21800139996,49.0266459,49.0284009
img1218,train,2.273283899935,48.9801384,2.27240639994,2.27416139993,48.9792609,48.9810159
img1276,train,2.27503889993,49.002953399999996,2.27416139993,2.27591639993,49.0020759,49.0038309
img1263,train,2.27503889993,48.9801384,2.27416139993,2.27591639993,48.9792609,48.9810159
img613,train,2.248713899945,49.0222584,2.24783639995,2.24959139994,49.0213809,49.0231359
img1831,train,2.29609889993,49.002953399999996,2.29522139993,2.29697639993,49.0020759,49.0038309
img946,train,2.2609988999399997,49.052093400000004,2.26012139994,2.26187639994,49.0512159,49.0529709
img1663,train,2.28907889993,49.0310334,2.28820139993,2.28995639993,49.0301559,49.0319109
img23,train,2.1943088999700002,49.0415634,2.19343139997,2.19518639997,49.0406859,49.0424409
img1801,train,2.29434389993,49.0310334,2.29346639993,2.29522139993,49.0301559,49.0319109
img1553,train,2.28556889993,49.002953399999996,2.28469139993,2.28644639993,49.0020759,49.0038309
img1268,train,2.27503889993,48.9889134,2.27416139993,2.27591639993,48.9880359,48.9897909
img1467,train,2.28205889993,49.016993400000004,2.28118139993,2.28293639993,49.0161159,49.0178709
img1784,train,2.29434389993,49.0011984,2.29346639993,2.29522139993,49.0003209,49.0020759
img986,train,2.26275389994,49.0415634,2.26187639994,2.26363139994,49.0406859,49.0424409
img855,train,2.2574888999400002,49.052093400000004,2.25661139994,2.25836639994,49.0512159,49.0529709
img1466,train,2.28205889993,49.0152384,2.28118139993,2.28293639993,49.0143609,49.0161159
img701,train,2.2522238999399997,49.0187484,2.25134639994,2.25310139994,49.0178709,49.0196259
img314,train,2.23291889995,49.038053399999995,2.23204139995,2.23379639995,49.0371759,49.0389309
img480,train,2.2434488999499997,49.0134834,2.24257139995,2.24432639995,49.0126059,49.0143609
img216,train,2.22414389995,49.0240134,2.22326639995,2.22502139995,49.0231359,49.0248909
img461,train,2.24169389995,49.0415634,2.24081639995,2.24257139995,49.0406859,49.0424409
img696,train,2.2522238999399997,49.0099734,2.25134639994,2.25310139994,49.0090959,49.0108509
img892,train,2.25924389994,49.038053399999995,2.25836639994,2.26012139994,49.0371759,49.0389309
img103,train,2.21010389996,49.029278399999995,2.20922639996,2.21098139996,49.0284009,49.0301559
img978,train,2.26275389994,49.0275234,2.26187639994,2.26363139994,49.0266459,49.0284009
img178,train,2.21887889996,49.0398084,2.21800139996,2.21975639996,49.0389309,49.0406859
img113,train,2.21185889996,49.0275234,2.21098139996,2.21273639996,49.0266459,49.0284009
img4,train,2.1890438999699997,49.0450734,2.18816639997,2.18992139997,49.0441959,49.0459509
img26,train,2.1943088999700002,49.046828399999995,2.19343139997,2.19518639997,49.0459509,49.0477059
img1691,train,2.29083389993,48.999443400000004,2.28995639993,2.29171139993,48.9985659,49.0003209
img1082,train,2.26626389994,49.055603399999995,2.26538639994,2.26714139994,49.0547259,49.0564809
img1378,train,2.27854889993,49.0240134,2.27767139993,2.27942639993,49.0231359,49.0248909
img1555,train,2.28556889993,49.0064634,2.28469139993,2.28644639993,49.0055859,49.0073409
img1773,train,2.29434389993,48.981893400000004,2.29346639993,2.29522139993,48.9810159,48.9827709
img870,train,2.25924389994,48.999443400000004,2.25836639994,2.26012139994,48.9985659,49.0003209
img941,train,2.2609988999399997,49.043318400000004,2.26012139994,2.26187639994,49.0424409,49.0441959
img1389,train,2.27854889993,49.043318400000004,2.27767139993,2.27942639993,49.0424409,49.0441959
img1118,train,2.26801889994,49.0415634,2.26714139994,2.26889639994,49.0406859,49.0424409
img1696,train,2.29083389993,49.008218400000004,2.28995639993,2.29171139993,49.0073409,49.0090959
img193,train,2.22063389996,49.0398084,2.21975639996,2.22151139996,49.0389309,49.0406859
img41,train,2.197818899965,49.038053399999995,2.19694139997,2.19869639996,49.0371759,49.0389309
img244,train,2.22765389995,49.038053399999995,2.22677639995,2.22853139995,49.0371759,49.0389309
img111,train,2.21185889996,49.0240134,2.21098139996,2.21273639996,49.0231359,49.0248909
img98,train,2.21010389996,49.020503399999996,2.20922639996,2.21098139996,49.0196259,49.0213809
img509,train,2.24520389995,48.9871584,2.24432639995,2.24608139995,48.9862809,48.9880359
img706,train,2.2522238999399997,49.0275234,2.25134639994,2.25310139994,49.0266459,49.0284009
img1184,train,2.27152889994,48.999443400000004,2.27065139994,2.27240639994,48.9985659,49.0003209
img1009,train,2.26450889994,49.0047084,2.26363139994,2.26538639994,49.0038309,49.0055859
img1562,train,2.28556889993,49.0187484,2.28469139993,2.28644639993,49.0178709,49.0196259
img1810,train,2.29434389993,49.046828399999995,2.29346639993,2.29522139993,49.0459509,49.0477059
img820,train,2.2574888999400002,48.990668400000004,2.25661139994,2.25836639994,48.9897909,48.9915459
img621,train,2.248713899945,49.0362984,2.24783639995,2.24959139994,49.0354209,49.0371759
img1749,train,2.29258889993,49.020503399999996,2.29171139993,2.29346639993,49.0196259,49.0213809
img1596,train,2.28732389993,48.9959334,2.28644639993,2.28820139993,48.9950559,48.9968109
img663,train,2.25046889994,49.0310334,2.24959139994,2.25134639994,49.0301559,49.0319109
img1527,train,2.28381389993,49.0398084,2.28293639993,2.28469139993,49.0389309,49.0406859
img225,train,2.22589889995,49.0187484,2.22502139995,2.22677639995,49.0178709,49.0196259
img1281,train,2.27503889993,49.011728399999996,2.27416139993,2.27591639993,49.0108509,49.0126059
img1743,train,2.29258889993,49.0099734,2.29171139993,2.29346639993,49.0090959,49.0108509
img1226,train,2.273283899935,48.994178399999996,2.27240639994,2.27416139993,48.9933009,48.9950559
img1322,train,2.27679389993,49.0047084,2.27591639993,2.27767139993,49.0038309,49.0055859
img514,train,2.24520389995,49.0047084,2.24432639995,2.24608139995,49.0038309,49.0055859
img515,train,2.24520389995,49.0064634,2.24432639995,2.24608139995,49.0055859,49.0073409
img617,train,2.248713899945,49.029278399999995,2.24783639995,2.24959139994,49.0284009,49.0301559
img435,train,2.2399388999500003,49.052093400000004,2.23906139995,2.24081639995,49.0512159,49.0529709
img1597,train,2.28732389993,48.9976884,2.28644639993,2.28820139993,48.9968109,48.9985659
img1077,train,2.26626389994,49.046828399999995,2.26538639994,2.26714139994,49.0459509,49.0477059
img108,train,2.21185889996,49.0187484,2.21098139996,2.21273639996,49.0178709,49.0196259
img336,train,2.2346738999499998,49.029278399999995,2.23379639995,2.23555139995,49.0284009,49.0301559
img1898,train,2.297853899925,49.0573584,2.29697639993,2.29873139992,49.0564809,49.0582359
img230,train,2.22589889995,49.0275234,2.22502139995,2.22677639995,49.0266459,49.0284009
img534,train,2.24520389995,49.0398084,2.24432639995,2.24608139995,49.0389309,49.0406859
img1246,train,2.273283899935,49.029278399999995,2.27240639994,2.27416139993,49.0284009,49.0301559
img1012,train,2.26450889994,49.0099734,2.26363139994,2.26538639994,49.0090959,49.0108509
img217,train,2.22414389995,49.025768400000004,2.22326639995,2.22502139995,49.0248909,49.0266459
img1701,train,2.29083389993,49.016993400000004,2.28995639993,2.29171139993,49.0161159,49.0178709
img1254,train,2.273283899935,49.043318400000004,2.27240639994,2.27416139993,49.0424409,49.0441959
img1456,train,2.28205889993,48.9976884,2.28118139993,2.28293639993,48.9968109,48.9985659
img999,train,2.26450889994,48.9871584,2.26363139994,2.26538639994,48.9862809,48.9880359
img1615,train,2.28732389993,49.029278399999995,2.28644639993,2.28820139993,49.0284009,49.0301559
img1202,train,2.27152889994,49.0310334,2.27065139994,2.27240639994,49.0301559,49.0319109
img802,train,2.25573389994,49.038053399999995,2.25485639994,2.25661139994,49.0371759,49.0389309
img926,train,2.2609988999399997,49.016993400000004,2.26012139994,2.26187639994,49.0161159,49.0178709
img1381,train,2.27854889993,49.029278399999995,2.27767139993,2.27942639993,49.0284009,49.0301559
img1704,train,2.29083389993,49.0222584,2.28995639993,2.29171139993,49.0213809,49.0231359
img958,train,2.26275389994,48.9924234,2.26187639994,2.26363139994,48.9915459,48.9933009
img1265,train,2.27503889993,48.9836484,2.27416139993,2.27591639993,48.9827709,48.9845259
img1733,train,2.29258889993,48.9924234,2.29171139993,2.29346639993,48.9915459,48.9933009
img1780,train,2.29434389993,48.994178399999996,2.29346639993,2.29522139993,48.9933009,48.9950559
img1579,train,2.28556889993,49.0485834,2.28469139993,2.28644639993,49.0477059,49.0494609
img871,train,2.25924389994,49.0011984,2.25836639994,2.26012139994,49.0003209,49.0020759
img1859,train,2.29609889993,49.052093400000004,2.29522139993,2.29697639993,49.0512159,49.0529709
img1804,train,2.29434389993,49.0362984,2.29346639993,2.29522139993,49.0354209,49.0371759
img292,train,2.2311638999500003,49.043318400000004,2.23028639995,2.23204139995,49.0424409,49.0441959
img146,train,2.21536889996,49.0415634,2.21449139996,2.21624639996,49.0406859,49.0424409
img500,train,2.2434488999499997,49.0485834,2.24257139995,2.24432639995,49.0477059,49.0494609
img666,train,2.25046889994,49.0362984,2.24959139994,2.25134639994,49.0354209,49.0371759
img1658,train,2.28907889993,49.0222584,2.28820139993,2.28995639993,49.0213809,49.0231359
img357,train,2.23642889995,49.016993400000004,2.23555139995,2.23730639995,49.0161159,49.0178709
img1566,train,2.28556889993,49.025768400000004,2.28469139993,2.28644639993,49.0248909,49.0266459
img1108,train,2.26801889994,49.0240134,2.26714139994,2.26889639994,49.0231359,49.0248909
img431,train,2.2399388999500003,49.0450734,2.23906139995,2.24081639995,49.0441959,49.0459509
img959,train,2.26275389994,48.994178399999996,2.26187639994,2.26363139994,48.9933009,48.9950559
img661,train,2.25046889994,49.0275234,2.24959139994,2.25134639994,49.0266459,49.0284009
img280,train,2.2311638999500003,49.0222584,2.23028639995,2.23204139995,49.0213809,49.0231359
img940,train,2.2609988999399997,49.0415634,2.26012139994,2.26187639994,49.0406859,49.0424409
img107,validation,2.21010389996,49.0362984,2.20922639996,2.21098139996,49.0354209,49.0371759
img875,validation,2.25924389994,49.008218400000004,2.25836639994,2.26012139994,49.0073409,49.0090959
img1390,validation,2.27854889993,49.0450734,2.27767139993,2.27942639993,49.0441959,49.0459509
img1788,validation,2.29434389993,49.008218400000004,2.29346639993,2.29522139993,49.0073409,49.0090959
img441,validation,2.24169389995,48.9871584,2.24081639995,2.24257139995,48.9862809,48.9880359
img119,validation,2.21361389996,49.016993400000004,2.21273639996,2.21449139996,49.0161159,49.0178709
img1136,validation,2.26977389994,48.994178399999996,2.26889639994,2.27065139994,48.9933009,48.9950559
img202,validation,2.222388899955,49.025768400000004,2.22151139996,2.22326639995,49.0248909,49.0266459
img1266,validation,2.27503889993,48.985403399999996,2.27416139993,2.27591639993,48.9845259,48.9862809
img437,validation,2.2399388999500003,49.055603399999995,2.23906139995,2.24081639995,49.0547259,49.0564809
img301,validation,2.23291889995,49.0152384,2.23204139995,2.23379639995,49.0143609,49.0161159
img287,validation,2.2311638999500003,49.034543400000004,2.23028639995,2.23204139995,49.0336659,49.0354209
img746,validation,2.25397889994,49.0187484,2.25310139994,2.25485639994,49.0178709,49.0196259
img166,validation,2.21887889996,49.0187484,2.21800139996,2.21975639996,49.0178709,49.0196259
img121,validation,2.21361389996,49.020503399999996,2.21273639996,2.21449139996,49.0196259,49.0213809
img832,validation,2.2574888999400002,49.011728399999996,2.25661139994,2.25836639994,49.0108509,49.0126059
img428,validation,2.2399388999500003,49.0398084,2.23906139995,2.24081639995,49.0389309,49.0406859
img576,validation,2.24695889995,49.0362984,2.24608139995,2.24783639995,49.0354209,49.0371759
img724,validation,2.25397889994,48.9801384,2.25310139994,2.25485639994,48.9792609,48.9810159
img741,validation,2.25397889994,49.0099734,2.25310139994,2.25485639994,49.0090959,49.0108509
img930,validation,2.2609988999399997,49.0240134,2.26012139994,2.26187639994,49.0231359,49.0248909
img228,validation,2.22589889995,49.0240134,2.22502139995,2.22677639995,49.0231359,49.0248909
img1150,validation,2.26977389994,49.0187484,2.26889639994,2.27065139994,49.0178709,49.0196259
img1079,validation,2.26626389994,49.0503384,2.26538639994,2.26714139994,49.0494609,49.0512159
img1760,validation,2.29258889993,49.0398084,2.29171139993,2.29346639993,49.0389309,49.0406859
img1814,validation,2.29434389993,49.0538484,2.29346639993,2.29522139993,49.0529709,49.0547259
img873,validation,2.25924389994,49.0047084,2.25836639994,2.26012139994,49.0038309,49.0055859
img1415,validation,2.28030389993,49.008218400000004,2.27942639993,2.28118139993,49.0073409,49.0090959
img1860,validation,2.29609889993,49.0538484,2.29522139993,2.29697639993,49.0529709,49.0547259
img1614,validation,2.28732389993,49.0275234,2.28644639993,2.28820139993,49.0266459,49.0284009
img186,validation,2.22063389996,49.025768400000004,2.21975639996,2.22151139996,49.0248909,49.0266459
img1844,validation,2.29609889993,49.025768400000004,2.29522139993,2.29697639993,49.0248909,49.0266459
img775,validation,2.25573389994,48.990668400000004,2.25485639994,2.25661139994,48.9897909,48.9915459
img895,validation,2.25924389994,49.043318400000004,2.25836639994,2.26012139994,49.0424409,49.0441959
img1888,validation,2.297853899925,49.0398084,2.29697639993,2.29873139992,49.0389309,49.0406859
img337,validation,2.2346738999499998,49.0310334,2.23379639995,2.23555139995,49.0301559,49.0319109
img300,validation,2.23291889995,49.0134834,2.23204139995,2.23379639995,49.0126059,49.0143609
img1122,validation,2.26801889994,49.0485834,2.26714139994,2.26889639994,49.0477059,49.0494609
img134,validation,2.21536889996,49.0187484,2.21449139996,2.21624639996,49.0178709,49.0196259
img1410,validation,2.28030389993,48.999443400000004,2.27942639993,2.28118139993,48.9985659,49.0003209
img1684,validation,2.29083389993,48.9871584,2.28995639993,2.29171139993,48.9862809,48.9880359
img1350,validation,2.27679389993,49.0538484,2.27591639993,2.27767139993,49.0529709,49.0547259
img299,validation,2.23291889995,49.011728399999996,2.23204139995,2.23379639995,49.0108509,49.0126059
img511,validation,2.24520389995,48.990668400000004,2.24432639995,2.24608139995,48.9897909,48.9915459
img1866,validation,2.297853899925,49.0011984,2.29697639993,2.29873139992,49.0003209,49.0020759
img62,validation,2.20308389996,49.0275234,2.20220639996,2.20396139996,49.0266459,49.0284009
img1607,validation,2.28732389993,49.0152384,2.28644639993,2.28820139993,49.0143609,49.0161159
img270,validation,2.22940889995,49.046828399999995,2.22853139995,2.23028639995,49.0459509,49.0477059
img987,validation,2.26275389994,49.043318400000004,2.26187639994,2.26363139994,49.0424409,49.0441959
img464,validation,2.24169389995,49.046828399999995,2.24081639995,2.24257139995,49.0459509,49.0477059
img1347,validation,2.27679389993,49.0485834,2.27591639993,2.27767139993,49.0477059,49.0494609
img528,validation,2.24520389995,49.029278399999995,2.24432639995,2.24608139995,49.0284009,49.0301559
img642,validation,2.25046889994,48.994178399999996,2.24959139994,2.25134639994,48.9933009,48.9950559
img19,validation,2.19255389997,49.0485834,2.19167639997,2.19343139997,49.0477059,49.0494609
img997,validation,2.26450889994,48.9836484,2.26363139994,2.26538639994,48.9827709,48.9845259
img1741,validation,2.29258889993,49.0064634,2.29171139993,2.29346639993,49.0055859,49.0073409
img1431,validation,2.28030389993,49.0362984,2.27942639993,2.28118139993,49.0354209,49.0371759
img815,validation,2.2574888999400002,48.981893400000004,2.25661139994,2.25836639994,48.9810159,48.9827709
img416,validation,2.2399388999500003,49.0187484,2.23906139995,2.24081639995,49.0178709,49.0196259
img563,validation,2.24695889995,49.0134834,2.24608139995,2.24783639995,49.0126059,49.0143609
img715,validation,2.2522238999399997,49.043318400000004,2.25134639994,2.25310139994,49.0424409,49.0441959
img319,validation,2.23291889995,49.046828399999995,2.23204139995,2.23379639995,49.0459509,49.0477059
img827,validation,2.2574888999400002,49.002953399999996,2.25661139994,2.25836639994,49.0020759,49.0038309
img1868,validation,2.297853899925,49.0047084,2.29697639993,2.29873139992,49.0038309,49.0055859
img1618,validation,2.28732389993,49.034543400000004,2.28644639993,2.28820139993,49.0336659,49.0354209
img410,validation,2.2399388999500003,49.008218400000004,2.23906139995,2.24081639995,49.0073409,49.0090959
img551,validation,2.24695889995,48.9924234,2.24608139995,2.24783639995,48.9915459,48.9933009
img1152,validation,2.26977389994,49.0222584,2.26889639994,2.27065139994,49.0213809,49.0231359
img730,validation,2.25397889994,48.990668400000004,2.25310139994,2.25485639994,48.9897909,48.9915459
img1204,validation,2.27152889994,49.034543400000004,2.27065139994,2.27240639994,49.0336659,49.0354209
img1712,validation,2.29083389993,49.0362984,2.28995639993,2.29171139993,49.0354209,49.0371759
img1523,validation,2.28381389993,49.0327884,2.28293639993,2.28469139993,49.0319109,49.0336659
img626,validation,2.248713899945,49.0450734,2.24783639995,2.24959139994,49.0441959,49.0459509
img303,validation,2.23291889995,49.0187484,2.23204139995,2.23379639995,49.0178709,49.0196259
img1147,validation,2.26977389994,49.0134834,2.26889639994,2.27065139994,49.0126059,49.0143609
img125,validation,2.21361389996,49.0275234,2.21273639996,2.21449139996,49.0266459,49.0284009
img1546,validation,2.28556889993,48.990668400000004,2.28469139993,2.28644639993,48.9897909,48.9915459
img1343,validation,2.27679389993,49.0415634,2.27591639993,2.27767139993,49.0406859,49.0424409
img1305,validation,2.27503889993,49.0538484,2.27416139993,2.27591639993,49.0529709,49.0547259
img694,validation,2.2522238999399997,49.0064634,2.25134639994,2.25310139994,49.0055859,49.0073409
img240,validation,2.22765389995,49.0222584,2.22677639995,2.22853139995,49.0213809,49.0231359
img894,validation,2.25924389994,49.0415634,2.25836639994,2.26012139994,49.0406859,49.0424409
img204,validation,2.222388899955,49.0310334,2.22151139996,2.22326639995,49.0301559,49.0319109
img1069,validation,2.26626389994,49.0327884,2.26538639994,2.26714139994,49.0319109,49.0336659
img627,validation,2.248713899945,49.046828399999995,2.24783639995,2.24959139994,49.0459509,49.0477059
img564,validation,2.24695889995,49.0152384,2.24608139995,2.24783639995,49.0143609,49.0161159
img1318,validation,2.27679389993,48.9976884,2.27591639993,2.27767139993,48.9968109,48.9985659
img584,validation,2.24695889995,49.0503384,2.24608139995,2.24783639995,49.0494609,49.0512159
img953,validation,2.26275389994,48.9836484,2.26187639994,2.26363139994,48.9827709,48.9845259
img1668,validation,2.28907889993,49.0398084,2.28820139993,2.28995639993,49.0389309,49.0406859
img643,validation,2.25046889994,48.9959334,2.24959139994,2.25134639994,48.9950559,48.9968109
img506,validation,2.24520389995,48.981893400000004,2.24432639995,2.24608139995,48.9810159,48.9827709
img1244,validation,2.273283899935,49.025768400000004,2.27240639994,2.27416139993,49.0248909,49.0266459
img561,validation,2.24695889995,49.0099734,2.24608139995,2.24783639995,49.0090959,49.0108509
img1304,validation,2.27503889993,49.052093400000004,2.27416139993,2.27591639993,49.0512159,49.0529709
img949,validation,2.2609988999399997,49.0573584,2.26012139994,2.26187639994,49.0564809,49.0582359
img156,validation,2.21712389996,49.0310334,2.21624639996,2.21800139996,49.0301559,49.0319109
img1449,validation,2.28205889993,48.985403399999996,2.28118139993,2.28293639993,48.9845259,48.9862809
img1480,validation,2.28205889993,49.0398084,2.28118139993,2.28293639993,49.0389309,49.0406859
img650,validation,2.25046889994,49.008218400000004,2.24959139994,2.25134639994,49.0073409,49.0090959
img1703,validation,2.29083389993,49.020503399999996,2.28995639993,2.29171139993,49.0196259,49.0213809
img1855,validation,2.29609889993,49.0450734,2.29522139993,2.29697639993,49.0441959,49.0459509
img74,validation,2.20483889996,49.0327884,2.20396139996,2.20571639996,49.0319109,49.0336659
img128,validation,2.21361389996,49.0327884,2.21273639996,2.21449139996,49.0319109,49.0336659
img99,validation,2.21010389996,49.0222584,2.20922639996,2.21098139996,49.0213809,49.0231359
img6,validation,2.1890438999699997,49.0485834,2.18816639997,2.18992139997,49.0477059,49.0494609
img709,validation,2.2522238999399997,49.0327884,2.25134639994,2.25310139994,49.0319109,49.0336659
img1857,validation,2.29609889993,49.0485834,2.29522139993,2.29697639993,49.0477059,49.0494609
img196,validation,2.222388899955,49.0152384,2.22151139996,2.22326639995,49.0143609,49.0161159
img789,validation,2.25573389994,49.0152384,2.25485639994,2.25661139994,49.0143609,49.0161159
img1902,validation,2.29960889992,49.038053399999995,2.29873139992,2.30048639992,49.0371759,49.0389309
img63,validation,2.20308389996,49.029278399999995,2.20220639996,2.20396139996,49.0284009,49.0301559
img1843,validation,2.29609889993,49.0240134,2.29522139993,2.29697639993,49.0231359,49.0248909
img923,validation,2.2609988999399997,49.011728399999996,2.26012139994,2.26187639994,49.0108509,49.0126059
img1846,validation,2.29609889993,49.029278399999995,2.29522139993,2.29697639993,49.0284009,49.0301559
img1599,validation,2.28732389993,49.0011984,2.28644639993,2.28820139993,49.0003209,49.0020759
img491,validation,2.2434488999499997,49.0327884,2.24257139995,2.24432639995,49.0319109,49.0336659
img182,validation,2.22063389996,49.0187484,2.21975639996,2.22151139996,49.0178709,49.0196259
img24,validation,2.1943088999700002,49.043318400000004,2.19343139997,2.19518639997,49.0424409,49.0441959
img356,validation,2.23642889995,49.0152384,2.23555139995,2.23730639995,49.0143609,49.0161159
img1648,validation,2.28907889993,49.0047084,2.28820139993,2.28995639993,49.0038309,49.0055859
img427,validation,2.2399388999500003,49.038053399999995,2.23906139995,2.24081639995,49.0371759,49.0389309
img8,validation,2.19079889997,49.0415634,2.18992139997,2.19167639997,49.0406859,49.0424409
img1016,validation,2.26450889994,49.016993400000004,2.26363139994,2.26538639994,49.0161159,49.0178709
img1491,validation,2.28381389993,48.976628399999996,2.28293639993,2.28469139993,48.9757509,48.9775059
img897,validation,2.25924389994,49.046828399999995,2.25836639994,2.26012139994,49.0459509,49.0477059
img1763,validation,2.29258889993,49.0450734,2.29171139993,2.29346639993,49.0441959,49.0459509
img209,validation,2.22414389995,49.011728399999996,2.22326639995,2.22502139995,49.0108509,49.0126059
img289,validation,2.2311638999500003,49.038053399999995,2.23028639995,2.23204139995,49.0371759,49.0389309
img1889,validation,2.297853899925,49.0415634,2.29697639993,2.29873139992,49.0406859,49.0424409
img298,validation,2.23291889995,49.0099734,2.23204139995,2.23379639995,49.0090959,49.0108509
img495,validation,2.2434488999499997,49.0398084,2.24257139995,2.24432639995,49.0389309,49.0406859
img1770,validation,2.29258889993,49.0573584,2.29171139993,2.29346639993,49.0564809,49.0582359
img1885,validation,2.297853899925,49.034543400000004,2.29697639993,2.29873139992,49.0336659,49.0354209
img1021,validation,2.26450889994,49.025768400000004,2.26363139994,2.26538639994,49.0248909,49.0266459
img1000,validation,2.26450889994,48.9889134,2.26363139994,2.26538639994,48.9880359,48.9897909
img160,validation,2.21712389996,49.038053399999995,2.21624639996,2.21800139996,49.0371759,49.0389309
img310,validation,2.23291889995,49.0310334,2.23204139995,2.23379639995,49.0301559,49.0319109
img1577,validation,2.28556889993,49.0450734,2.28469139993,2.28644639993,49.0441959,49.0459509
img1772,validation,2.29434389993,48.9801384,2.29346639993,2.29522139993,48.9792609,48.9810159
img838,validation,2.2574888999400002,49.0222584,2.25661139994,2.25836639994,49.0213809,49.0231359
img92,validation,2.20834889996,49.029278399999995,2.20747139996,2.20922639996,49.0284009,49.0301559
img322,validation,2.23291889995,49.052093400000004,2.23204139995,2.23379639995,49.0512159,49.0529709
img1457,validation,2.28205889993,48.999443400000004,2.28118139993,2.28293639993,48.9985659,49.0003209
img1307,validation,2.27503889993,49.0573584,2.27416139993,2.27591639993,49.0564809,49.0582359
img73,validation,2.20483889996,49.0310334,2.20396139996,2.20571639996,49.0301559,49.0319109
img343,validation,2.2346738999499998,49.0415634,2.23379639995,2.23555139995,49.0406859,49.0424409
img133,validation,2.21536889996,49.016993400000004,2.21449139996,2.21624639996,49.0161159,49.0178709
img743,validation,2.25397889994,49.0134834,2.25310139994,2.25485639994,49.0126059,49.0143609
img365,validation,2.23642889995,49.0310334,2.23555139995,2.23730639995,49.0301559,49.0319109
img1652,validation,2.28907889993,49.011728399999996,2.28820139993,2.28995639993,49.0108509,49.0126059
img1308,validation,2.27679389993,48.9801384,2.27591639993,2.27767139993,48.9792609,48.9810159
img123,validation,2.21361389996,49.0240134,2.21273639996,2.21449139996,49.0231359,49.0248909
img254,validation,2.22940889995,49.0187484,2.22853139995,2.23028639995,49.0178709,49.0196259
img1768,validation,2.29258889993,49.0538484,2.29171139993,2.29346639993,49.0529709,49.0547259
img690,validation,2.2522238999399997,48.999443400000004,2.25134639994,2.25310139994,48.9985659,49.0003209
img1025,validation,2.26450889994,49.0327884,2.26363139994,2.26538639994,49.0319109,49.0336659
img347,validation,2.2346738999499998,49.0485834,2.23379639995,2.23555139995,49.0477059,49.0494609
img1598,validation,2.28732389993,48.999443400000004,2.28644639993,2.28820139993,48.9985659,49.0003209
img975,validation,2.26275389994,49.0222584,2.26187639994,2.26363139994,49.0213809,49.0231359
img1011,validation,2.26450889994,49.008218400000004,2.26363139994,2.26538639994,49.0073409,49.0090959
img824,validation,2.2574888999400002,48.9976884,2.25661139994,2.25836639994,48.9968109,48.9985659
img1659,validation,2.28907889993,49.0240134,2.28820139993,2.28995639993,49.0231359,49.0248909
img847,validation,2.2574888999400002,49.038053399999995,2.25661139994,2.25836639994,49.0371759,49.0389309
img194,validation,2.222388899955,49.011728399999996,2.22151139996,2.22326639995,49.0108509,49.0126059
img679,validation,2.2522238999399997,48.9801384,2.25134639994,2.25310139994,48.9792609,48.9810159
img791,validation,2.25573389994,49.0187484,2.25485639994,2.25661139994,49.0178709,49.0196259
img1066,validation,2.26626389994,49.0275234,2.26538639994,2.26714139994,49.0266459,49.0284009
img1135,validation,2.26977389994,48.9924234,2.26889639994,2.27065139994,48.9915459,48.9933009
img380,validation,2.23642889995,49.0573584,2.23555139995,2.23730639995,49.0564809,49.0582359
img1682,validation,2.29083389993,48.9836484,2.28995639993,2.29171139993,48.9827709,48.9845259
img212,validation,2.22414389995,49.016993400000004,2.22326639995,2.22502139995,49.0161159,49.0178709
img443,validation,2.24169389995,49.0099734,2.24081639995,2.24257139995,49.0090959,49.0108509
img1093,test,2.26801889994,48.9976884,2.26714139994,2.26889639994,48.9968109,48.9985659
img1538,test,2.28556889993,48.976628399999996,2.28469139993,2.28644639993,48.9757509,48.9775059
img527,test,2.24520389995,49.0275234,2.24432639995,2.24608139995,49.0266459,49.0284009
img891,test,2.25924389994,49.0362984,2.25836639994,2.26012139994,49.0354209,49.0371759
img345,test,2.2346738999499998,49.0450734,2.23379639995,2.23555139995,49.0441959,49.0459509
img1595,test,2.28732389993,48.994178399999996,2.28644639993,2.28820139993,48.9933009,48.9950559
img608,test,2.248713899945,49.0134834,2.24783639995,2.24959139994,49.0126059,49.0143609
img494,test,2.2434488999499997,49.038053399999995,2.24257139995,2.24432639995,49.0371759,49.0389309
img707,test,2.2522238999399997,49.029278399999995,2.25134639994,2.25310139994,49.0284009,49.0301559
img1484,test,2.28205889993,49.046828399999995,2.28118139993,2.28293639993,49.0459509,49.0477059
img1534,test,2.28381389993,49.052093400000004,2.28293639993,2.28469139993,49.0512159,49.0529709
img1511,test,2.28381389993,49.011728399999996,2.28293639993,2.28469139993,49.0108509,49.0126059
img1235,test,2.273283899935,49.0099734,2.27240639994,2.27416139993,49.0090959,49.0108509
img681,test,2.2522238999399997,48.9836484,2.25134639994,2.25310139994,48.9827709,48.9845259
img844,test,2.2574888999400002,49.0327884,2.25661139994,2.25836639994,49.0319109,49.0336659
img1047,test,2.26626389994,48.994178399999996,2.26538639994,2.26714139994,48.9933009,48.9950559
img1601,test,2.28732389993,49.0047084,2.28644639993,2.28820139993,49.0038309,49.0055859
img1432,test,2.28030389993,49.038053399999995,2.27942639993,2.28118139993,49.0371759,49.0389309
img1179,test,2.27152889994,48.990668400000004,2.27065139994,2.27240639994,48.9897909,48.9915459
img1851,test,2.29609889993,49.038053399999995,2.29522139993,2.29697639993,49.0371759,49.0389309
img1451,test,2.28205889993,48.9889134,2.28118139993,2.28293639993,48.9880359,48.9897909
img1162,test,2.26977389994,49.0398084,2.26889639994,2.27065139994,49.0389309,49.0406859
img243,test,2.22765389995,49.0275234,2.22677639995,2.22853139995,49.0266459,49.0284009
img372,test,2.23642889995,49.043318400000004,2.23555139995,2.23730639995,49.0424409,49.0441959
img387,test,2.23818389995,49.0187484,2.23730639995,2.23906139995,49.0178709,49.0196259
img260,test,2.22940889995,49.029278399999995,2.22853139995,2.23028639995,49.0284009,49.0301559
img793,test,2.25573389994,49.0222584,2.25485639994,2.25661139994,49.0213809,49.0231359
img1223,test,2.273283899935,48.9889134,2.27240639994,2.27416139993,48.9880359,48.9897909
img1812,test,2.29434389993,49.0503384,2.29346639993,2.29522139993,49.0494609,49.0512159
img853,test,2.2574888999400002,49.0485834,2.25661139994,2.25836639994,49.0477059,49.0494609
img75,test,2.20483889996,49.034543400000004,2.20396139996,2.20571639996,49.0336659,49.0354209
img1278,test,2.27503889993,49.0064634,2.27416139993,2.27591639993,49.0055859,49.0073409
img1574,test,2.28556889993,49.0398084,2.28469139993,2.28644639993,49.0389309,49.0406859
img1036,test,2.26450889994,49.052093400000004,2.26363139994,2.26538639994,49.0512159,49.0529709
img109,test,2.21185889996,49.020503399999996,2.21098139996,2.21273639996,49.0196259,49.0213809
img913,test,2.2609988999399997,48.994178399999996,2.26012139994,2.26187639994,48.9933009,48.9950559
img867,test,2.25924389994,48.994178399999996,2.25836639994,2.26012139994,48.9933009,48.9950559
img1081,test,2.26626389994,49.0538484,2.26538639994,2.26714139994,49.0529709,49.0547259
img1620,test,2.28732389993,49.038053399999995,2.28644639993,2.28820139993,49.0371759,49.0389309
img1290,test,2.27503889993,49.0275234,2.27416139993,2.27591639993,49.0266459,49.0284009
img168,test,2.21887889996,49.0222584,2.21800139996,2.21975639996,49.0213809,49.0231359
img1629,test,2.28732389993,49.0538484,2.28644639993,2.28820139993,49.0529709,49.0547259
img317,test,2.23291889995,49.043318400000004,2.23204139995,2.23379639995,49.0424409,49.0441959
img1636,test,2.28907889993,48.9836484,2.28820139993,2.28995639993,48.9827709,48.9845259
img1727,test,2.29258889993,48.981893400000004,2.29171139993,2.29346639993,48.9810159,48.9827709
img1872,test,2.297853899925,49.011728399999996,2.29697639993,2.29873139992,49.0108509,49.0126059
img768,test,2.25397889994,49.0573584,2.25310139994,2.25485639994,49.0564809,49.0582359
img3,test,2.18728889997,49.0503384,2.18641139997,2.18816639997,49.0494609,49.0512159
img94,test,2.20834889996,49.0327884,2.20747139996,2.20922639996,49.0319109,49.0336659
img648,test,2.25046889994,49.0047084,2.24959139994,2.25134639994,49.0038309,49.0055859
img1331,test,2.27679389993,49.020503399999996,2.27591639993,2.27767139993,49.0196259,49.0213809
img1180,test,2.27152889994,48.9924234,2.27065139994,2.27240639994,48.9915459,48.9933009
img403,test,2.23818389995,49.046828399999995,2.23730639995,2.23906139995,49.0459509,49.0477059
img998,test,2.26450889994,48.985403399999996,2.26363139994,2.26538639994,48.9845259,48.9862809
img235,test,2.22765389995,49.0134834,2.22677639995,2.22853139995,49.0126059,49.0143609
img956,test,2.26275389994,48.9889134,2.26187639994,2.26363139994,48.9880359,48.9897909
img1013,test,2.26450889994,49.011728399999996,2.26363139994,2.26538639994,49.0108509,49.0126059
img760,test,2.25397889994,49.043318400000004,2.25310139994,2.25485639994,49.0424409,49.0441959
img1544,test,2.28556889993,48.9871584,2.28469139993,2.28644639993,48.9862809,48.9880359
img1807,test,2.29434389993,49.0415634,2.29346639993,2.29522139993,49.0406859,49.0424409
img833,test,2.2574888999400002,49.0134834,2.25661139994,2.25836639994,49.0126059,49.0143609
img174,test,2.21887889996,49.0327884,2.21800139996,2.21975639996,49.0319109,49.0336659
img1592,test,2.28732389993,48.9889134,2.28644639993,2.28820139993,48.9880359,48.9897909
img1496,test,2.28381389993,48.985403399999996,2.28293639993,2.28469139993,48.9845259,48.9862809
img339,test,2.2346738999499998,49.034543400000004,2.23379639995,2.23555139995,49.0336659,49.0354209
img191,test,2.22063389996,49.034543400000004,2.21975639996,2.22151139996,49.0336659,49.0354209
img933,test,2.2609988999399997,49.029278399999995,2.26012139994,2.26187639994,49.0284009,49.0301559
img1142,test,2.26977389994,49.0047084,2.26889639994,2.27065139994,49.0038309,49.0055859
img638,test,2.25046889994,48.9871584,2.24959139994,2.25134639994,48.9862809,48.9880359
img390,test,2.23818389995,49.0240134,2.23730639995,2.23906139995,49.0231359,49.0248909
img118,test,2.21185889996,49.0362984,2.21098139996,2.21273639996,49.0354209,49.0371759
img241,test,2.22765389995,49.0240134,2.22677639995,2.22853139995,49.0231359,49.0248909
img980,test,2.26275389994,49.0310334,2.26187639994,2.26363139994,49.0301559,49.0319109
img1454,test,2.28205889993,48.994178399999996,2.28118139993,2.28293639993,48.9933009,48.9950559
img1461,test,2.28205889993,49.0064634,2.28118139993,2.28293639993,49.0055859,49.0073409
img1071,test,2.26626389994,49.0362984,2.26538639994,2.26714139994,49.0354209,49.0371759
img1509,test,2.28381389993,49.008218400000004,2.28293639993,2.28469139993,49.0073409,49.0090959
img1256,test,2.273283899935,49.046828399999995,2.27240639994,2.27416139993,49.0459509,49.0477059
img780,test,2.25573389994,48.999443400000004,2.25485639994,2.25661139994,48.9985659,49.0003209
img960,test,2.26275389994,48.9959334,2.26187639994,2.26363139994,48.9950559,48.9968109
img555,test,2.24695889995,48.999443400000004,2.24608139995,2.24783639995,48.9985659,49.0003209
img332,test,2.2346738999499998,49.0222584,2.23379639995,2.23555139995,49.0213809,49.0231359
img703,test,2.2522238999399997,49.0222584,2.25134639994,2.25310139994,49.0213809,49.0231359
img1170,test,2.26977389994,49.0538484,2.26889639994,2.27065139994,49.0529709,49.0547259
img1486,test,2.28205889993,49.0503384,2.28118139993,2.28293639993,49.0494609,49.0512159
img455,test,2.24169389995,49.0310334,2.24081639995,2.24257139995,49.0301559,49.0319109
img453,test,2.24169389995,49.0275234,2.24081639995,2.24257139995,49.0266459,49.0284009
img1334,test,2.27679389993,49.025768400000004,2.27591639993,2.27767139993,49.0248909,49.0266459
img994,test,2.26275389994,49.055603399999995,2.26187639994,2.26363139994,49.0547259,49.0564809
img88,test,2.20834889996,49.0222584,2.20747139996,2.20922639996,49.0213809,49.0231359
img137,test,2.21536889996,49.0240134,2.21449139996,2.21624639996,49.0231359,49.0248909
img1201,test,2.27152889994,49.029278399999995,2.27065139994,2.27240639994,49.0284009,49.0301559
img641,test,2.25046889994,48.9924234,2.24959139994,2.25134639994,48.9915459,48.9933009
img502,test,2.2434488999499997,49.052093400000004,2.24257139995,2.24432639995,49.0512159,49.0529709
img510,test,2.24520389995,48.9889134,2.24432639995,2.24608139995,48.9880359,48.9897909
img693,test,2.2522238999399997,49.0047084,2.25134639994,2.25310139994,49.0038309,49.0055859
img1754,test,2.29258889993,49.029278399999995,2.29171139993,2.29346639993,49.0284009,49.0301559
img304,test,2.23291889995,49.020503399999996,2.23204139995,2.23379639995,49.0196259,49.0213809
img710,test,2.2522238999399997,49.034543400000004,2.25134639994,2.25310139994,49.0336659,49.0354209
img716,test,2.2522238999399997,49.0450734,2.25134639994,2.25310139994,49.0441959,49.0459509
img907,test,2.2609988999399997,48.9836484,2.26012139994,2.26187639994,48.9827709,48.9845259
img1670,test,2.28907889993,49.043318400000004,2.28820139993,2.28995639993,49.0424409,49.0441959
img571,test,2.24695889995,49.0275234,2.24608139995,2.24783639995,49.0266459,49.0284009
img1164,test,2.26977389994,49.043318400000004,2.26889639994,2.27065139994,49.0424409,49.0441959
img1700,test,2.29083389993,49.0152384,2.28995639993,2.29171139993,49.0143609,49.0161159
img367,test,2.23642889995,49.034543400000004,2.23555139995,2.23730639995,49.0336659,49.0354209
img1296,test,2.27503889993,49.038053399999995,2.27416139993,2.27591639993,49.0371759,49.0389309
img90,test,2.20834889996,49.025768400000004,2.20747139996,2.20922639996,49.0248909,49.0266459
img1196,test,2.27152889994,49.020503399999996,2.27065139994,2.27240639994,49.0196259,49.0213809
img50,test,2.19957389996,49.038053399999995,2.19869639996,2.20045139996,49.0371759,49.0389309
img1815,test,2.29434389993,49.055603399999995,2.29346639993,2.29522139993,49.0547259,49.0564809
img653,test,2.25046889994,49.0134834,2.24959139994,2.25134639994,49.0126059,49.0143609
img56,test,2.20132889996,49.0327884,2.20045139996,2.20220639996,49.0319109,49.0336659
img1400,test,2.28030389993,48.981893400000004,2.27942639993,2.28118139993,48.9810159,48.9827709
img674,test,2.25046889994,49.0503384,2.24959139994,2.25134639994,49.0494609,49.0512159
img1337,test,2.27679389993,49.0310334,2.27591639993,2.27767139993,49.0301559,49.0319109
img1621,test,2.28732389993,49.0398084,2.28644639993,2.28820139993,49.0389309,49.0406859
img1908,test,2.29960889992,49.0485834,2.29873139992,2.30048639992,49.0477059,49.0494609
img1446,test,2.28205889993,48.9801384,2.28118139993,2.28293639993,48.9792609,48.9810159
img1873,test,2.297853899925,49.0134834,2.29697639993,2.29873139992,49.0126059,49.0143609
img197,test,2.222388899955,49.016993400000004,2.22151139996,2.22326639995,49.0161159,49.0178709
img1713,test,2.29083389993,49.038053399999995,2.28995639993,2.29171139993,49.0371759,49.0389309
img1633,test,2.28907889993,48.9783834,2.28820139993,2.28995639993,48.9775059,48.9792609
img1623,test,2.28732389993,49.043318400000004,2.28644639993,2.28820139993,49.0424409,49.0441959
img385,test,2.23818389995,49.0152384,2.23730639995,2.23906139995,49.0143609,49.0161159
img850,test,2.2574888999400002,49.043318400000004,2.25661139994,2.25836639994,49.0424409,49.0441959
img944,test,2.2609988999399997,49.0485834,2.26012139994,2.26187639994,49.0477059,49.0494609
img1086,test,2.26801889994,48.985403399999996,2.26714139994,2.26889639994,48.9845259,48.9862809
img283,test,2.2311638999500003,49.0275234,2.23028639995,2.23204139995,49.0266459,49.0284009
img651,test,2.25046889994,49.0099734,2.24959139994,2.25134639994,49.0090959,49.0108509
img845,test,2.2574888999400002,49.034543400000004,2.25661139994,2.25836639994,49.0336659,49.0354209
img652,test,2.25046889994,49.011728399999996,2.24959139994,2.25134639994,49.0108509,49.0126059
img1092,test,2.26801889994,48.9959334,2.26714139994,2.26889639994,48.9950559,48.9968109
img40,test,2.197818899965,49.0362984,2.19694139997,2.19869639996,49.0354209,49.0371759
img792,test,2.25573389994,49.020503399999996,2.25485639994,2.25661139994,49.0196259,49.0213809
img1270,test,2.27503889993,48.9924234,2.27416139993,2.27591639993,48.9915459,48.9933009
img351,test,2.2346738999499998,49.055603399999995,2.23379639995,2.23555139995,49.0547259,49.0564809
img1393,test,2.27854889993,49.0503384,2.27767139993,2.27942639993,49.0494609,49.0512159
img1052,test,2.26626389994,49.002953399999996,2.26538639994,2.26714139994,49.0020759,49.0038309
img1800,test,2.29434389993,49.029278399999995,2.29346639993,2.29522139993,49.0284009,49.0301559
img1039,test,2.26450889994,49.0573584,2.26363139994,2.26538639994,49.0564809,49.0582359
img1845,test,2.29609889993,49.0275234,2.29522139993,2.29697639993,49.0266459,49.0284009
img1619,test,2.28732389993,49.0362984,2.28644639993,2.28820139993,49.0354209,49.0371759
img305,test,2.23291889995,49.0222584,2.23204139995,2.23379639995,49.0213809,49.0231359
img969,test,2.26275389994,49.011728399999996,2.26187639994,2.26363139994,49.0108509,49.0126059
img46,test,2.19957389996,49.0310334,2.19869639996,2.20045139996,49.0301559,49.0319109
img863,test,2.25924389994,48.9871584,2.25836639994,2.26012139994,48.9862809,48.9880359
img1526,test,2.28381389993,49.038053399999995,2.28293639993,2.28469139993,49.0371759,49.0389309
img1070,test,2.26626389994,49.034543400000004,2.26538639994,2.26714139994,49.0336659,49.0354209
img373,test,2.23642889995,49.0450734,2.23555139995,2.23730639995,49.0441959,49.0459509
img392,test,2.23818389995,49.0275234,2.23730639995,2.23906139995,49.0266459,49.0284009
img1117,test,2.26801889994,49.0398084,2.26714139994,2.26889639994,49.0389309,49.0406859
img434,test,2.2399388999500003,49.0503384,2.23906139995,2.24081639995,49.0494609,49.0512159
img1245,test,2.273283899935,49.0275234,2.27240639994,2.27416139993,49.0266459,49.0284009
img816,test,2.2574888999400002,48.9836484,2.25661139994,2.25836639994,48.9827709,48.9845259
img1010,test,2.26450889994,49.0064634,2.26363139994,2.26538639994,49.0055859,49.0073409
img1172,test,2.26977389994,49.0573584,2.26889639994,2.27065139994,49.0564809,49.0582359
img1420,test,2.28030389993,49.016993400000004,2.27942639993,2.28118139993,49.0161159,49.0178709
img990,test,2.26275389994,49.0485834,2.26187639994,2.26363139994,49.0477059,49.0494609
img206,test,2.222388899955,49.034543400000004,2.22151139996,2.22326639995,49.0336659,49.0354209
img1459,test,2.28205889993,49.002953399999996,2.28118139993,2.28293639993,49.0020759,49.0038309
img1425,test,2.28030389993,49.025768400000004,2.27942639993,2.28118139993,49.0248909,49.0266459
img512,test,2.24520389995,48.9924234,2.24432639995,2.24608139995,48.9915459,48.9933009
img1735,test,2.29258889993,48.9959334,2.29171139993,2.29346639993,48.9950559,48.9968109
img328,test,2.2346738999499998,49.0152384,2.23379639995,2.23555139995,49.0143609,49.0161159
img1897,test,2.297853899925,49.055603399999995,2.29697639993,2.29873139992,49.0547259,49.0564809
img1289,test,2.27503889993,49.025768400000004,2.27416139993,2.27591639993,49.0248909,49.0266459
img1230,test,2.273283899935,49.0011984,2.27240639994,2.27416139993,49.0003209,49.0020759
img1540,test,2.28556889993,48.9801384,2.28469139993,2.28644639993,48.9792609,48.9810159
img628,test,2.248713899945,49.0485834,2.24783639995,2.24959139994,49.0477059,49.0494609
img691,test,2.2522238999399997,49.0011984,2.25134639994,2.25310139994,49.0003209,49.0020759
img478,test,2.2434488999499997,49.0099734,2.24257139995,2.24432639995,49.0090959,49.0108509
img1342,test,2.27679389993,49.0398084,2.27591639993,2.27767139993,49.0389309,49.0406859
